// Generated by tools/ttf2c.py from Roboto (SIL OFL 1.1) and Tabler Icons (MIT), do not edit.

#pragma once

#include <stdint.h>

typedef struct {
    uint8_t width;
    uint16_t offset;
} aa_glyph_t;

typedef struct {
    uint8_t height;
    uint8_t cell_w;     // widest digit, for fields with fixed character cells
    const char *chars;
    const aa_glyph_t *glyphs;
    const uint8_t *data;
} aa_font_t;

#define ICON_MENU       'm'
#define ICON_HOME       'h'
#define ICON_UNLOCK     'u'
#define ICON_CROSSHAIR  'x'
#define ICON_ZERO_Z     'z'
#define ICON_PAUSE      'p'
#define ICON_PLAY       'r'
#define ICON_FLAME      'f'
#define ICON_FILE       'd'
#define ICON_CHECK      'c'
#define ICON_ALERT      'a'
#define ICON_STOP       's'
#define ICON_CLOCK      'w'
#define ICON_DOOR       'o'
#define ICON_TOOL       't'
#define ICON_SLEEP      'q'
#define ICON_SEARCH     'k'
#define ICON_BACK       'b'
#define ICON_AXIS_X     'i'
#define ICON_AXIS_Y     'j'
#define ICON_ZERO_ALL   'l'
#define ICON_SETTINGS   'g'
#define ICON_SD_CARD    'e'
#define ICON_TOUCH      'n'
#define ICON_MODE       'v'

static const uint8_t aa_small_data[] = { // height 9, 15 glyphs, 522 bytes
    0x00, 0x00, 0x00, 0x00, 0x00, 0x00, 0x00, 0x00, 0x00, 0x00, 0x00, 0x00, 0x00, 0x00, 0x00, 0x00, 0x00, 0x00, 0x00, 0x00, 0x00, 0x00, 0x00, 0x00,
    0x00, 0x00, 0x00, 0x00, 0xBE, 0xE5, 0x00, 0x00, 0x00, 0x00, 0x00, 0x00, 0x00, 0x00, 0x00, 0x00, 0x00, 0x00, 0x00, 0x00, 0x00, 0x00, 0x00, 0x00,
    0x00, 0x00, 0x04, 0x10, 0x0D, 0x40, 0x03, 0xBE, 0xD5, 0x00, 0x0D, 0x80, 0x4E, 0x20, 0x2F, 0x10, 0x0B, 0x60, 0x4E, 0x00, 0x09, 0x80, 0x4E, 0x00,
    0x09, 0x80, 0x4E, 0x00, 0x09, 0x80, 0x2F, 0x10, 0x0B, 0x70, 0x0C, 0x80, 0x4F, 0x20, 0x02, 0xCE, 0xD5, 0x00, 0x00, 0x4A, 0x90, 0x00, 0x0D, 0xBC,
    0x90, 0x00, 0x01, 0x08, 0x90, 0x00, 0x00, 0x08, 0x90, 0x00, 0x00, 0x08, 0x90, 0x00, 0x00, 0x08, 0x90, 0x00, 0x00, 0x08, 0x90, 0x00, 0x00, 0x08,
    0x90, 0x00, 0x00, 0x08, 0x90, 0x00, 0x04, 0xCF, 0xD6, 0x00, 0x1E, 0x60, 0x4F, 0x30, 0x5D, 0x00, 0x0D, 0x50, 0x00, 0x00, 0x2E, 0x20, 0x00, 0x00,
    0xC7, 0x00, 0x00, 0x0B, 0x90, 0x00, 0x00, 0xAA, 0x00, 0x00, 0x09, 0xA0, 0x00, 0x00, 0x3F, 0xFF, 0xFF, 0xC0, 0x03, 0xCF, 0xD5, 0x00, 0x0D, 0x71,
    0x5F, 0x20, 0x4E, 0x00, 0x0E, 0x40, 0x00, 0x00, 0x5E, 0x10, 0x00, 0xBF, 0xF5, 0x00, 0x00, 0x01, 0x5E, 0x30, 0x5D, 0x00, 0x0C, 0x60, 0x1E, 0x60,
    0x3E, 0x30, 0x03, 0xCE, 0xD6, 0x00, 0x00, 0x00, 0xFD, 0x00, 0x00, 0x08, 0xFB, 0x00, 0x00, 0x3D, 0x8B, 0x00, 0x00, 0xC5, 0x7B, 0x00, 0x07, 0xA0,
    0x7B, 0x00, 0x2D, 0x10, 0x7B, 0x00, 0x9F, 0xFF, 0xFF, 0xF0, 0x00, 0x00, 0x7B, 0x00, 0x00, 0x00, 0x7B, 0x00, 0x04, 0xFF, 0xFF, 0x80, 0x06, 0xB1,
    0x11, 0x10, 0x07, 0x90, 0x00, 0x00, 0x09, 0xDE, 0xE8, 0x00, 0x05, 0x71, 0x4E, 0x60, 0x00, 0x00, 0x07, 0xB0, 0x0E, 0x30, 0x07, 0xB0, 0x09, 0xB1,
    0x2D, 0x60, 0x01, 0x9E, 0xD8, 0x00, 0x00, 0x3B, 0xE6, 0x00, 0x03, 0xE7, 0x10, 0x00, 0x0B, 0x70, 0x00, 0x00, 0x0F, 0xAE, 0xE8, 0x00, 0x2F, 0xA1,
    0x3E, 0x50, 0x2F, 0x10, 0x09, 0x90, 0x0F, 0x30, 0x08, 0x90, 0x09, 0xA1, 0x2E, 0x50, 0x01, 0xAE, 0xD7, 0x00, 0x7F, 0xFF, 0xFF, 0xB0, 0x00, 0x00,
    0x0B, 0x50, 0x00, 0x00, 0x3D, 0x00, 0x00, 0x00, 0xB7, 0x00, 0x00, 0x03, 0xE1, 0x00, 0x00, 0x0A, 0x80, 0x00, 0x00, 0x2E, 0x10, 0x00, 0x00, 0x99,
    0x00, 0x00, 0x02, 0xF2, 0x00, 0x00, 0x03, 0xCF, 0xD6, 0x00, 0x0D, 0x81, 0x4F, 0x20, 0x1F, 0x20, 0x0D, 0x50, 0x0C, 0x80, 0x4E, 0x20, 0x02, 0xFF,
    0xF7, 0x00, 0x1D, 0x71, 0x4E, 0x40, 0x3E, 0x00, 0x0A, 0x80, 0x1F, 0x50, 0x3D, 0x60, 0x04, 0xCF, 0xD7, 0x00, 0x03, 0xCE, 0xC3, 0x00, 0x1E, 0x61,
    0x7E, 0x00, 0x4D, 0x00, 0x0D, 0x40, 0x4D, 0x00, 0x0F, 0x60, 0x1E, 0x60, 0x5F, 0x60, 0x04, 0xDE, 0x9C, 0x50, 0x00, 0x00, 0x2E, 0x10, 0x00, 0x03,
    0xC8, 0x00, 0x01, 0xFC, 0x70, 0x00, 0x0F, 0xF0, 0x00, 0x00, 0x8F, 0x40, 0x0E, 0xF4, 0x00, 0x00, 0xDF, 0x40, 0x0E, 0xBA, 0x00, 0x05, 0xDD, 0x40,
    0x0E, 0x5F, 0x20, 0x0B, 0x6D, 0x40, 0x0E, 0x4A, 0x70, 0x2E, 0x1E, 0x40, 0x0E, 0x44, 0xD0, 0x99, 0x0E, 0x40, 0x0E, 0x40, 0xD5, 0xE3, 0x0E, 0x40,
    0x0E, 0x40, 0x6E, 0xB0, 0x0E, 0x40, 0x0E, 0x40, 0x1E, 0x50, 0x0E, 0x40, 0x00, 0x00, 0x00, 0x00, 0x00, 0x00, 0x00, 0x00, 0x00, 0x00, 0x00, 0x00,
    0x2F, 0x7D, 0xE7, 0x5D, 0xEA, 0x00, 0x2F, 0x81, 0x5F, 0xD1, 0x2D, 0x50, 0x2F, 0x10, 0x0F, 0x70, 0x0A, 0x70, 0x2F, 0x10, 0x0D, 0x40, 0x0A, 0x80,
    0x2F, 0x10, 0x0D, 0x40, 0x0A, 0x80, 0x2F, 0x10, 0x0D, 0x40, 0x0A, 0x80, 0x2F, 0x10, 0x0D, 0x40, 0x0A, 0x80,
};

static const aa_glyph_t aa_small_glyphs[] = {
    { 3, 0 }, // ' '
    { 4, 18 }, // '-'
    { 3, 36 }, // '.'
    { 7, 54 }, // '0'
    { 7, 90 }, // '1'
    { 7, 126 }, // '2'
    { 7, 162 }, // '3'
    { 7, 198 }, // '4'
    { 7, 234 }, // '5'
    { 7, 270 }, // '6'
    { 7, 306 }, // '7'
    { 7, 342 }, // '8'
    { 7, 378 }, // '9'
    { 11, 414 }, // 'M'
    { 11, 468 }, // 'm'
};

static const aa_font_t aa_small = { 9, 7, " -.0123456789Mm", aa_small_glyphs, aa_small_data };

static const uint8_t aa_label_data[] = { // height 18, 95 glyphs, 7470 bytes
    0x00, 0x00, 0x00, 0x00, 0x00, 0x00, 0x00, 0x00, 0x00, 0x00, 0x00, 0x00, 0x00, 0x00, 0x00, 0x00, 0x00, 0x00, 0x00, 0x00, 0x00, 0x00, 0x00, 0x00,
    0x00, 0x00, 0x00, 0x00, 0x00, 0x00, 0x00, 0x00, 0x00, 0x00, 0x00, 0x00, 0x00, 0x00, 0x00, 0x00, 0x0D, 0xF2, 0x0C, 0xF2, 0x0C, 0xF1, 0x0C, 0xF1,
    0x0B, 0xF1, 0x0B, 0xF0, 0x0B, 0xF0, 0x0A, 0xF0, 0x0A, 0xE0, 0x00, 0x00, 0x0A, 0xE2, 0x0A, 0xE2, 0x00, 0x00, 0x00, 0x00, 0x00, 0x00, 0x00, 0x00,
    0x00, 0x00, 0x00, 0x00, 0x00, 0x00, 0x4F, 0x2E, 0x70, 0x4F, 0x1E, 0x60, 0x4F, 0x0E, 0x50, 0x4D, 0x0E, 0x30, 0x00, 0x00, 0x00, 0x00, 0x00, 0x00,
    0x00, 0x00, 0x00, 0x00, 0x00, 0x00, 0x00, 0x00, 0x00, 0x00, 0x00, 0x00, 0x00, 0x00, 0x00, 0x00, 0x00, 0x00, 0x00, 0x00, 0x00, 0x00, 0x00, 0x00,
    0x00, 0x00, 0x00, 0x00, 0x00, 0x00, 0x00, 0x00, 0x00, 0x00, 0x00, 0x00, 0x00, 0x00, 0x00, 0x00, 0x00, 0x01, 0xF3, 0x1F, 0x40, 0x00, 0x04, 0xF0,
    0x3F, 0x10, 0x00, 0x07, 0xD0, 0x6D, 0x00, 0x02, 0x3D, 0xD3, 0xCE, 0x31, 0x0B, 0xFF, 0xFF, 0xFF, 0xF6, 0x00, 0x0E, 0x50, 0xE5, 0x00, 0x00, 0x2F,
    0x21, 0xF3, 0x00, 0x5F, 0xFF, 0xFF, 0xFF, 0xC0, 0x13, 0xAF, 0x3A, 0xF3, 0x20, 0x00, 0xA9, 0x09, 0xA0, 0x00, 0x00, 0xD7, 0x0C, 0x70, 0x00, 0x00,
    0xF4, 0x0E, 0x50, 0x00, 0x00, 0x00, 0x00, 0x00, 0x00, 0x00, 0x00, 0x00, 0x00, 0x00, 0x00, 0x00, 0x00, 0x00, 0x00, 0x00, 0x00, 0x00, 0x00, 0x00,
    0x00, 0x00, 0xC6, 0x00, 0x00, 0x00, 0x00, 0xC6, 0x00, 0x00, 0x00, 0x5C, 0xFF, 0x80, 0x00, 0x04, 0xFE, 0x9C, 0xF8, 0x00, 0x0A, 0xF4, 0x01, 0xEF,
    0x10, 0x0B, 0xF2, 0x00, 0xAF, 0x30, 0x08, 0xFB, 0x10, 0x00, 0x00, 0x01, 0xCF, 0xE9, 0x20, 0x00, 0x00, 0x06, 0xCF, 0xF5, 0x00, 0x00, 0x00, 0x05,
    0xFF, 0x10, 0x3F, 0xB0, 0x00, 0xAF, 0x40, 0x1E, 0xE1, 0x00, 0xCF, 0x30, 0x08, 0xFD, 0x9C, 0xFC, 0x00, 0x00, 0x7D, 0xFF, 0x91, 0x00, 0x00, 0x00,
    0xE4, 0x00, 0x00, 0x00, 0x00, 0xE4, 0x00, 0x00, 0x00, 0x00, 0x00, 0x00, 0x00, 0x00, 0x00, 0x00, 0x00, 0x00, 0x00, 0x00, 0x00, 0x00, 0x00, 0x00,
    0x00, 0x00, 0x00, 0x00, 0x00, 0x00, 0x05, 0xDE, 0xA0, 0x00, 0x00, 0x00, 0x1F, 0x73, 0xE7, 0x01, 0x80, 0x00, 0x3F, 0x20, 0xB9, 0x09, 0xB0, 0x00,
    0x1F, 0x73, 0xE7, 0x3E, 0x20, 0x00, 0x05, 0xDE, 0x90, 0xC8, 0x00, 0x00, 0x00, 0x00, 0x06, 0xD1, 0x00, 0x00, 0x00, 0x00, 0x1E, 0x50, 0x00, 0x00,
    0x00, 0x00, 0x9B, 0x1B, 0xFD, 0x30, 0x00, 0x03, 0xE2, 0x9D, 0x39, 0xE0, 0x00, 0x0C, 0x70, 0xB9, 0x03, 0xF1, 0x00, 0x2B, 0x00, 0x9D, 0x38, 0xE0,
    0x00, 0x00, 0x00, 0x1B, 0xFD, 0x40, 0x00, 0x00, 0x00, 0x00, 0x00, 0x00, 0x00, 0x00, 0x00, 0x00, 0x00, 0x00, 0x00, 0x00, 0x00, 0x00, 0x00, 0x00,
    0x00, 0x00, 0x00, 0x00, 0x00, 0x00, 0x00, 0x00, 0x00, 0x00, 0x00, 0x00, 0x00, 0x00, 0x00, 0x00, 0x00, 0x4C, 0xFD, 0x50, 0x00, 0x01, 0xEE, 0x8D,
    0xF2, 0x00, 0x05, 0xF7, 0x04, 0xF5, 0x00, 0x04, 0xF8, 0x08, 0xF3, 0x00, 0x00, 0xDF, 0xCF, 0x80, 0x00, 0x00, 0x7F, 0xF7, 0x00, 0x00, 0x05, 0xFF,
    0xFA, 0x03, 0xF6, 0x1E, 0xE1, 0xAF, 0x76, 0xF5, 0x4F, 0x90, 0x1C, 0xFF, 0xE1, 0x3F, 0xC0, 0x02, 0xFF, 0xA0, 0x0C, 0xFC, 0x8B, 0xFF, 0xD1, 0x01,
    0x9E, 0xFD, 0x77, 0xFB, 0x00, 0x00, 0x00, 0x00, 0x00, 0x00, 0x00, 0x00, 0x00, 0x00, 0x00, 0x00, 0x00, 0x00, 0x00, 0x00, 0x00, 0x00, 0x00, 0x00,
    0x00, 0x00, 0x00, 0x00, 0x5F, 0x10, 0x5F, 0x10, 0x5F, 0x00, 0x5E, 0x00, 0x00, 0x00, 0x00, 0x00, 0x00, 0x00, 0x00, 0x00, 0x00, 0x00, 0x00, 0x00,
    0x00, 0x00, 0x00, 0x00, 0x00, 0x00, 0x00, 0x00, 0x00, 0x00, 0x00, 0x00, 0x00, 0x00, 0x00, 0x00, 0x01, 0xB1, 0x00, 0x0C, 0xC1, 0x00, 0x8E, 0x20,
    0x01, 0xE8, 0x00, 0x06, 0xF3, 0x00, 0x0A, 0xE0, 0x00, 0x0D, 0xC0, 0x00, 0x0E, 0xB0, 0x00, 0x0F, 0xA0, 0x00, 0x0E, 0xB0, 0x00, 0x0D, 0xC0, 0x00,
    0x0A, 0xE0, 0x00, 0x06, 0xF3, 0x00, 0x01, 0xE8, 0x00, 0x00, 0x8E, 0x20, 0x00, 0x0C, 0xC1, 0x00, 0x01, 0xB1, 0x00, 0x00, 0x00, 0x76, 0x00, 0x00,
    0x4F, 0x60, 0x00, 0x08, 0xE2, 0x00, 0x01, 0xF9, 0x00, 0x00, 0xAE, 0x00, 0x00, 0x7F, 0x40, 0x00, 0x4F, 0x70, 0x00, 0x3F, 0x80, 0x00, 0x2F, 0x90,
    0x00, 0x3F, 0x80, 0x00, 0x4F, 0x70, 0x00, 0x6F, 0x40, 0x00, 0xAE, 0x00, 0x01, 0xE9, 0x00, 0x08, 0xE2, 0x00, 0x5F, 0x60, 0x00, 0x76, 0x00, 0x00,
    0x00, 0x00, 0x00, 0x00, 0x00, 0x00, 0x00, 0x00, 0x00, 0x1F, 0x40, 0x00, 0x00, 0x0F, 0x30, 0x00, 0x8C, 0x6F, 0x7A, 0xA0, 0x39, 0xDF, 0xEA, 0x50,
    0x00, 0xCE, 0xC0, 0x00, 0x08, 0xE2, 0xD9, 0x00, 0x07, 0x60, 0x59, 0x00, 0x00, 0x00, 0x00, 0x00, 0x00, 0x00, 0x00, 0x00, 0x00, 0x00, 0x00, 0x00,
    0x00, 0x00, 0x00, 0x00, 0x00, 0x00, 0x00, 0x00, 0x00, 0x00, 0x00, 0x00, 0x00, 0x00, 0x00, 0x00, 0x00, 0x00, 0x00, 0x00, 0x00, 0x00, 0x00, 0x00,
    0x00, 0x00, 0x00, 0x00, 0x00, 0x00, 0x00, 0x00, 0x00, 0x00, 0x00, 0x00, 0x00, 0x00, 0x00, 0x00, 0x00, 0x00, 0x00, 0x00, 0x00, 0x07, 0xF5, 0x00,
    0x00, 0x00, 0x07, 0xF5, 0x00, 0x00, 0x00, 0x07, 0xF5, 0x00, 0x00, 0x5A, 0xAF, 0xFF, 0xAA, 0x30, 0x7F, 0xFF, 0xFF, 0xFF, 0x50, 0x00, 0x07, 0xF5,
    0x00, 0x00, 0x00, 0x07, 0xF5, 0x00, 0x00, 0x00, 0x07, 0xF5, 0x00, 0x00, 0x00, 0x00, 0x00, 0x00, 0x00, 0x00, 0x00, 0x00, 0x00, 0x00, 0x00, 0x00,
    0x00, 0x00, 0x00, 0x00, 0x00, 0x00, 0x00, 0x00, 0x00, 0x00, 0x00, 0x00, 0x00, 0x00, 0x00, 0x00, 0x00, 0x00, 0x00, 0x00, 0x00, 0x00, 0x00, 0x00,
    0x00, 0x00, 0x00, 0x00, 0x00, 0x00, 0x00, 0x00, 0x00, 0x00, 0x00, 0x00, 0x00, 0x00, 0x00, 0x00, 0x00, 0x00, 0x0E, 0xB0, 0x0F, 0xA0, 0x3F, 0x60,
    0x6B, 0x00, 0x00, 0x00, 0x00, 0x00, 0x00, 0x00, 0x00, 0x00, 0x00, 0x00, 0x00, 0x00, 0x00, 0x00, 0x00, 0x00, 0x00, 0x00, 0x00, 0x00, 0x00, 0x00,
    0x00, 0x00, 0x00, 0x00, 0x00, 0x00, 0x38, 0x88, 0x60, 0x6F, 0xFF, 0xC0, 0x00, 0x00, 0x00, 0x00, 0x00, 0x00, 0x00, 0x00, 0x00, 0x00, 0x00, 0x00,
    0x00, 0x00, 0x00, 0x00, 0x00, 0x00, 0x00, 0x00, 0x00, 0x00, 0x00, 0x00, 0x00, 0x00, 0x00, 0x00, 0x00, 0x00, 0x00, 0x00, 0x00, 0x00, 0x00, 0x00,
    0x00, 0x00, 0x00, 0x00, 0x00, 0x00, 0x00, 0x00, 0x00, 0x00, 0x00, 0x00, 0x0C, 0xE2, 0x0B, 0xE1, 0x00, 0x00, 0x00, 0x00, 0x00, 0x00, 0x00, 0x00,
    0x00, 0x00, 0x00, 0x00, 0x00, 0x00, 0x00, 0x00, 0xBB, 0x00, 0x01, 0xF6, 0x00, 0x06, 0xF1, 0x00, 0x0B, 0xB0, 0x00, 0x2F, 0x60, 0x00, 0x7F, 0x10,
    0x00, 0xCB, 0x00, 0x02, 0xF5, 0x00, 0x07, 0xF1, 0x00, 0x0C, 0xA0, 0x00, 0x2F, 0x50, 0x00, 0x7E, 0x10, 0x00, 0xCA, 0x00, 0x00, 0x00, 0x00, 0x00,
    0x00, 0x00, 0x00, 0x00, 0x00, 0x00, 0x00, 0x00, 0x00, 0x00, 0x00, 0x00, 0x00, 0x00, 0x00, 0x00, 0x00, 0x6D, 0xFD, 0x70, 0x00, 0x06, 0xFD, 0x8C,
    0xF7, 0x00, 0x0D, 0xF2, 0x01, 0xED, 0x00, 0x1F, 0xC0, 0x00, 0xBF, 0x20, 0x2F, 0xB0, 0x00, 0x9F, 0x40, 0x3F, 0xB0, 0x00, 0x9F, 0x40, 0x3F, 0xB0,
    0x00, 0x9F, 0x40, 0x2F, 0xB0, 0x00, 0xAF, 0x40, 0x1F, 0xC0, 0x00, 0xBF, 0x20, 0x0C, 0xF2, 0x01, 0xEE, 0x00, 0x05, 0xFD, 0x8C, 0xF7, 0x00, 0x00,
    0x6D, 0xFD, 0x70, 0x00, 0x00, 0x00, 0x00, 0x00, 0x00, 0x00, 0x00, 0x00, 0x00, 0x00, 0x00, 0x00, 0x00, 0x00, 0x00, 0x00, 0x00, 0x00, 0x00, 0x00,
    0x00, 0x00, 0x00, 0x00, 0x00, 0x00, 0x00, 0x00, 0x00, 0x00, 0x00, 0x02, 0x8D, 0x00, 0x00, 0x04, 0xBF, 0xFF, 0x00, 0x00, 0x0A, 0xE9, 0xEF, 0x00,
    0x00, 0x02, 0x00, 0xDF, 0x00, 0x00, 0x00, 0x00, 0xDF, 0x00, 0x00, 0x00, 0x00, 0xDF, 0x00, 0x00, 0x00, 0x00, 0xDF, 0x00, 0x00, 0x00, 0x00, 0xDF,
    0x00, 0x00, 0x00, 0x00, 0xDF, 0x00, 0x00, 0x00, 0x00, 0xDF, 0x00, 0x00, 0x00, 0x00, 0xDF, 0x00, 0x00, 0x00, 0x00, 0xDF, 0x00, 0x00, 0x00, 0x00,
    0x00, 0x00, 0x00, 0x00, 0x00, 0x00, 0x00, 0x00, 0x00, 0x00, 0x00, 0x00, 0x00, 0x00, 0x00, 0x00, 0x00, 0x00, 0x00, 0x00, 0x00, 0x00, 0x00, 0x00,
    0x00, 0x00, 0x00, 0x00, 0x00, 0x7D, 0xFD, 0x80, 0x00, 0x08, 0xFC, 0x8D, 0xF8, 0x00, 0x1F, 0xD0, 0x01, 0xFE, 0x00, 0x5F, 0x90, 0x00, 0xDF, 0x00,
    0x00, 0x00, 0x02, 0xFC, 0x00, 0x00, 0x00, 0x0A, 0xF5, 0x00, 0x00, 0x00, 0x7F, 0xA0, 0x00, 0x00, 0x05, 0xFC, 0x10, 0x00, 0x00, 0x4F, 0xD1, 0x00,
    0x00, 0x02, 0xEE, 0x20, 0x00, 0x00, 0x1D, 0xFB, 0x88, 0x88, 0x40, 0x2F, 0xFF, 0xFF, 0xFF, 0x70, 0x00, 0x00, 0x00, 0x00, 0x00, 0x00, 0x00, 0x00,
    0x00, 0x00, 0x00, 0x00, 0x00, 0x00, 0x00, 0x00, 0x00, 0x00, 0x00, 0x00, 0x00, 0x00, 0x00, 0x00, 0x00, 0x00, 0x00, 0x00, 0x00, 0x00, 0x01, 0x9D,
    0xFD, 0x70, 0x00, 0x0C, 0xFB, 0x8D, 0xF7, 0x00, 0x3F, 0xC0, 0x02, 0xFD, 0x00, 0x00, 0x00, 0x00, 0xEF, 0x00, 0x00, 0x00, 0x02, 0xFC, 0x00, 0x00,
    0x07, 0x8D, 0xE3, 0x00, 0x00, 0x0F, 0xFF, 0xB2, 0x00, 0x00, 0x00, 0x15, 0xFC, 0x00, 0x00, 0x00, 0x00, 0xBF, 0x20, 0x5F, 0xA0, 0x00, 0xDF, 0x20,
    0x1D, 0xFB, 0x8C, 0xF9, 0x00, 0x02, 0x9D, 0xFD, 0x70, 0x00, 0x00, 0x00, 0x00, 0x00, 0x00, 0x00, 0x00, 0x00, 0x00, 0x00, 0x00, 0x00, 0x00, 0x00,
    0x00, 0x00, 0x00, 0x00, 0x00, 0x00, 0x00, 0x00, 0x00, 0x00, 0x00, 0x00, 0x00, 0x00, 0x00, 0x00, 0x00, 0x00, 0x1F, 0xF4, 0x00, 0x00, 0x00, 0x9F,
    0xF4, 0x00, 0x00, 0x03, 0xFF, 0xF4, 0x00, 0x00, 0x0C, 0xC9, 0xF4, 0x00, 0x00, 0x7F, 0x39, 0xF4, 0x00, 0x02, 0xE9, 0x09, 0xF4, 0x00, 0x0B, 0xE1,
    0x09, 0xF4, 0x00, 0x5F, 0xC8, 0x8F, 0xFC, 0x50, 0x8F, 0xFF, 0xFF, 0xFF, 0xB0, 0x00, 0x00, 0x09, 0xF4, 0x00, 0x00, 0x00, 0x09, 0xF4, 0x00, 0x00,
    0x00, 0x09, 0xF4, 0x00, 0x00, 0x00, 0x00, 0x00, 0x00, 0x00, 0x00, 0x00, 0x00, 0x00, 0x00, 0x00, 0x00, 0x00, 0x00, 0x00, 0x00, 0x00, 0x00, 0x00,
    0x00, 0x00, 0x00, 0x00, 0x00, 0x00, 0x00, 0x00, 0x00, 0x00, 0x02, 0xFF, 0xFF, 0xFF, 0x10, 0x03, 0xFC, 0x99, 0x99, 0x10, 0x05, 0xF6, 0x00, 0x00,
    0x00, 0x06, 0xF5, 0x00, 0x00, 0x00, 0x08, 0xFC, 0xEE, 0xA1, 0x00, 0x08, 0xFB, 0x8C, 0xFB, 0x00, 0x00, 0x10, 0x00, 0xCF, 0x30, 0x00, 0x00, 0x00,
    0x8F, 0x50, 0x00, 0x00, 0x00, 0x8F, 0x50, 0x0E, 0xF1, 0x00, 0xCF, 0x30, 0x07, 0xFD, 0x8B, 0xFA, 0x00, 0x00, 0x6C, 0xEE, 0x90, 0x00, 0x00, 0x00,
    0x00, 0x00, 0x00, 0x00, 0x00, 0x00, 0x00, 0x00, 0x00, 0x00, 0x00, 0x00, 0x00, 0x00, 0x00, 0x00, 0x00, 0x00, 0x00, 0x00, 0x00, 0x00, 0x00, 0x00,
    0x00, 0x00, 0x00, 0x00, 0x00, 0x03, 0xAD, 0xC0, 0x00, 0x00, 0x5F, 0xFB, 0x70, 0x00, 0x02, 0xED, 0x20, 0x00, 0x00, 0x08, 0xF5, 0x00, 0x00, 0x00,
    0x0D, 0xF8, 0xDE, 0xA1, 0x00, 0x0F, 0xFD, 0x8B, 0xFB, 0x00, 0x1F, 0xF1, 0x00, 0xCF, 0x30, 0x1F, 0xF0, 0x00, 0x7F, 0x60, 0x0E, 0xD0, 0x00, 0x7F,
    0x50, 0x0A, 0xF4, 0x00, 0xCF, 0x20, 0x03, 0xEE, 0x9B, 0xF9, 0x00, 0x00, 0x3C, 0xFE, 0x80, 0x00, 0x00, 0x00, 0x00, 0x00, 0x00, 0x00, 0x00, 0x00,
    0x00, 0x00, 0x00, 0x00, 0x00, 0x00, 0x00, 0x00, 0x00, 0x00, 0x00, 0x00, 0x00, 0x00, 0x00, 0x00, 0x00, 0x00, 0x00, 0x00, 0x00, 0x00, 0x7F, 0xFF,
    0xFF, 0xFF, 0x60, 0x48, 0x88, 0x88, 0xDF, 0x30, 0x00, 0x00, 0x01, 0xEC, 0x00, 0x00, 0x00, 0x07, 0xF6, 0x00, 0x00, 0x00, 0x0D, 0xE1, 0x00, 0x00,
    0x00, 0x5F, 0x80, 0x00, 0x00, 0x00, 0xBF, 0x20, 0x00, 0x00, 0x03, 0xFB, 0x00, 0x00, 0x00, 0x09, 0xF5, 0x00, 0x00, 0x00, 0x1E, 0xD0, 0x00, 0x00,
    0x00, 0x7F, 0x70, 0x00, 0x00, 0x00, 0xDF, 0x10, 0x00, 0x00, 0x00, 0x00, 0x00, 0x00, 0x00, 0x00, 0x00, 0x00, 0x00, 0x00, 0x00, 0x00, 0x00, 0x00,
    0x00, 0x00, 0x00, 0x00, 0x00, 0x00, 0x00, 0x00, 0x00, 0x00, 0x00, 0x00, 0x00, 0x00, 0x00, 0x00, 0x00, 0x6D, 0xFD, 0x70, 0x00, 0x06, 0xFD, 0x9D,
    0xF8, 0x00, 0x0C, 0xF3, 0x02, 0xFE, 0x00, 0x0E, 0xF0, 0x00, 0xDF, 0x00, 0x0B, 0xF3, 0x02, 0xFD, 0x00, 0x03, 0xEE, 0xAE, 0xE4, 0x00, 0x01, 0xBF,
    0xFF, 0xD2, 0x00, 0x0C, 0xF5, 0x15, 0xED, 0x00, 0x2F, 0xB0, 0x00, 0xAF, 0x40, 0x2F, 0xD0, 0x00, 0xCF, 0x30, 0x0B, 0xFC, 0x8B, 0xFC, 0x00, 0x01,
    0x8D, 0xFE, 0x91, 0x00, 0x00, 0x00, 0x00, 0x00, 0x00, 0x00, 0x00, 0x00, 0x00, 0x00, 0x00, 0x00, 0x00, 0x00, 0x00, 0x00, 0x00, 0x00, 0x00, 0x00,
    0x00, 0x00, 0x00, 0x00, 0x00, 0x00, 0x00, 0x00, 0x00, 0x00, 0x00, 0x6D, 0xFC, 0x40, 0x00, 0x07, 0xFC, 0x9E, 0xF3, 0x00, 0x1E, 0xE1, 0x03, 0xFB,
    0x00, 0x3F, 0xA0, 0x00, 0xCF, 0x00, 0x3F, 0xA0, 0x00, 0xFF, 0x20, 0x1F, 0xE0, 0x00, 0xFF, 0x20, 0x09, 0xFC, 0x8C, 0xFF, 0x10, 0x00, 0x9E, 0xE8,
    0xDE, 0x00, 0x00, 0x00, 0x01, 0xFA, 0x00, 0x00, 0x00, 0x1A, 0xF3, 0x00, 0x00, 0x5A, 0xEF, 0x70, 0x00, 0x00, 0x9E, 0xB4, 0x00, 0x00, 0x00, 0x00,
    0x00, 0x00, 0x00, 0x00, 0x00, 0x00, 0x00, 0x00, 0x00, 0x00, 0x00, 0x00, 0x00, 0x00, 0x00, 0x00, 0x00, 0x00, 0x00, 0x00, 0x00, 0x00, 0x00, 0x00,
    0x00, 0x00, 0x00, 0x00, 0x0C, 0xE2, 0x0B, 0xE1, 0x00, 0x00, 0x00, 0x00, 0x00, 0x00, 0x00, 0x00, 0x00, 0x00, 0x0C, 0xE2, 0x0B, 0xE1, 0x00, 0x00,
    0x00, 0x00, 0x00, 0x00, 0x00, 0x00, 0x00, 0x00, 0x00, 0x00, 0x00, 0x00, 0x00, 0x00, 0x00, 0x00, 0x0C, 0xE2, 0x0B, 0xE1, 0x00, 0x00, 0x00, 0x00,
    0x00, 0x00, 0x00, 0x00, 0x00, 0x00, 0x0E, 0xB0, 0x0F, 0xA0, 0x3F, 0x60, 0x6B, 0x00, 0x00, 0x00, 0x00, 0x00, 0x00, 0x00, 0x00, 0x00, 0x00, 0x00,
    0x00, 0x00, 0x00, 0x00, 0x00, 0x00, 0x00, 0x00, 0x00, 0x00, 0x00, 0x00, 0x00, 0x00, 0x00, 0x00, 0x04, 0xB1, 0x00, 0x04, 0xBF, 0xF1, 0x05, 0xCF,
    0xFB, 0x40, 0xBF, 0xF8, 0x20, 0x00, 0xBF, 0xF8, 0x20, 0x00, 0x05, 0xCF, 0xFA, 0x40, 0x00, 0x04, 0xBF, 0xF1, 0x00, 0x00, 0x04, 0xB1, 0x00, 0x00,
    0x00, 0x00, 0x00, 0x00, 0x00, 0x00, 0x00, 0x00, 0x00, 0x00, 0x00, 0x00, 0x00, 0x00, 0x00, 0x00, 0x00, 0x00, 0x00, 0x00, 0x00, 0x00, 0x00, 0x00,
    0x00, 0x00, 0x00, 0x00, 0x00, 0x00, 0x00, 0x00, 0x00, 0x00, 0x00, 0x00, 0x00, 0x00, 0x00, 0x00, 0x00, 0x00, 0x00, 0x00, 0x00, 0x00, 0x00, 0x00,
    0x07, 0x88, 0x88, 0x87, 0x00, 0x0D, 0xFF, 0xFF, 0xFE, 0x00, 0x00, 0x00, 0x00, 0x00, 0x00, 0x00, 0x00, 0x00, 0x00, 0x00, 0x0D, 0xFF, 0xFF, 0xFE,
    0x00, 0x07, 0x88, 0x88, 0x87, 0x00, 0x00, 0x00, 0x00, 0x00, 0x00, 0x00, 0x00, 0x00, 0x00, 0x00, 0x00, 0x00, 0x00, 0x00, 0x00, 0x00, 0x00, 0x00,
    0x00, 0x00, 0x00, 0x00, 0x00, 0x00, 0x00, 0x00, 0x00, 0x00, 0x00, 0x00, 0x00, 0x00, 0x00, 0x00, 0x00, 0x00, 0x00, 0x00, 0x00, 0x00, 0x00, 0x00,
    0x00, 0x00, 0x00, 0x00, 0x00, 0x00, 0x00, 0x00, 0x0B, 0x40, 0x00, 0x00, 0x0F, 0xFC, 0x50, 0x00, 0x03, 0x9E, 0xFD, 0x60, 0x00, 0x01, 0x7D, 0xFF,
    0x00, 0x01, 0x7D, 0xFF, 0x03, 0x9F, 0xFD, 0x60, 0x0F, 0xFC, 0x50, 0x00, 0x0B, 0x40, 0x00, 0x00, 0x00, 0x00, 0x00, 0x00, 0x00, 0x00, 0x00, 0x00,
    0x00, 0x00, 0x00, 0x00, 0x00, 0x00, 0x00, 0x00, 0x00, 0x00, 0x00, 0x00, 0x00, 0x00, 0x00, 0x00, 0x00, 0x00, 0x00, 0x00, 0x04, 0xCE, 0xEA, 0x10,
    0x2F, 0xFA, 0xBF, 0xB0, 0x7F, 0x70, 0x0D, 0xF1, 0x00, 0x00, 0x0C, 0xF2, 0x00, 0x00, 0x2F, 0xE0, 0x00, 0x01, 0xCF, 0x60, 0x00, 0x09, 0xF9, 0x00,
    0x00, 0x1F, 0xC0, 0x00, 0x00, 0x3F, 0x90, 0x00, 0x00, 0x00, 0x00, 0x00, 0x00, 0x3E, 0x80, 0x00, 0x00, 0x3E, 0x80, 0x00, 0x00, 0x00, 0x00, 0x00,
    0x00, 0x00, 0x00, 0x00, 0x00, 0x00, 0x00, 0x00, 0x00, 0x00, 0x00, 0x00, 0x00, 0x00, 0x00, 0x00, 0x00, 0x00, 0x00, 0x00, 0x00, 0x00, 0x00, 0x00,
    0x00, 0x00, 0x00, 0x00, 0x00, 0x00, 0x00, 0x00, 0x00, 0x00, 0x00, 0x4A, 0xEF, 0xEB, 0x50, 0x00, 0x00, 0x08, 0xF9, 0x42, 0x37, 0xEB, 0x10, 0x00,
    0x7E, 0x30, 0x00, 0x00, 0x1D, 0x90, 0x02, 0xF5, 0x01, 0xAE, 0xE9, 0x03, 0xF2, 0x08, 0xC0, 0x0C, 0xC4, 0xCF, 0x00, 0xD6, 0x0E, 0x70, 0x5F, 0x20,
    0x8D, 0x00, 0xA9, 0x2F, 0x40, 0xAD, 0x00, 0x9C, 0x00, 0x99, 0x3F, 0x20, 0xCA, 0x00, 0xAA, 0x00, 0xA8, 0x3F, 0x20, 0xCB, 0x00, 0xFA, 0x00, 0xE5,
    0x2F, 0x30, 0x9E, 0x69, 0xFC, 0x29, 0xD0, 0x0E, 0x70, 0x1B, 0xE9, 0x2C, 0xFB, 0x10, 0x09, 0xC0, 0x00, 0x00, 0x00, 0x00, 0x00, 0x02, 0xE9, 0x00,
    0x00, 0x00, 0x00, 0x00, 0x00, 0x4E, 0xC5, 0x33, 0x67, 0x00, 0x00, 0x00, 0x02, 0x9D, 0xFE, 0xC7, 0x00, 0x00, 0x00, 0x00, 0x00, 0x00, 0x00, 0x00,
    0x00, 0x00, 0x00, 0x00, 0x00, 0x00, 0x00, 0x00, 0xDF, 0x60, 0x00, 0x00, 0x00, 0x02, 0xFF, 0xB0, 0x00, 0x00, 0x00, 0x07, 0xFF, 0xF2, 0x00, 0x00,
    0x00, 0x0D, 0xE6, 0xF7, 0x00, 0x00, 0x00, 0x3F, 0xA1, 0xFC, 0x00, 0x00, 0x00, 0x8F, 0x50, 0xBF, 0x30, 0x00, 0x00, 0xEE, 0x00, 0x6F, 0x80, 0x00,
    0x04, 0xFF, 0x88, 0x9F, 0xF0, 0x00, 0x09, 0xFF, 0xFF, 0xFF, 0xF4, 0x00, 0x1E, 0xE1, 0x00, 0x06, 0xF9, 0x00, 0x5F, 0xA0, 0x00, 0x01, 0xFE, 0x00,
    0xAF, 0x50, 0x00, 0x00, 0xBF, 0x50, 0x00, 0x00, 0x00, 0x00, 0x00, 0x00, 0x00, 0x00, 0x00, 0x00, 0x00, 0x00, 0x00, 0x00, 0x00, 0x00, 0x00, 0x00,
    0x00, 0x00, 0x00, 0x00, 0x00, 0x00, 0x00, 0x00, 0x00, 0x00, 0x00, 0x00, 0x00, 0x00, 0x00, 0x00, 0x0D, 0xFF, 0xFE, 0xC6, 0x00, 0x0D, 0xF9, 0x89,
    0xEF, 0x60, 0x0D, 0xF2, 0x00, 0x3F, 0xD0, 0x0D, 0xF2, 0x00, 0x0F, 0xF0, 0x0D, 0xF2, 0x00, 0x3F, 0xC0, 0x0D, 0xFD, 0xDE, 0xFE, 0x40, 0x0D, 0xFF,
    0xFF, 0xFC, 0x30, 0x0D, 0xF2, 0x00, 0x5E, 0xE1, 0x0D, 0xF2, 0x00, 0x0B, 0xF4, 0x0D, 0xF2, 0x00, 0x0D, 0xF3, 0x0D, 0xFA, 0x89, 0xDF, 0xC0, 0x0D,
    0xFF, 0xFF, 0xD9, 0x10, 0x00, 0x00, 0x00, 0x00, 0x00, 0x00, 0x00, 0x00, 0x00, 0x00, 0x00, 0x00, 0x00, 0x00, 0x00, 0x00, 0x00, 0x00, 0x00, 0x00,
    0x00, 0x00, 0x00, 0x00, 0x00, 0x00, 0x00, 0x00, 0x00, 0x00, 0x00, 0x19, 0xDF, 0xD8, 0x10, 0x01, 0xDF, 0xB9, 0xCF, 0xC1, 0x09, 0xF8, 0x00, 0x09,
    0xF7, 0x0E, 0xF1, 0x00, 0x04, 0xFB, 0x2F, 0xD0, 0x00, 0x00, 0x00, 0x3F, 0xC0, 0x00, 0x00, 0x00, 0x3F, 0xC0, 0x00, 0x00, 0x00, 0x2F, 0xD0, 0x00,
    0x00, 0x00, 0x0E, 0xF1, 0x00, 0x04, 0xFB, 0x09, 0xF8, 0x00, 0x0A, 0xF7, 0x01, 0xDF, 0xB9, 0xCF, 0xC1, 0x00, 0x19, 0xEF, 0xD8, 0x10, 0x00, 0x00,
    0x00, 0x00, 0x00, 0x00, 0x00, 0x00, 0x00, 0x00, 0x00, 0x00, 0x00, 0x00, 0x00, 0x00, 0x00, 0x00, 0x00, 0x00, 0x00, 0x00, 0x00, 0x00, 0x00, 0x00,
    0x00, 0x00, 0x00, 0x00, 0x0D, 0xFF, 0xFD, 0x92, 0x00, 0x0D, 0xFA, 0x9B, 0xFE, 0x30, 0x0D, 0xF2, 0x00, 0x5F, 0xD0, 0x0D, 0xF2, 0x00, 0x0B, 0xF4,
    0x0D, 0xF2, 0x00, 0x07, 0xF8, 0x0D, 0xF2, 0x00, 0x05, 0xF9, 0x0D, 0xF2, 0x00, 0x05, 0xF9, 0x0D, 0xF2, 0x00, 0x07, 0xF8, 0x0D, 0xF2, 0x00, 0x0B,
    0xF4, 0x0D, 0xF2, 0x00, 0x5F, 0xD0, 0x0D, 0xFA, 0x8B, 0xFE, 0x30, 0x0D, 0xFF, 0xFD, 0x92, 0x00, 0x00, 0x00, 0x00, 0x00, 0x00, 0x00, 0x00, 0x00,
    0x00, 0x00, 0x00, 0x00, 0x00, 0x00, 0x00, 0x00, 0x00, 0x00, 0x00, 0x00, 0x00, 0x00, 0x00, 0x00, 0x00, 0x00, 0x00, 0x00, 0x00, 0x00, 0x0D, 0xFF,
    0xFF, 0xFF, 0x80, 0x0D, 0xFA, 0x88, 0x88, 0x50, 0x0D, 0xF2, 0x00, 0x00, 0x00, 0x0D, 0xF2, 0x00, 0x00, 0x00, 0x0D, 0xF2, 0x00, 0x00, 0x00, 0x0D,
    0xFA, 0x88, 0x86, 0x00, 0x0D, 0xFF, 0xFF, 0xFC, 0x00, 0x0D, 0xF2, 0x00, 0x00, 0x00, 0x0D, 0xF2, 0x00, 0x00, 0x00, 0x0D, 0xF2, 0x00, 0x00, 0x00,
    0x0D, 0xFA, 0x88, 0x88, 0x50, 0x0D, 0xFF, 0xFF, 0xFF, 0x90, 0x00, 0x00, 0x00, 0x00, 0x00, 0x00, 0x00, 0x00, 0x00, 0x00, 0x00, 0x00, 0x00, 0x00,
    0x00, 0x00, 0x00, 0x00, 0x00, 0x00, 0x00, 0x00, 0x00, 0x00, 0x00, 0x00, 0x00, 0x00, 0x00, 0x00, 0x0D, 0xFF, 0xFF, 0xFF, 0x60, 0x0D, 0xFA, 0x88,
    0x88, 0x30, 0x0D, 0xF2, 0x00, 0x00, 0x00, 0x0D, 0xF2, 0x00, 0x00, 0x00, 0x0D, 0xF2, 0x00, 0x00, 0x00, 0x0D, 0xFA, 0x88, 0x86, 0x00, 0x0D, 0xFF,
    0xFF, 0xFB, 0x00, 0x0D, 0xF2, 0x00, 0x00, 0x00, 0x0D, 0xF2, 0x00, 0x00, 0x00, 0x0D, 0xF2, 0x00, 0x00, 0x00, 0x0D, 0xF2, 0x00, 0x00, 0x00, 0x0D,
    0xF2, 0x00, 0x00, 0x00, 0x00, 0x00, 0x00, 0x00, 0x00, 0x00, 0x00, 0x00, 0x00, 0x00, 0x00, 0x00, 0x00, 0x00, 0x00, 0x00, 0x00, 0x00, 0x00, 0x00,
    0x00, 0x00, 0x00, 0x00, 0x00, 0x00, 0x00, 0x00, 0x00, 0x00, 0x00, 0x00, 0x00, 0x18, 0xDF, 0xD9, 0x10, 0x00, 0x01, 0xDF, 0xC9, 0xBF, 0xD1, 0x00,
    0x08, 0xF9, 0x00, 0x0A, 0xF7, 0x00, 0x0D, 0xF2, 0x00, 0x03, 0xFC, 0x00, 0x1F, 0xE0, 0x00, 0x00, 0x00, 0x00, 0x2F, 0xD0, 0x03, 0x77, 0x76, 0x00,
    0x2F, 0xD0, 0x07, 0xFF, 0xFD, 0x00, 0x1F, 0xE0, 0x00, 0x01, 0xFD, 0x00, 0x0D, 0xF3, 0x00, 0x01, 0xFD, 0x00, 0x07, 0xFB, 0x10, 0x02, 0xFD, 0x00,
    0x00, 0xCF, 0xD9, 0xAE, 0xF9, 0x00, 0x00, 0x17, 0xDF, 0xEC, 0x60, 0x00, 0x00, 0x00, 0x00, 0x00, 0x00, 0x00, 0x00, 0x00, 0x00, 0x00, 0x00, 0x00,
    0x00, 0x00, 0x00, 0x00, 0x00, 0x00, 0x00, 0x00, 0x00, 0x00, 0x00, 0x00, 0x00, 0x00, 0x00, 0x00, 0x00, 0x00, 0x00, 0x00, 0x00, 0x00, 0x00, 0x00,
    0x0D, 0xF2, 0x00, 0x00, 0xCF, 0x30, 0x0D, 0xF2, 0x00, 0x00, 0xCF, 0x30, 0x0D, 0xF2, 0x00, 0x00, 0xCF, 0x30, 0x0D, 0xF2, 0x00, 0x00, 0xCF, 0x30,
    0x0D, 0xF2, 0x00, 0x00, 0xCF, 0x30, 0x0D, 0xFA, 0x88, 0x88, 0xFF, 0x30, 0x0D, 0xFF, 0xFF, 0xFF, 0xFF, 0x30, 0x0D, 0xF2, 0x00, 0x00, 0xCF, 0x30,
    0x0D, 0xF2, 0x00, 0x00, 0xCF, 0x30, 0x0D, 0xF2, 0x00, 0x00, 0xCF, 0x30, 0x0D, 0xF2, 0x00, 0x00, 0xCF, 0x30, 0x0D, 0xF2, 0x00, 0x00, 0xCF, 0x30,
    0x00, 0x00, 0x00, 0x00, 0x00, 0x00, 0x00, 0x00, 0x00, 0x00, 0x00, 0x00, 0x00, 0x00, 0x00, 0x00, 0x00, 0x00, 0x00, 0x00, 0x00, 0x00, 0x00, 0x00,
    0x00, 0x00, 0x00, 0x00, 0x00, 0x00, 0x0B, 0xF4, 0x00, 0x0B, 0xF4, 0x00, 0x0B, 0xF4, 0x00, 0x0B, 0xF4, 0x00, 0x0B, 0xF4, 0x00, 0x0B, 0xF4, 0x00,
    0x0B, 0xF4, 0x00, 0x0B, 0xF4, 0x00, 0x0B, 0xF4, 0x00, 0x0B, 0xF4, 0x00, 0x0B, 0xF4, 0x00, 0x0B, 0xF4, 0x00, 0x00, 0x00, 0x00, 0x00, 0x00, 0x00,
    0x00, 0x00, 0x00, 0x00, 0x00, 0x00, 0x00, 0x00, 0x00, 0x00, 0x00, 0x00, 0x00, 0x00, 0x00, 0x00, 0x00, 0x00, 0x03, 0xFC, 0x00, 0x00, 0x00, 0x03,
    0xFC, 0x00, 0x00, 0x00, 0x03, 0xFC, 0x00, 0x00, 0x00, 0x03, 0xFC, 0x00, 0x00, 0x00, 0x03, 0xFC, 0x00, 0x00, 0x00, 0x03, 0xFC, 0x00, 0x00, 0x00,
    0x03, 0xFC, 0x00, 0x00, 0x00, 0x03, 0xFC, 0x00, 0x00, 0x00, 0x03, 0xFC, 0x00, 0x8F, 0x70, 0x07, 0xF9, 0x00, 0x3F, 0xFA, 0xAF, 0xE3, 0x00, 0x04,
    0xCE, 0xEB, 0x30, 0x00, 0x00, 0x00, 0x00, 0x00, 0x00, 0x00, 0x00, 0x00, 0x00, 0x00, 0x00, 0x00, 0x00, 0x00, 0x00, 0x00, 0x00, 0x00, 0x00, 0x00,
    0x00, 0x00, 0x00, 0x00, 0x00, 0x00, 0x00, 0x00, 0x00, 0x00, 0x0D, 0xF2, 0x00, 0x0C, 0xF8, 0x0D, 0xF2, 0x00, 0x9F, 0xB0, 0x0D, 0xF2, 0x06, 0xFD,
    0x10, 0x0D, 0xF2, 0x3F, 0xF3, 0x00, 0x0D, 0xF3, 0xDF, 0x50, 0x00, 0x0D, 0xFD, 0xFF, 0x00, 0x00, 0x0D, 0xFF, 0xFF, 0x80, 0x00, 0x0D, 0xFD, 0x3F,
    0xF3, 0x00, 0x0D, 0xF3, 0x07, 0xFC, 0x00, 0x0D, 0xF2, 0x00, 0xCF, 0x80, 0x0D, 0xF2, 0x00, 0x3F, 0xF3, 0x0D, 0xF2, 0x00, 0x07, 0xFC, 0x00, 0x00,
    0x00, 0x00, 0x00, 0x00, 0x00, 0x00, 0x00, 0x00, 0x00, 0x00, 0x00, 0x00, 0x00, 0x00, 0x00, 0x00, 0x00, 0x00, 0x00, 0x00, 0x00, 0x00, 0x00, 0x00,
    0x00, 0x00, 0x00, 0x00, 0x0D, 0xF2, 0x00, 0x00, 0x00, 0x0D, 0xF2, 0x00, 0x00, 0x00, 0x0D, 0xF2, 0x00, 0x00, 0x00, 0x0D, 0xF2, 0x00, 0x00, 0x00,
    0x0D, 0xF2, 0x00, 0x00, 0x00, 0x0D, 0xF2, 0x00, 0x00, 0x00, 0x0D, 0xF2, 0x00, 0x00, 0x00, 0x0D, 0xF2, 0x00, 0x00, 0x00, 0x0D, 0xF2, 0x00, 0x00,
    0x00, 0x0D, 0xF2, 0x00, 0x00, 0x00, 0x0D, 0xFA, 0x88, 0x88, 0x20, 0x0D, 0xFF, 0xFF, 0xFF, 0x40, 0x00, 0x00, 0x00, 0x00, 0x00, 0x00, 0x00, 0x00,
    0x00, 0x00, 0x00, 0x00, 0x00, 0x00, 0x00, 0x00, 0x00, 0x00, 0x00, 0x00, 0x00, 0x00, 0x00, 0x00, 0x00, 0x00, 0x00, 0x00, 0x00, 0x00, 0x00, 0x00,
    0x00, 0x00, 0x0D, 0xFD, 0x00, 0x00, 0x00, 0xDF, 0xC0, 0x0D, 0xFF, 0x30, 0x00, 0x04, 0xFF, 0xC0, 0x0D, 0xFF, 0x90, 0x00, 0x09, 0xFF, 0xC0, 0x0D,
    0xEC, 0xE0, 0x00, 0x0E, 0xBF, 0xC0, 0x0D, 0xF6, 0xF4, 0x00, 0x5F, 0x6F, 0xC0, 0x0D, 0xF1, 0xFA, 0x00, 0xAF, 0x2F, 0xC0, 0x0D, 0xF1, 0xAE, 0x11,
    0xFA, 0x1F, 0xC0, 0x0D, 0xF1, 0x5F, 0x56, 0xF5, 0x2F, 0xC0, 0x0D, 0xF2, 0x0E, 0xBB, 0xE0, 0x2F, 0xC0, 0x0D, 0xF2, 0x09, 0xFF, 0x90, 0x2F, 0xC0,
    0x0D, 0xF2, 0x04, 0xFF, 0x30, 0x2F, 0xC0, 0x0D, 0xF2, 0x00, 0xDD, 0x00, 0x2F, 0xC0, 0x00, 0x00, 0x00, 0x00, 0x00, 0x00, 0x00, 0x00, 0x00, 0x00,
    0x00, 0x00, 0x00, 0x00, 0x00, 0x00, 0x00, 0x00, 0x00, 0x00, 0x00, 0x00, 0x00, 0x00, 0x00, 0x00, 0x00, 0x00, 0x00, 0x00, 0x00, 0x00, 0x00, 0x00,
    0x00, 0x00, 0x00, 0x00, 0x00, 0x00, 0x0D, 0xF6, 0x00, 0x00, 0xCF, 0x30, 0x0D, 0xFE, 0x10, 0x00, 0xCF, 0x30, 0x0D, 0xFF, 0x90, 0x00, 0xCF, 0x30,
    0x0D, 0xFD, 0xF3, 0x00, 0xCF, 0x30, 0x0D, 0xF5, 0xFC, 0x00, 0xCF, 0x30, 0x0D, 0xF2, 0xAF, 0x60, 0xCF, 0x30, 0x0D, 0xF2, 0x2E, 0xE1, 0xCF, 0x30,
    0x0D, 0xF2, 0x07, 0xF9, 0xCF, 0x30, 0x0D, 0xF2, 0x00, 0xDF, 0xEF, 0x30, 0x0D, 0xF2, 0x00, 0x4F, 0xFF, 0x30, 0x0D, 0xF2, 0x00, 0x0A, 0xFF, 0x30,
    0x0D, 0xF2, 0x00, 0x02, 0xEF, 0x30, 0x00, 0x00, 0x00, 0x00, 0x00, 0x00, 0x00, 0x00, 0x00, 0x00, 0x00, 0x00, 0x00, 0x00, 0x00, 0x00, 0x00, 0x00,
    0x00, 0x00, 0x00, 0x00, 0x00, 0x00, 0x00, 0x00, 0x00, 0x00, 0x00, 0x00, 0x00, 0x00, 0x00, 0x00, 0x00, 0x00, 0x00, 0x18, 0xDF, 0xD8, 0x10, 0x00,
    0x01, 0xCF, 0xC9, 0xCF, 0xC1, 0x00, 0x08, 0xFA, 0x00, 0x0A, 0xF8, 0x00, 0x0E, 0xF2, 0x00, 0x02, 0xFE, 0x00, 0x2F, 0xD0, 0x00, 0x00, 0xDF, 0x20,
    0x3F, 0xC0, 0x00, 0x00, 0xBF, 0x30, 0x3F, 0xC0, 0x00, 0x00, 0xBF, 0x30, 0x2F, 0xD0, 0x00, 0x00, 0xDF, 0x20, 0x0D, 0xF2, 0x00, 0x02, 0xFE, 0x00,
    0x08, 0xFA, 0x00, 0x0A, 0xF8, 0x00, 0x01, 0xCF, 0xC9, 0xCF, 0xC1, 0x00, 0x00, 0x18, 0xDF, 0xD8, 0x10, 0x00, 0x00, 0x00, 0x00, 0x00, 0x00, 0x00,
    0x00, 0x00, 0x00, 0x00, 0x00, 0x00, 0x00, 0x00, 0x00, 0x00, 0x00, 0x00, 0x00, 0x00, 0x00, 0x00, 0x00, 0x00, 0x00, 0x00, 0x00, 0x00, 0x00, 0x00,
    0x00, 0x00, 0x00, 0x00, 0x0D, 0xFF, 0xFF, 0xD8, 0x10, 0x0D, 0xF9, 0x89, 0xCF, 0xB0, 0x0D, 0xF2, 0x00, 0x0C, 0xF5, 0x0D, 0xF2, 0x00, 0x07, 0xF8,
    0x0D, 0xF2, 0x00, 0x07, 0xF9, 0x0D, 0xF2, 0x00, 0x0B, 0xF6, 0x0D, 0xFA, 0x89, 0xCF, 0xC1, 0x0D, 0xFF, 0xFF, 0xD9, 0x10, 0x0D, 0xF2, 0x00, 0x00,
    0x00, 0x0D, 0xF2, 0x00, 0x00, 0x00, 0x0D, 0xF2, 0x00, 0x00, 0x00, 0x0D, 0xF2, 0x00, 0x00, 0x00, 0x00, 0x00, 0x00, 0x00, 0x00, 0x00, 0x00, 0x00,
    0x00, 0x00, 0x00, 0x00, 0x00, 0x00, 0x00, 0x00, 0x00, 0x00, 0x00, 0x00, 0x00, 0x00, 0x00, 0x00, 0x00, 0x00, 0x00, 0x00, 0x00, 0x00, 0x00, 0x00,
    0x00, 0x18, 0xDF, 0xD8, 0x10, 0x00, 0x01, 0xCF, 0xC9, 0xCF, 0xC0, 0x00, 0x08, 0xFA, 0x00, 0x0A, 0xF7, 0x00, 0x0E, 0xF2, 0x00, 0x02, 0xFD, 0x00,
    0x2F, 0xD0, 0x00, 0x00, 0xEF, 0x10, 0x4F, 0xB0, 0x00, 0x00, 0xCF, 0x30, 0x4F, 0xB0, 0x00, 0x00, 0xCF, 0x30, 0x2F, 0xD0, 0x00, 0x00, 0xEF, 0x10,
    0x0E, 0xF2, 0x00, 0x02, 0xFD, 0x00, 0x08, 0xFA, 0x00, 0x0A, 0xF7, 0x00, 0x01, 0xCF, 0xC9, 0xEF, 0xC1, 0x00, 0x00, 0x18, 0xDF, 0xFF, 0x90, 0x00,
    0x00, 0x00, 0x00, 0x1C, 0xFB, 0x00, 0x00, 0x00, 0x00, 0x00, 0xA7, 0x00, 0x00, 0x00, 0x00, 0x00, 0x00, 0x00, 0x00, 0x00, 0x00, 0x00, 0x00, 0x00,
    0x00, 0x00, 0x00, 0x00, 0x00, 0x00, 0x00, 0x00, 0x00, 0x00, 0x0D, 0xFF, 0xFF, 0xD8, 0x10, 0x0D, 0xF9, 0x89, 0xDF, 0xB0, 0x0D, 0xF2, 0x00, 0x1E,
    0xF2, 0x0D, 0xF2, 0x00, 0x0B, 0xF4, 0x0D, 0xF2, 0x00, 0x1E, 0xF2, 0x0D, 0xFA, 0x89, 0xDF, 0x90, 0x0D, 0xFF, 0xFF, 0xF7, 0x00, 0x0D, 0xF2, 0x07,
    0xF9, 0x00, 0x0D, 0xF2, 0x01, 0xEF, 0x20, 0x0D, 0xF2, 0x00, 0x8F, 0x90, 0x0D, 0xF2, 0x00, 0x1F, 0xF2, 0x0D, 0xF2, 0x00, 0x09, 0xF8, 0x00, 0x00,
    0x00, 0x00, 0x00, 0x00, 0x00, 0x00, 0x00, 0x00, 0x00, 0x00, 0x00, 0x00, 0x00, 0x00, 0x00, 0x00, 0x00, 0x00, 0x00, 0x00, 0x00, 0x00, 0x00, 0x00,
    0x00, 0x00, 0x00, 0x00, 0x00, 0x5B, 0xEE, 0xC6, 0x00, 0x06, 0xFE, 0xA9, 0xEF, 0x80, 0x0E, 0xF2, 0x00, 0x1F, 0xF0, 0x0F, 0xE0, 0x00, 0x00, 0x00,
    0x0B, 0xFB, 0x30, 0x00, 0x00, 0x01, 0xCF, 0xFC, 0x71, 0x00, 0x00, 0x05, 0xBF, 0xFD, 0x20, 0x00, 0x00, 0x02, 0xAF, 0xC0, 0x6F, 0x90, 0x00, 0x0E,
    0xF1, 0x2F, 0xE1, 0x00, 0x1F, 0xF0, 0x06, 0xFE, 0x99, 0xEF, 0x80, 0x00, 0x4B, 0xEE, 0xC6, 0x00, 0x00, 0x00, 0x00, 0x00, 0x00, 0x00, 0x00, 0x00,
    0x00, 0x00, 0x00, 0x00, 0x00, 0x00, 0x00, 0x00, 0x00, 0x00, 0x00, 0x00, 0x00, 0x00, 0x00, 0x00, 0x00, 0x00, 0x00, 0x00, 0x00, 0x00, 0xAF, 0xFF,
    0xFF, 0xFF, 0xF6, 0x58, 0x8A, 0xFF, 0x88, 0x83, 0x00, 0x02, 0xFD, 0x00, 0x00, 0x00, 0x02, 0xFD, 0x00, 0x00, 0x00, 0x02, 0xFD, 0x00, 0x00, 0x00,
    0x02, 0xFD, 0x00, 0x00, 0x00, 0x02, 0xFD, 0x00, 0x00, 0x00, 0x02, 0xFD, 0x00, 0x00, 0x00, 0x02, 0xFD, 0x00, 0x00, 0x00, 0x02, 0xFD, 0x00, 0x00,
    0x00, 0x02, 0xFD, 0x00, 0x00, 0x00, 0x02, 0xFD, 0x00, 0x00, 0x00, 0x00, 0x00, 0x00, 0x00, 0x00, 0x00, 0x00, 0x00, 0x00, 0x00, 0x00, 0x00, 0x00,
    0x00, 0x00, 0x00, 0x00, 0x00, 0x00, 0x00, 0x00, 0x00, 0x00, 0x00, 0x00, 0x00, 0x00, 0x00, 0x00, 0x0F, 0xE0, 0x00, 0x07, 0xF8, 0x0F, 0xE0, 0x00,
    0x07, 0xF8, 0x0F, 0xE0, 0x00, 0x07, 0xF8, 0x0F, 0xE0, 0x00, 0x07, 0xF8, 0x0F, 0xE0, 0x00, 0x07, 0xF8, 0x0F, 0xE0, 0x00, 0x07, 0xF8, 0x0F, 0xE0,
    0x00, 0x07, 0xF8, 0x0F, 0xE0, 0x00, 0x07, 0xF7, 0x0E, 0xF0, 0x00, 0x08, 0xF6, 0x0B, 0xF5, 0x00, 0x0D, 0xF3, 0x03, 0xFF, 0xA9, 0xDF, 0xA0, 0x00,
    0x3A, 0xEF, 0xC7, 0x00, 0x00, 0x00, 0x00, 0x00, 0x00, 0x00, 0x00, 0x00, 0x00, 0x00, 0x00, 0x00, 0x00, 0x00, 0x00, 0x00, 0x00, 0x00, 0x00, 0x00,
    0x00, 0x00, 0x00, 0x00, 0x00, 0x00, 0x00, 0x00, 0x00, 0x00, 0xBF, 0x60, 0x00, 0x02, 0xFF, 0x6F, 0xB0, 0x00, 0x06, 0xFA, 0x1F, 0xF1, 0x00, 0x0B,
    0xF5, 0x0A, 0xF5, 0x00, 0x1F, 0xF1, 0x05, 0xFA, 0x00, 0x5F, 0xA0, 0x01, 0xFE, 0x00, 0x9F, 0x50, 0x00, 0xAF, 0x40, 0xEE, 0x10, 0x00, 0x5F, 0x84,
    0xFA, 0x00, 0x00, 0x1E, 0xD8, 0xF5, 0x00, 0x00, 0x0A, 0xFF, 0xE1, 0x00, 0x00, 0x05, 0xFF, 0xA0, 0x00, 0x00, 0x00, 0xFF, 0x50, 0x00, 0x00, 0x00,
    0x00, 0x00, 0x00, 0x00, 0x00, 0x00, 0x00, 0x00, 0x00, 0x00, 0x00, 0x00, 0x00, 0x00, 0x00, 0x00, 0x00, 0x00, 0x00, 0x00, 0x00, 0x00, 0x00, 0x00,
    0x00, 0x00, 0x00, 0x00, 0x00, 0x00, 0x00, 0x00, 0x8F, 0x60, 0x00, 0xFF, 0x10, 0x04, 0xFA, 0x5F, 0x90, 0x01, 0xFF, 0x40, 0x07, 0xF7, 0x1F, 0xC0,
    0x05, 0xFF, 0x80, 0x0A, 0xF4, 0x0D, 0xF0, 0x09, 0xFE, 0xB0, 0x0D, 0xF1, 0x0A, 0xF3, 0x0C, 0xC9, 0xF0, 0x1F, 0xC0, 0x07, 0xF6, 0x1F, 0x85, 0xF4,
    0x4F, 0x90, 0x03, 0xF9, 0x5F, 0x42, 0xF7, 0x7F, 0x60, 0x00, 0xFC, 0x8F, 0x10, 0xDB, 0xAF, 0x20, 0x00, 0xCF, 0xCC, 0x00, 0x9E, 0xDE, 0x00, 0x00,
    0x8F, 0xF8, 0x00, 0x5F, 0xFB, 0x00, 0x00, 0x5F, 0xF4, 0x00, 0x2F, 0xF7, 0x00, 0x00, 0x2F, 0xF1, 0x00, 0x0F, 0xF4, 0x00, 0x00, 0x00, 0x00, 0x00,
    0x00, 0x00, 0x00, 0x00, 0x00, 0x00, 0x00, 0x00, 0x00, 0x00, 0x00, 0x00, 0x00, 0x00, 0x00, 0x00, 0x00, 0x00, 0x00, 0x00, 0x00, 0x00, 0x00, 0x00,
    0x00, 0x00, 0x00, 0x00, 0x00, 0x00, 0x00, 0x00, 0x00, 0x00, 0x5F, 0xD0, 0x00, 0x0C, 0xF7, 0x0B, 0xF7, 0x00, 0x5F, 0xD0, 0x03, 0xFE, 0x10, 0xDF,
    0x40, 0x00, 0x9F, 0x97, 0xFB, 0x00, 0x00, 0x1E, 0xFE, 0xF2, 0x00, 0x00, 0x06, 0xFF, 0x80, 0x00, 0x00, 0x08, 0xFF, 0x90, 0x00, 0x00, 0x2E, 0xFE,
    0xF3, 0x00, 0x00, 0xAF, 0x86, 0xFC, 0x00, 0x04, 0xFE, 0x10, 0xDF, 0x50, 0x0C, 0xF6, 0x00, 0x5F, 0xD1, 0x6F, 0xD0, 0x00, 0x0B, 0xF8, 0x00, 0x00,
    0x00, 0x00, 0x00, 0x00, 0x00, 0x00, 0x00, 0x00, 0x00, 0x00, 0x00, 0x00, 0x00, 0x00, 0x00, 0x00, 0x00, 0x00, 0x00, 0x00, 0x00, 0x00, 0x00, 0x00,
    0x00, 0x00, 0x00, 0x00, 0xAF, 0x70, 0x00, 0x0B, 0xF7, 0x3F, 0xE0, 0x00, 0x3F, 0xE0, 0x0A, 0xF6, 0x00, 0x9F, 0x60, 0x03, 0xFD, 0x02, 0xFD, 0x00,
    0x00, 0xAF, 0x58, 0xF6, 0x00, 0x00, 0x3F, 0xCE, 0xD0, 0x00, 0x00, 0x0A, 0xFF, 0x60, 0x00, 0x00, 0x03, 0xFE, 0x00, 0x00, 0x00, 0x02, 0xFD, 0x00,
    0x00, 0x00, 0x02, 0xFD, 0x00, 0x00, 0x00, 0x02, 0xFD, 0x00, 0x00, 0x00, 0x02, 0xFD, 0x00, 0x00, 0x00, 0x00, 0x00, 0x00, 0x00, 0x00, 0x00, 0x00,
    0x00, 0x00, 0x00, 0x00, 0x00, 0x00, 0x00, 0x00, 0x00, 0x00, 0x00, 0x00, 0x00, 0x00, 0x00, 0x00, 0x00, 0x00, 0x00, 0x00, 0x00, 0x00, 0x5F, 0xFF,
    0xFF, 0xFF, 0xF0, 0x38, 0x88, 0x88, 0xEF, 0xD0, 0x00, 0x00, 0x01, 0xEE, 0x20, 0x00, 0x00, 0x0A, 0xF7, 0x00, 0x00, 0x00, 0x4F, 0xC0, 0x00, 0x00,
    0x01, 0xDF, 0x30, 0x00, 0x00, 0x09, 0xF8, 0x00, 0x00, 0x00, 0x4F, 0xC0, 0x00, 0x00, 0x01, 0xDF, 0x30, 0x00, 0x00, 0x08, 0xF8, 0x00, 0x00, 0x00,
    0x3F, 0xF9, 0x88, 0x88, 0x81, 0x6F, 0xFF, 0xFF, 0xFF, 0xF2, 0x00, 0x00, 0x00, 0x00, 0x00, 0x00, 0x00, 0x00, 0x00, 0x00, 0x00, 0x00, 0x00, 0x00,
    0x00, 0x00, 0x00, 0x00, 0x00, 0x00, 0x00, 0x00, 0x0F, 0xFF, 0x0F, 0xE7, 0x0F, 0xE0, 0x0F, 0xE0, 0x0F, 0xE0, 0x0F, 0xE0, 0x0F, 0xE0, 0x0F, 0xE0,
    0x0F, 0xE0, 0x0F, 0xE0, 0x0F, 0xE0, 0x0F, 0xE0, 0x0F, 0xE0, 0x0F, 0xE0, 0x0F, 0xE7, 0x0F, 0xFF, 0x00, 0x00, 0x00, 0x00, 0x00, 0x00, 0x00, 0x00,
    0x00, 0x00, 0xAF, 0x30, 0x00, 0x00, 0x5F, 0x90, 0x00, 0x00, 0x0E, 0xE0, 0x00, 0x00, 0x09, 0xF5, 0x00, 0x00, 0x03, 0xFA, 0x00, 0x00, 0x00, 0xDF,
    0x10, 0x00, 0x00, 0x7F, 0x60, 0x00, 0x00, 0x2F, 0xC0, 0x00, 0x00, 0x0B, 0xF2, 0x00, 0x00, 0x06, 0xF8, 0x00, 0x00, 0x01, 0xFD, 0x00, 0x00, 0x00,
    0xAF, 0x30, 0x00, 0x00, 0x4F, 0x90, 0x00, 0x00, 0x00, 0x00, 0x00, 0x00, 0x00, 0x00, 0x00, 0x00, 0x00, 0x00, 0x00, 0x00, 0xEF, 0xF4, 0x6C, 0xF4,
    0x09, 0xF4, 0x09, 0xF4, 0x09, 0xF4, 0x09, 0xF4, 0x09, 0xF4, 0x09, 0xF4, 0x09, 0xF4, 0x09, 0xF4, 0x09, 0xF4, 0x09, 0xF4, 0x09, 0xF4, 0x09, 0xF4,
    0x6C, 0xF4, 0xEF, 0xF4, 0x00, 0x00, 0x00, 0x00, 0x00, 0x00, 0x00, 0x00, 0x00, 0x00, 0x00, 0x7F, 0x50, 0x00, 0x00, 0xDF, 0xA0, 0x00, 0x03, 0xFB,
    0xF1, 0x00, 0x09, 0xE1, 0xF7, 0x00, 0x1E, 0x80, 0xAD, 0x00, 0x6F, 0x30, 0x5F, 0x40, 0x00, 0x00, 0x00, 0x00, 0x00, 0x00, 0x00, 0x00, 0x00, 0x00,
    0x00, 0x00, 0x00, 0x00, 0x00, 0x00, 0x00, 0x00, 0x00, 0x00, 0x00, 0x00, 0x00, 0x00, 0x00, 0x00, 0x00, 0x00, 0x00, 0x00, 0x00, 0x00, 0x00, 0x00,
    0x00, 0x00, 0x00, 0x00, 0x00, 0x00, 0x00, 0x00, 0x00, 0x00, 0x00, 0x00, 0x00, 0x00, 0x00, 0x00, 0x00, 0x00, 0x00, 0x00, 0x00, 0x00, 0x00, 0x00,
    0x00, 0x00, 0x00, 0x00, 0x00, 0x00, 0x00, 0x00, 0x00, 0x00, 0x00, 0x00, 0x00, 0x00, 0x00, 0x00, 0x00, 0x00, 0x00, 0x00, 0x00, 0x00, 0x00, 0x00,
    0x00, 0x00, 0x00, 0x00, 0x00, 0x00, 0x00, 0x00, 0x00, 0x00, 0x00, 0x00, 0x00, 0x00, 0xFF, 0xFF, 0xFF, 0xF0, 0x77, 0x77, 0x77, 0x70, 0x00, 0x00,
    0x00, 0x00, 0x00, 0x00, 0x00, 0x00, 0x00, 0x00, 0x00, 0x00, 0x00, 0x00, 0x2D, 0xD1, 0x00, 0x02, 0xDB, 0x00, 0x00, 0x00, 0x00, 0x00, 0x00, 0x00,
    0x00, 0x00, 0x00, 0x00, 0x00, 0x00, 0x00, 0x00, 0x00, 0x00, 0x00, 0x00, 0x00, 0x00, 0x00, 0x00, 0x00, 0x00, 0x00, 0x00, 0x00, 0x00, 0x00, 0x00,
    0x00, 0x00, 0x00, 0x00, 0x00, 0x00, 0x00, 0x00, 0x00, 0x00, 0x00, 0x00, 0x00, 0x00, 0x00, 0x00, 0x00, 0x00, 0x00, 0x00, 0x00, 0x00, 0x00, 0x00,
    0x00, 0x00, 0x00, 0x00, 0x00, 0x00, 0x00, 0x00, 0x00, 0x00, 0x00, 0x00, 0x00, 0x01, 0x9D, 0xFC, 0x50, 0x00, 0x0B, 0xF9, 0x7D, 0xF4, 0x00, 0x19,
    0x70, 0x06, 0xF8, 0x00, 0x00, 0x00, 0x04, 0xF9, 0x00, 0x03, 0xAD, 0xFF, 0xF9, 0x00, 0x1E, 0xE5, 0x36, 0xF9, 0x00, 0x4F, 0x90, 0x08, 0xF9, 0x00,
    0x2F, 0xF9, 0x9F, 0xFA, 0x00, 0x05, 0xCF, 0xC6, 0xFC, 0x00, 0x00, 0x00, 0x00, 0x00, 0x00, 0x00, 0x00, 0x00, 0x00, 0x00, 0x00, 0x00, 0x00, 0x00,
    0x00, 0x00, 0x00, 0x00, 0x00, 0x00, 0x00, 0x00, 0x00, 0x00, 0x00, 0x00, 0x00, 0x00, 0x00, 0x00, 0x0F, 0xD0, 0x00, 0x00, 0x00, 0x0F, 0xD0, 0x00,
    0x00, 0x00, 0x0F, 0xD0, 0x00, 0x00, 0x00, 0x0F, 0xD8, 0xEE, 0xA1, 0x00, 0x0F, 0xFD, 0x9C, 0xFA, 0x00, 0x0F, 0xF1, 0x01, 0xDF, 0x10, 0x0F, 0xF0,
    0x00, 0x9F, 0x40, 0x0F, 0xF0, 0x00, 0x8F, 0x50, 0x0F, 0xF0, 0x00, 0x9F, 0x40, 0x0F, 0xF1, 0x00, 0xDF, 0x10, 0x0F, 0xFD, 0x8C, 0xF9, 0x00, 0x0F,
    0xB7, 0xEE, 0xA1, 0x00, 0x00, 0x00, 0x00, 0x00, 0x00, 0x00, 0x00, 0x00, 0x00, 0x00, 0x00, 0x00, 0x00, 0x00, 0x00, 0x00, 0x00, 0x00, 0x00, 0x00,
    0x00, 0x00, 0x00, 0x00, 0x00, 0x00, 0x00, 0x00, 0x00, 0x00, 0x00, 0x00, 0x00, 0x00, 0x00, 0x00, 0x00, 0x00, 0x00, 0x00, 0x00, 0x7D, 0xFD, 0x60,
    0x08, 0xFC, 0x8D, 0xF6, 0x1E, 0xD0, 0x01, 0xFC, 0x4F, 0x90, 0x00, 0x00, 0x6F, 0x80, 0x00, 0x00, 0x4F, 0x90, 0x00, 0x00, 0x1F, 0xD0, 0x01, 0xFC,
    0x08, 0xFC, 0x8D, 0xF5, 0x00, 0x7D, 0xFD, 0x50, 0x00, 0x00, 0x00, 0x00, 0x00, 0x00, 0x00, 0x00, 0x00, 0x00, 0x00, 0x00, 0x00, 0x00, 0x00, 0x00,
    0x00, 0x00, 0x00, 0x00, 0x00, 0x00, 0x00, 0x00, 0x00, 0x00, 0x00, 0x00, 0x00, 0xDF, 0x00, 0x00, 0x00, 0x00, 0xDF, 0x00, 0x00, 0x00, 0x00, 0xDF,
    0x00, 0x01, 0x9E, 0xE8, 0xDF, 0x00, 0x09, 0xFC, 0x9D, 0xFF, 0x00, 0x1F, 0xD1, 0x01, 0xFF, 0x00, 0x4F, 0x90, 0x00, 0xFF, 0x00, 0x5F, 0x80, 0x00,
    0xFF, 0x00, 0x4F, 0x90, 0x00, 0xFF, 0x00, 0x1F, 0xD1, 0x01, 0xFF, 0x00, 0x09, 0xFC, 0x8D, 0xFF, 0x00, 0x01, 0x9E, 0xE7, 0xBF, 0x00, 0x00, 0x00,
    0x00, 0x00, 0x00, 0x00, 0x00, 0x00, 0x00, 0x00, 0x00, 0x00, 0x00, 0x00, 0x00, 0x00, 0x00, 0x00, 0x00, 0x00, 0x00, 0x00, 0x00, 0x00, 0x00, 0x00,
    0x00, 0x00, 0x00, 0x00, 0x00, 0x00, 0x00, 0x00, 0x00, 0x00, 0x00, 0x00, 0x00, 0x00, 0x00, 0x00, 0x00, 0x00, 0x00, 0x00, 0x6D, 0xFD, 0x60, 0x00,
    0x06, 0xFC, 0x8D, 0xF5, 0x00, 0x1E, 0xE1, 0x01, 0xFC, 0x00, 0x4F, 0xF5, 0x55, 0xDF, 0x00, 0x5F, 0xFF, 0xFF, 0xFF, 0x10, 0x4F, 0x90, 0x00, 0x00,
    0x00, 0x1E, 0xE1, 0x00, 0x32, 0x00, 0x07, 0xFD, 0x99, 0xEA, 0x00, 0x00, 0x5C, 0xFD, 0x91, 0x00, 0x00, 0x00, 0x00, 0x00, 0x00, 0x00, 0x00, 0x00,
    0x00, 0x00, 0x00, 0x00, 0x00, 0x00, 0x00, 0x00, 0x00, 0x00, 0x00, 0x00, 0x00, 0x00, 0x00, 0x00, 0x00, 0x00, 0x00, 0x4C, 0xF9, 0x02, 0xFF, 0x95,
    0x05, 0xF9, 0x00, 0xAF, 0xFF, 0xF4, 0x4B, 0xFD, 0x61, 0x06, 0xF8, 0x00, 0x06, 0xF8, 0x00, 0x06, 0xF8, 0x00, 0x06, 0xF8, 0x00, 0x06, 0xF8, 0x00,
    0x06, 0xF8, 0x00, 0x06, 0xF8, 0x00, 0x00, 0x00, 0x00, 0x00, 0x00, 0x00, 0x00, 0x00, 0x00, 0x00, 0x00, 0x00, 0x00, 0x00, 0x00, 0x00, 0x00, 0x00,
    0x00, 0x00, 0x00, 0x00, 0x00, 0x00, 0x00, 0x00, 0x00, 0x00, 0x00, 0x00, 0x00, 0x00, 0x00, 0x00, 0x00, 0x00, 0x00, 0x00, 0x9E, 0xE9, 0xAF, 0x10,
    0x09, 0xFD, 0x9C, 0xFF, 0x10, 0x1F, 0xE1, 0x00, 0xFF, 0x10, 0x4F, 0x90, 0x00, 0xFF, 0x10, 0x5F, 0x80, 0x00, 0xFF, 0x10, 0x4F, 0x90, 0x00, 0xFF,
    0x10, 0x1F, 0xE1, 0x01, 0xFF, 0x10, 0x08, 0xFD, 0x8C, 0xFF, 0x10, 0x00, 0x9E, 0xE8, 0xDF, 0x10, 0x02, 0x20, 0x02, 0xFE, 0x00, 0x0A, 0xE9, 0x8D,
    0xF7, 0x00, 0x01, 0x9E, 0xFC, 0x60, 0x00, 0x00, 0x00, 0x00, 0x00, 0x00, 0x00, 0x00, 0x00, 0x00, 0x00, 0x00, 0x00, 0x00, 0x00, 0x00, 0x1F, 0xC0,
    0x00, 0x00, 0x00, 0x1F, 0xC0, 0x00, 0x00, 0x00, 0x1F, 0xC0, 0x00, 0x00, 0x00, 0x1F, 0xC7, 0xDE, 0xA1, 0x00, 0x1F, 0xFD, 0x9C, 0xF9, 0x00, 0x1F,
    0xF1, 0x01, 0xFD, 0x00, 0x1F, 0xF0, 0x00, 0xEE, 0x00, 0x1F, 0xD0, 0x00, 0xEE, 0x00, 0x1F, 0xC0, 0x00, 0xEE, 0x00, 0x1F, 0xC0, 0x00, 0xEE, 0x00,
    0x1F, 0xC0, 0x00, 0xEE, 0x00, 0x1F, 0xC0, 0x00, 0xEE, 0x00, 0x00, 0x00, 0x00, 0x00, 0x00, 0x00, 0x00, 0x00, 0x00, 0x00, 0x00, 0x00, 0x00, 0x00,
    0x00, 0x00, 0x00, 0x00, 0x00, 0x00, 0x00, 0x00, 0x00, 0x00, 0x0C, 0xD0, 0x0C, 0xD1, 0x00, 0x00, 0x0E, 0xF0, 0x0E, 0xF0, 0x0E, 0xF0, 0x0E, 0xF0,
    0x0E, 0xF0, 0x0E, 0xF0, 0x0E, 0xF0, 0x0E, 0xF0, 0x0E, 0xF0, 0x00, 0x00, 0x00, 0x00, 0x00, 0x00, 0x00, 0x00, 0x00, 0x00, 0x00, 0x00, 0x0C, 0xC0,
    0x0D, 0xC0, 0x00, 0x00, 0x0E, 0xE0, 0x0E, 0xE0, 0x0E, 0xE0, 0x0E, 0xE0, 0x0E, 0xE0, 0x0E, 0xE0, 0x0E, 0xE0, 0x0E, 0xE0, 0x0E, 0xE0, 0x0F, 0xE0,
    0xAF, 0xB0, 0xFC, 0x20, 0x00, 0x00, 0x00, 0x00, 0x00, 0x00, 0x00, 0x00, 0x00, 0x00, 0x0F, 0xD0, 0x00, 0x00, 0x0F, 0xD0, 0x00, 0x00, 0x0F, 0xD0,
    0x00, 0x00, 0x0F, 0xD0, 0x09, 0xFA, 0x0F, 0xD0, 0x6F, 0xC1, 0x0F, 0xD4, 0xFD, 0x20, 0x0F, 0xFE, 0xF3, 0x00, 0x0F, 0xFF, 0xF7, 0x00, 0x0F, 0xF7,
    0xEE, 0x20, 0x0F, 0xF0, 0x6F, 0xC0, 0x0F, 0xD0, 0x0B, 0xF7, 0x0F, 0xD0, 0x02, 0xEE, 0x00, 0x00, 0x00, 0x00, 0x00, 0x00, 0x00, 0x00, 0x00, 0x00,
    0x00, 0x00, 0x00, 0x00, 0x00, 0x00, 0x00, 0x00, 0x00, 0x00, 0x0E, 0xF0, 0x0E, 0xF0, 0x0E, 0xF0, 0x0E, 0xF0, 0x0E, 0xF0, 0x0E, 0xF0, 0x0E, 0xF0,
    0x0E, 0xF0, 0x0E, 0xF0, 0x0E, 0xF0, 0x0E, 0xF0, 0x0E, 0xF0, 0x00, 0x00, 0x00, 0x00, 0x00, 0x00, 0x00, 0x00, 0x00, 0x00, 0x00, 0x00, 0x00, 0x00,
    0x00, 0x00, 0x00, 0x00, 0x00, 0x00, 0x00, 0x00, 0x00, 0x00, 0x00, 0x00, 0x00, 0x00, 0x00, 0x00, 0x00, 0x00, 0x00, 0x00, 0x00, 0x00, 0x00, 0x00,
    0x00, 0x00, 0x00, 0x00, 0x00, 0x0F, 0xC7, 0xDE, 0xA1, 0x7E, 0xEA, 0x10, 0x0F, 0xFC, 0x9D, 0xFF, 0xD9, 0xCF, 0x90, 0x0F, 0xF1, 0x01, 0xFF, 0x10,
    0x1F, 0xD0, 0x0F, 0xF0, 0x00, 0xFF, 0x00, 0x0E, 0xE0, 0x0F, 0xE0, 0x00, 0xFE, 0x00, 0x0E, 0xF0, 0x0F, 0xD0, 0x00, 0xFE, 0x00, 0x0E, 0xF0, 0x0F,
    0xD0, 0x00, 0xFE, 0x00, 0x0E, 0xF0, 0x0F, 0xD0, 0x00, 0xFE, 0x00, 0x0E, 0xF0, 0x0F, 0xD0, 0x00, 0xFE, 0x00, 0x0E, 0xF0, 0x00, 0x00, 0x00, 0x00,
    0x00, 0x00, 0x00, 0x00, 0x00, 0x00, 0x00, 0x00, 0x00, 0x00, 0x00, 0x00, 0x00, 0x00, 0x00, 0x00, 0x00, 0x00, 0x00, 0x00, 0x00, 0x00, 0x00, 0x00,
    0x00, 0x00, 0x00, 0x00, 0x00, 0x00, 0x00, 0x00, 0x00, 0x00, 0x00, 0x00, 0x00, 0x00, 0x00, 0x00, 0x00, 0x00, 0x00, 0x00, 0x00, 0x00, 0x00, 0x00,
    0x00, 0x1F, 0xB7, 0xDE, 0xB1, 0x00, 0x1F, 0xFD, 0x9C, 0xF9, 0x00, 0x1F, 0xF1, 0x01, 0xFD, 0x00, 0x1F, 0xF0, 0x00, 0xEE, 0x00, 0x1F, 0xD0, 0x00,
    0xEE, 0x00, 0x1F, 0xC0, 0x00, 0xEE, 0x00, 0x1F, 0xC0, 0x00, 0xEE, 0x00, 0x1F, 0xC0, 0x00, 0xEE, 0x00, 0x1F, 0xC0, 0x00, 0xEE, 0x00, 0x00, 0x00,
    0x00, 0x00, 0x00, 0x00, 0x00, 0x00, 0x00, 0x00, 0x00, 0x00, 0x00, 0x00, 0x00, 0x00, 0x00, 0x00, 0x00, 0x00, 0x00, 0x00, 0x00, 0x00, 0x00, 0x00,
    0x00, 0x00, 0x00, 0x00, 0x00, 0x00, 0x00, 0x00, 0x00, 0x00, 0x00, 0x00, 0x00, 0x00, 0x00, 0x00, 0x00, 0x00, 0x00, 0x00, 0x6D, 0xFD, 0x70, 0x00,
    0x07, 0xFD, 0x8C, 0xF8, 0x00, 0x1E, 0xE1, 0x01, 0xDF, 0x20, 0x5F, 0x90, 0x00, 0x8F, 0x60, 0x6F, 0x80, 0x00, 0x7F, 0x70, 0x5F, 0x90, 0x00, 0x8F,
    0x60, 0x1E, 0xE1, 0x00, 0xDF, 0x20, 0x07, 0xFD, 0x8C, 0xF8, 0x00, 0x00, 0x6D, 0xFD, 0x60, 0x00, 0x00, 0x00, 0x00, 0x00, 0x00, 0x00, 0x00, 0x00,
    0x00, 0x00, 0x00, 0x00, 0x00, 0x00, 0x00, 0x00, 0x00, 0x00, 0x00, 0x00, 0x00, 0x00, 0x00, 0x00, 0x00, 0x00, 0x00, 0x00, 0x00, 0x00, 0x00, 0x00,
    0x00, 0x00, 0x00, 0x00, 0x00, 0x00, 0x00, 0x00, 0x00, 0x00, 0x00, 0x00, 0x00, 0x0F, 0xC8, 0xEE, 0x91, 0x00, 0x0F, 0xFD, 0x9D, 0xFA, 0x00, 0x0F,
    0xF1, 0x01, 0xEF, 0x10, 0x0F, 0xF0, 0x00, 0x9F, 0x40, 0x0F, 0xF0, 0x00, 0x8F, 0x50, 0x0F, 0xF0, 0x00, 0x9F, 0x40, 0x0F, 0xF1, 0x01, 0xEF, 0x10,
    0x0F, 0xFC, 0x8C, 0xF9, 0x00, 0x0F, 0xD8, 0xEE, 0x91, 0x00, 0x0F, 0xD0, 0x00, 0x00, 0x00, 0x0F, 0xD0, 0x00, 0x00, 0x00, 0x0F, 0xD0, 0x00, 0x00,
    0x00, 0x00, 0x00, 0x00, 0x00, 0x00, 0x00, 0x00, 0x00, 0x00, 0x00, 0x00, 0x00, 0x00, 0x00, 0x00, 0x00, 0x00, 0x00, 0x00, 0x00, 0x00, 0x00, 0x00,
    0x00, 0x00, 0x00, 0x00, 0x00, 0x00, 0x00, 0x01, 0x9E, 0xE8, 0xBF, 0x00, 0x09, 0xFC, 0x8C, 0xFF, 0x00, 0x1F, 0xD1, 0x01, 0xFF, 0x00, 0x4F, 0x90,
    0x00, 0xFF, 0x00, 0x5F, 0x80, 0x00, 0xFF, 0x00, 0x4F, 0x90, 0x00, 0xFF, 0x00, 0x1F, 0xD1, 0x01, 0xFF, 0x00, 0x09, 0xFC, 0x8C, 0xFF, 0x00, 0x01,
    0x9E, 0xE8, 0xDF, 0x00, 0x00, 0x00, 0x00, 0xDF, 0x00, 0x00, 0x00, 0x00, 0xDF, 0x00, 0x00, 0x00, 0x00, 0xDF, 0x00, 0x00, 0x00, 0x00, 0x00, 0x00,
    0x00, 0x00, 0x00, 0x00, 0x00, 0x00, 0x00, 0x00, 0x00, 0x00, 0x00, 0x00, 0x00, 0x00, 0x00, 0x0F, 0xC8, 0xE6, 0x0F, 0xFF, 0xD5, 0x0F, 0xF3, 0x00,
    0x0F, 0xF0, 0x00, 0x0F, 0xD0, 0x00, 0x0F, 0xD0, 0x00, 0x0F, 0xD0, 0x00, 0x0F, 0xD0, 0x00, 0x0F, 0xD0, 0x00, 0x00, 0x00, 0x00, 0x00, 0x00, 0x00,
    0x00, 0x00, 0x00, 0x00, 0x00, 0x00, 0x00, 0x00, 0x00, 0x00, 0x00, 0x00, 0x00, 0x00, 0x00, 0x00, 0x00, 0x00, 0x00, 0x00, 0x00, 0x00, 0x00, 0x00,
    0x00, 0x00, 0x02, 0x9E, 0xEC, 0x40, 0x0C, 0xF8, 0x7E, 0xF3, 0x1F, 0xB0, 0x05, 0xA5, 0x0D, 0xF8, 0x40, 0x00, 0x02, 0xBF, 0xFE, 0x70, 0x00, 0x01,
    0x5D, 0xF5, 0x4C, 0x60, 0x06, 0xF8, 0x1E, 0xE8, 0x7D, 0xF3, 0x02, 0xAE, 0xEC, 0x40, 0x00, 0x00, 0x00, 0x00, 0x00, 0x00, 0x00, 0x00, 0x00, 0x00,
    0x00, 0x00, 0x00, 0x00, 0x00, 0x00, 0x00, 0x00, 0x00, 0x00, 0x00, 0x00, 0x00, 0x00, 0x00, 0x08, 0xF5, 0x00, 0x08, 0xF5, 0x00, 0xEF, 0xFF, 0xD0,
    0x5E, 0xFB, 0x50, 0x08, 0xF5, 0x00, 0x08, 0xF5, 0x00, 0x08, 0xF5, 0x00, 0x08, 0xF5, 0x00, 0x08, 0xF5, 0x00, 0x06, 0xFC, 0x80, 0x01, 0xAE, 0xD0,
    0x00, 0x00, 0x00, 0x00, 0x00, 0x00, 0x00, 0x00, 0x00, 0x00, 0x00, 0x00, 0x00, 0x00, 0x00, 0x00, 0x00, 0x00, 0x00, 0x00, 0x00, 0x00, 0x00, 0x00,
    0x00, 0x00, 0x00, 0x00, 0x00, 0x00, 0x00, 0x00, 0x00, 0x00, 0x00, 0x00, 0x00, 0x1F, 0xC0, 0x00, 0xEE, 0x00, 0x1F, 0xC0, 0x00, 0xEE, 0x00, 0x1F,
    0xC0, 0x00, 0xEE, 0x00, 0x1F, 0xC0, 0x00, 0xEE, 0x00, 0x1F, 0xC0, 0x00, 0xEE, 0x00, 0x1F, 0xC0, 0x00, 0xFE, 0x00, 0x0E, 0xE0, 0x01, 0xFE, 0x00,
    0x0A, 0xFB, 0x8D, 0xFE, 0x00, 0x02, 0xBE, 0xE7, 0xDE, 0x00, 0x00, 0x00, 0x00, 0x00, 0x00, 0x00, 0x00, 0x00, 0x00, 0x00, 0x00, 0x00, 0x00, 0x00,
    0x00, 0x00, 0x00, 0x00, 0x00, 0x00, 0x00, 0x00, 0x00, 0x00, 0x00, 0x00, 0x00, 0x00, 0x00, 0x00, 0x00, 0x00, 0x00, 0x00, 0x00, 0x00, 0x00, 0x00,
    0x00, 0x00, 0xAF, 0x40, 0x05, 0xF9, 0x5F, 0x80, 0x09, 0xF4, 0x1E, 0xD0, 0x0E, 0xE0, 0x0A, 0xF2, 0x3F, 0x90, 0x05, 0xF6, 0x7F, 0x40, 0x01, 0xFA,
    0xBE, 0x00, 0x00, 0xBF, 0xF9, 0x00, 0x00, 0x6F, 0xF4, 0x00, 0x00, 0x1F, 0xF0, 0x00, 0x00, 0x00, 0x00, 0x00, 0x00, 0x00, 0x00, 0x00, 0x00, 0x00,
    0x00, 0x00, 0x00, 0x00, 0x00, 0x00, 0x00, 0x00, 0x00, 0x00, 0x00, 0x00, 0x00, 0x00, 0x00, 0x00, 0x00, 0x00, 0x00, 0x00, 0x00, 0x00, 0x00, 0x00,
    0x00, 0x00, 0x00, 0x00, 0x00, 0x00, 0x00, 0x00, 0x00, 0x00, 0x00, 0x00, 0x9F, 0x30, 0x0F, 0xF0, 0x06, 0xF7, 0x5F, 0x70, 0x3F, 0xF1, 0x09, 0xF3,
    0x1F, 0xA0, 0x7F, 0xF5, 0x0C, 0xE0, 0x0D, 0xD0, 0xBA, 0xD9, 0x1F, 0xA0, 0x09, 0xF2, 0xF6, 0x9D, 0x4F, 0x60, 0x05, 0xF9, 0xF2, 0x4F, 0x9F, 0x20,
    0x01, 0xFF, 0xD0, 0x1F, 0xFE, 0x00, 0x00, 0xCF, 0x80, 0x0B, 0xFA, 0x00, 0x00, 0x8F, 0x40, 0x06, 0xF6, 0x00, 0x00, 0x00, 0x00, 0x00, 0x00, 0x00,
    0x00, 0x00, 0x00, 0x00, 0x00, 0x00, 0x00, 0x00, 0x00, 0x00, 0x00, 0x00, 0x00, 0x00, 0x00, 0x00, 0x00, 0x00, 0x00, 0x00, 0x00, 0x00, 0x00, 0x00,
    0x00, 0x00, 0x00, 0x00, 0x00, 0x00, 0x00, 0x00, 0x00, 0x00, 0x00, 0x00, 0x00, 0x00, 0x6F, 0xA0, 0x09, 0xF7, 0x0C, 0xF3, 0x3F, 0xD0, 0x03, 0xFB,
    0xBF, 0x40, 0x00, 0x9F, 0xFB, 0x00, 0x00, 0x4F, 0xF5, 0x00, 0x00, 0xBF, 0xFC, 0x00, 0x05, 0xFA, 0xAF, 0x60, 0x0D, 0xF2, 0x2F, 0xE1, 0x7F, 0x90,
    0x08, 0xF8, 0x00, 0x00, 0x00, 0x00, 0x00, 0x00, 0x00, 0x00, 0x00, 0x00, 0x00, 0x00, 0x00, 0x00, 0x00, 0x00, 0x00, 0x00, 0x00, 0x00, 0x00, 0x00,
    0x00, 0x00, 0x00, 0x00, 0x00, 0x00, 0x00, 0x00, 0x00, 0x00, 0x00, 0x00, 0x00, 0x00, 0xBF, 0x40, 0x07, 0xF8, 0x6F, 0x90, 0x0B, 0xF3, 0x1F, 0xD0,
    0x1F, 0xD0, 0x0A, 0xF3, 0x5F, 0x80, 0x05, 0xF8, 0xAF, 0x30, 0x00, 0xED, 0xED, 0x00, 0x00, 0x9F, 0xF7, 0x00, 0x00, 0x4F, 0xF2, 0x00, 0x00, 0x0F,
    0xF0, 0x00, 0x00, 0x4F, 0x70, 0x00, 0x29, 0xEE, 0x10, 0x00, 0x2E, 0xD4, 0x00, 0x00, 0x00, 0x00, 0x00, 0x00, 0x00, 0x00, 0x00, 0x00, 0x00, 0x00,
    0x00, 0x00, 0x00, 0x00, 0x00, 0x00, 0x00, 0x00, 0x00, 0x00, 0x00, 0x00, 0x00, 0x00, 0x4F, 0xFF, 0xFF, 0xF5, 0x28, 0x88, 0x9F, 0xF2, 0x00, 0x00,
    0xAF, 0x60, 0x00, 0x06, 0xFB, 0x00, 0x00, 0x2E, 0xE1, 0x00, 0x00, 0xBF, 0x50, 0x00, 0x07, 0xF9, 0x00, 0x00, 0x3F, 0xF8, 0x88, 0x84, 0x6F, 0xFF,
    0xFF, 0xF8, 0x00, 0x00, 0x00, 0x00, 0x00, 0x00, 0x00, 0x00, 0x00, 0x00, 0x00, 0x00, 0x00, 0x00, 0x00, 0x00, 0x00, 0x00, 0x00, 0x00, 0x00, 0x00,
    0x00, 0x07, 0xC0, 0x00, 0x8F, 0x70, 0x00, 0xED, 0x00, 0x01, 0xFB, 0x00, 0x01, 0xFB, 0x00, 0x02, 0xFA, 0x00, 0x4B, 0xF4, 0x00, 0xEF, 0xB0, 0x00,
    0x18, 0xF6, 0x00, 0x02, 0xFA, 0x00, 0x01, 0xFB, 0x00, 0x00, 0xFB, 0x00, 0x00, 0xDD, 0x00, 0x00, 0x7F, 0x80, 0x00, 0x07, 0xC0, 0x00, 0x00, 0x00,
    0x00, 0x00, 0x00, 0x00, 0x0A, 0x90, 0x0A, 0x90, 0x0A, 0x90, 0x0A, 0x90, 0x0A, 0x90, 0x0A, 0x90, 0x0A, 0x90, 0x0A, 0x90, 0x0A, 0x90, 0x0A, 0x90,
    0x0A, 0x90, 0x0A, 0x90, 0x0A, 0x90, 0x0A, 0x90, 0x00, 0x00, 0x00, 0x00, 0x00, 0x00, 0x00, 0x00, 0x00, 0x00, 0x8A, 0x10, 0x00, 0x4E, 0xD0, 0x00,
    0x08, 0xF3, 0x00, 0x06, 0xF6, 0x00, 0x06, 0xF6, 0x00, 0x05, 0xF7, 0x00, 0x01, 0xDE, 0x60, 0x00, 0x5F, 0xF0, 0x02, 0xFC, 0x10, 0x05, 0xF6, 0x00,
    0x06, 0xF6, 0x00, 0x06, 0xF5, 0x00, 0x08, 0xF3, 0x00, 0x4E, 0xC0, 0x00, 0x89, 0x10, 0x00, 0x00, 0x00, 0x00, 0x00, 0x00, 0x00, 0x00, 0x00, 0x00,
    0x00, 0x00, 0x00, 0x00, 0x00, 0x00, 0x00, 0x00, 0x00, 0x00, 0x00, 0x00, 0x00, 0x00, 0x00, 0x00, 0x00, 0x00, 0x00, 0x00, 0x00, 0x00, 0x00, 0x00,
    0x00, 0x00, 0x00, 0x00, 0x00, 0x00, 0x00, 0x00, 0x00, 0x00, 0x00, 0x00, 0x00, 0x00, 0x00, 0x00, 0x00, 0x00, 0x02, 0xBE, 0xC4, 0x00, 0xD9, 0x00,
    0x0B, 0xE9, 0xDF, 0xBB, 0xF5, 0x00, 0x0F, 0x80, 0x18, 0xDE, 0x80, 0x00, 0x00, 0x00, 0x00, 0x00, 0x00, 0x00, 0x00, 0x00, 0x00, 0x00, 0x00, 0x00,
    0x00, 0x00, 0x00, 0x00, 0x00, 0x00, 0x00, 0x00, 0x00, 0x00, 0x00, 0x00, 0x00, 0x00, 0x00, 0x00, 0x00, 0x00, 0x00, 0x00, 0x00, 0x00, 0x00, 0x00,
    0x00, 0x00, 0x00, 0x00, 0x00, 0x00,
};

static const aa_glyph_t aa_label_glyphs[] = {
    { 4, 0 }, // ' '
    { 4, 36 }, // '!'
    { 5, 72 }, // '"'
    { 10, 126 }, // '#'
    { 9, 216 }, // '$'
    { 12, 306 }, // '%'
    { 10, 414 }, // '&'
    { 3, 504 }, // '''
    { 6, 540 }, // '('
    { 6, 594 }, // ')'
    { 7, 648 }, // '*'
    { 9, 720 }, // '+'
    { 4, 810 }, // ','
    { 5, 846 }, // '-'
    { 4, 900 }, // '.'
    { 6, 936 }, // '/'
    { 9, 990 }, // '0'
    { 9, 1080 }, // '1'
    { 9, 1170 }, // '2'
    { 9, 1260 }, // '3'
    { 9, 1350 }, // '4'
    { 9, 1440 }, // '5'
    { 9, 1530 }, // '6'
    { 9, 1620 }, // '7'
    { 9, 1710 }, // '8'
    { 9, 1800 }, // '9'
    { 4, 1890 }, // ':'
    { 4, 1926 }, // ';'
    { 8, 1962 }, // '<'
    { 9, 2034 }, // '='
    { 8, 2124 }, // '>'
    { 8, 2196 }, // '?'
    { 14, 2268 }, // '@'
    { 11, 2394 }, // 'A'
    { 10, 2502 }, // 'B'
    { 10, 2592 }, // 'C'
    { 10, 2682 }, // 'D'
    { 9, 2772 }, // 'E'
    { 9, 2862 }, // 'F'
    { 11, 2952 }, // 'G'
    { 11, 3060 }, // 'H'
    { 5, 3168 }, // 'I'
    { 9, 3222 }, // 'J'
    { 10, 3312 }, // 'K'
    { 9, 3402 }, // 'L'
    { 14, 3492 }, // 'M'
    { 11, 3618 }, // 'N'
    { 11, 3726 }, // 'O'
    { 10, 3834 }, // 'P'
    { 11, 3924 }, // 'Q'
    { 10, 4032 }, // 'R'
    { 10, 4122 }, // 'S'
    { 10, 4212 }, // 'T'
    { 10, 4302 }, // 'U'
    { 10, 4392 }, // 'V'
    { 14, 4482 }, // 'W'
    { 10, 4608 }, // 'X'
    { 10, 4698 }, // 'Y'
    { 10, 4788 }, // 'Z'
    { 4, 4878 }, // '['
    { 7, 4914 }, // '\'
    { 4, 4986 }, // ']'
    { 7, 5022 }, // '^'
    { 7, 5094 }, // '_'
    { 5, 5166 }, // '`'
    { 9, 5220 }, // 'a'
    { 9, 5310 }, // 'b'
    { 8, 5400 }, // 'c'
    { 9, 5472 }, // 'd'
    { 9, 5562 }, // 'e'
    { 6, 5652 }, // 'f'
    { 9, 5706 }, // 'g'
    { 9, 5796 }, // 'h'
    { 4, 5886 }, // 'i'
    { 4, 5922 }, // 'j'
    { 8, 5958 }, // 'k'
    { 4, 6030 }, // 'l'
    { 14, 6066 }, // 'm'
    { 9, 6192 }, // 'n'
    { 9, 6282 }, // 'o'
    { 9, 6372 }, // 'p'
    { 9, 6462 }, // 'q'
    { 6, 6552 }, // 'r'
    { 8, 6606 }, // 's'
    { 5, 6678 }, // 't'
    { 9, 6732 }, // 'u'
    { 8, 6822 }, // 'v'
    { 12, 6894 }, // 'w'
    { 8, 7002 }, // 'x'
    { 8, 7074 }, // 'y'
    { 8, 7146 }, // 'z'
    { 5, 7218 }, // '{'
    { 4, 7272 }, // '|'
    { 5, 7308 }, // '}'
    { 11, 7362 }, // '~'
};

static const aa_font_t aa_label = { 18, 9, " !\"#$%&'()*+,-./0123456789:;<=>?@ABCDEFGHIJKLMNOPQRSTUVWXYZ[\\]^_`abcdefghijklmnopqrstuvwxyz{|}~", aa_label_glyphs, aa_label_data };

static const uint8_t aa_state_data[] = { // height 16, 40 glyphs, 3792 bytes
    0x00, 0x00, 0x00, 0x00, 0x00, 0x00, 0x00, 0x00, 0x00, 0x00, 0x00, 0x00, 0x00, 0x00, 0x00, 0x00, 0x00, 0x00, 0x00, 0x00, 0x00, 0x00, 0x00, 0x00,
    0x00, 0x00, 0x00, 0x00, 0x00, 0x00, 0x00, 0x00, 0x00, 0x00, 0x00, 0x00, 0x00, 0x00, 0x00, 0x00, 0x00, 0x00, 0x00, 0x00, 0x00, 0x00, 0x00, 0x00,
    0x00, 0x00, 0x00, 0x00, 0x00, 0x00, 0x00, 0x00, 0x00, 0x00, 0x00, 0x00, 0x00, 0x00, 0x00, 0x00, 0x00, 0x00, 0x00, 0x00, 0x00, 0x00, 0x00, 0x00,
    0x01, 0x11, 0x11, 0x00, 0x0E, 0xFF, 0xFF, 0x50, 0x0E, 0xFF, 0xFF, 0x50, 0x00, 0x00, 0x00, 0x00, 0x00, 0x00, 0x00, 0x00, 0x00, 0x00, 0x00, 0x00,
    0x00, 0x00, 0x00, 0x00, 0x00, 0x00, 0x00, 0x00, 0x00, 0x00, 0x00, 0x00, 0x00, 0x00, 0x00, 0x00, 0x00, 0x00, 0x00, 0x00, 0x00, 0x00, 0x00, 0x00,
    0x00, 0x00, 0x00, 0x00, 0x00, 0x00, 0x00, 0x00, 0x00, 0x00, 0x00, 0x00, 0x00, 0x00, 0x00, 0x00, 0x00, 0x00, 0x00, 0x00, 0x00, 0x00, 0x00, 0x00,
    0x00, 0x04, 0xB8, 0x00, 0x0C, 0xFF, 0x20, 0x06, 0xEB, 0x00, 0x00, 0x00, 0x00, 0x00, 0x00, 0x00, 0x00, 0x00, 0x00, 0x00, 0x00, 0x00, 0x00, 0x00,
    0x00, 0x04, 0xB8, 0x00, 0x0C, 0xFF, 0x20, 0x06, 0xEB, 0x00, 0x00, 0x00, 0x00, 0x00, 0x00, 0x00, 0x00, 0x00, 0x00, 0x00, 0x00, 0x00, 0x00, 0x00,
    0x00, 0x04, 0xB8, 0x00, 0x0C, 0xFF, 0x20, 0x06, 0xEB, 0x00, 0x00, 0x00, 0x00, 0x00, 0x00, 0x00, 0x00, 0x19, 0xDF, 0xD8, 0x10, 0x00, 0x01, 0xDF,
    0xFF, 0xFF, 0xB0, 0x00, 0x08, 0xFF, 0x72, 0x8F, 0xF6, 0x00, 0x0D, 0xFC, 0x00, 0x0E, 0xFB, 0x00, 0x0F, 0xF9, 0x00, 0x0B, 0xFE, 0x00, 0x1F, 0xF8,
    0x00, 0x0A, 0xFF, 0x00, 0x2F, 0xF8, 0x00, 0x0A, 0xFF, 0x00, 0x2F, 0xF8, 0x00, 0x0A, 0xFF, 0x00, 0x1F, 0xF9, 0x00, 0x0A, 0xFF, 0x00, 0x0F, 0xF9,
    0x00, 0x0B, 0xFE, 0x00, 0x0D, 0xFC, 0x00, 0x0E, 0xFB, 0x00, 0x08, 0xFF, 0x72, 0x8F, 0xF6, 0x00, 0x01, 0xCF, 0xFF, 0xFF, 0xC0, 0x00, 0x00, 0x19,
    0xDF, 0xD8, 0x10, 0x00, 0x00, 0x00, 0x00, 0x00, 0x00, 0x00, 0x00, 0x00, 0x00, 0x00, 0x00, 0x00, 0x00, 0x00, 0x16, 0xB6, 0x00, 0x00, 0x00, 0x4A,
    0xEF, 0xF7, 0x00, 0x00, 0x06, 0xFF, 0xFF, 0xF7, 0x00, 0x00, 0x07, 0xE9, 0x7F, 0xF7, 0x00, 0x00, 0x01, 0x00, 0x4F, 0xF7, 0x00, 0x00, 0x00, 0x00,
    0x4F, 0xF7, 0x00, 0x00, 0x00, 0x00, 0x4F, 0xF7, 0x00, 0x00, 0x00, 0x00, 0x4F, 0xF7, 0x00, 0x00, 0x00, 0x00, 0x4F, 0xF7, 0x00, 0x00, 0x00, 0x00,
    0x4F, 0xF7, 0x00, 0x00, 0x00, 0x00, 0x4F, 0xF7, 0x00, 0x00, 0x00, 0x00, 0x4F, 0xF7, 0x00, 0x00, 0x00, 0x00, 0x4F, 0xF7, 0x00, 0x00, 0x00, 0x00,
    0x4F, 0xF7, 0x00, 0x00, 0x00, 0x00, 0x00, 0x00, 0x00, 0x00, 0x00, 0x00, 0x00, 0x00, 0x00, 0x00, 0x00, 0x3A, 0xEF, 0xD9, 0x10, 0x00, 0x05, 0xFF,
    0xFF, 0xFF, 0xD1, 0x00, 0x1E, 0xFE, 0x53, 0xAF, 0xF7, 0x00, 0x4F, 0xF7, 0x00, 0x1F, 0xFA, 0x00, 0x00, 0x00, 0x00, 0x0F, 0xFA, 0x00, 0x00, 0x00,
    0x00, 0x6F, 0xF6, 0x00, 0x00, 0x00, 0x01, 0xEF, 0xD0, 0x00, 0x00, 0x00, 0x1C, 0xFF, 0x30, 0x00, 0x00, 0x00, 0xAF, 0xF5, 0x00, 0x00, 0x00, 0x09,
    0xFF, 0x70, 0x00, 0x00, 0x00, 0x8F, 0xF9, 0x00, 0x00, 0x00, 0x06, 0xFF, 0xC2, 0x11, 0x11, 0x00, 0x1F, 0xFF, 0xFF, 0xFF, 0xFF, 0x30, 0x1F, 0xFF,
    0xFF, 0xFF, 0xFF, 0x30, 0x00, 0x00, 0x00, 0x00, 0x00, 0x00, 0x00, 0x00, 0x00, 0x00, 0x00, 0x00, 0x00, 0x3A, 0xEF, 0xD8, 0x10, 0x00, 0x04, 0xFF,
    0xFF, 0xFF, 0xD1, 0x00, 0x0D, 0xFE, 0x53, 0x9F, 0xF8, 0x00, 0x3F, 0xF8, 0x00, 0x0F, 0xFB, 0x00, 0x00, 0x00, 0x00, 0x0F, 0xFA, 0x00, 0x00, 0x00,
    0x02, 0x9F, 0xF4, 0x00, 0x00, 0x07, 0xFF, 0xFF, 0x60, 0x00, 0x00, 0x07, 0xFF, 0xFF, 0x90, 0x00, 0x00, 0x00, 0x01, 0x6F, 0xF9, 0x00, 0x00, 0x00,
    0x00, 0x0B, 0xFE, 0x00, 0x5F, 0xF6, 0x00, 0x0C, 0xFE, 0x00, 0x2F, 0xFD, 0x42, 0x8F, 0xFB, 0x00, 0x07, 0xFF, 0xFF, 0xFF, 0xE2, 0x00, 0x00, 0x4B,
    0xEF, 0xD8, 0x10, 0x00, 0x00, 0x00, 0x00, 0x00, 0x00, 0x00, 0x00, 0x00, 0x00, 0x00, 0x00, 0x00, 0x00, 0x00, 0x02, 0xFF, 0xE0, 0x00, 0x00, 0x00,
    0x0B, 0xFF, 0xD0, 0x00, 0x00, 0x00, 0x5F, 0xFF, 0xD0, 0x00, 0x00, 0x01, 0xDF, 0xFF, 0xD0, 0x00, 0x00, 0x08, 0xFB, 0xCF, 0xD0, 0x00, 0x00, 0x2F,
    0xF2, 0xCF, 0xD0, 0x00, 0x00, 0xBF, 0x80, 0xCF, 0xD0, 0x00, 0x05, 0xFE, 0x10, 0xCF, 0xD0, 0x00, 0x1D, 0xF7, 0x11, 0xEF, 0xE1, 0x10, 0x6F, 0xFF,
    0xFF, 0xFF, 0xFF, 0x60, 0x6F, 0xFF, 0xFF, 0xFF, 0xFF, 0x60, 0x00, 0x00, 0x00, 0xCF, 0xD0, 0x00, 0x00, 0x00, 0x00, 0xCF, 0xD0, 0x00, 0x00, 0x00,
    0x00, 0xCF, 0xD0, 0x00, 0x00, 0x00, 0x00, 0x00, 0x00, 0x00, 0x00, 0x00, 0x00, 0x00, 0x00, 0x00, 0x00, 0xFF, 0xFF, 0xFF, 0xFA, 0x00, 0x01, 0xFF,
    0xFF, 0xFF, 0xFA, 0x00, 0x03, 0xFF, 0x63, 0x33, 0x32, 0x00, 0x04, 0xFF, 0x20, 0x00, 0x00, 0x00, 0x06, 0xFF, 0x10, 0x00, 0x00, 0x00, 0x08, 0xFF,
    0xAE, 0xEB, 0x40, 0x00, 0x09, 0xFF, 0xFF, 0xFF, 0xF4, 0x00, 0x03, 0x89, 0x10, 0x6F, 0xFB, 0x00, 0x00, 0x00, 0x00, 0x0B, 0xFF, 0x00, 0x00, 0x00,
    0x00, 0x09, 0xFF, 0x10, 0x0E, 0xFC, 0x00, 0x0B, 0xFF, 0x00, 0x0A, 0xFF, 0x72, 0x6F, 0xFA, 0x00, 0x01, 0xDF, 0xFF, 0xFF, 0xE2, 0x00, 0x00, 0x18,
    0xDF, 0xEA, 0x20, 0x00, 0x00, 0x00, 0x00, 0x00, 0x00, 0x00, 0x00, 0x00, 0x00, 0x00, 0x00, 0x00, 0x00, 0x00, 0x39, 0xDF, 0x30, 0x00, 0x00, 0x08,
    0xFF, 0xFF, 0x30, 0x00, 0x00, 0x7F, 0xFC, 0x53, 0x00, 0x00, 0x02, 0xFF, 0xB0, 0x00, 0x00, 0x00, 0x09, 0xFE, 0x20, 0x00, 0x00, 0x00, 0x0D, 0xFB,
    0x7D, 0xFC, 0x50, 0x00, 0x0F, 0xFF, 0xFF, 0xFF, 0xF5, 0x00, 0x1F, 0xFF, 0x62, 0x6F, 0xFD, 0x00, 0x1F, 0xFF, 0x00, 0x09, 0xFF, 0x20, 0x0F, 0xFA,
    0x00, 0x07, 0xFF, 0x30, 0x0C, 0xFD, 0x00, 0x09, 0xFF, 0x20, 0x06, 0xFF, 0x82, 0x6F, 0xFC, 0x00, 0x00, 0xAF, 0xFF, 0xFF, 0xE3, 0x00, 0x00, 0x07,
    0xDF, 0xEA, 0x20, 0x00, 0x00, 0x00, 0x00, 0x00, 0x00, 0x00, 0x00, 0x00, 0x00, 0x00, 0x00, 0x00, 0x7F, 0xFF, 0xFF, 0xFF, 0xFF, 0x20, 0x7F, 0xFF,
    0xFF, 0xFF, 0xFF, 0x10, 0x11, 0x11, 0x11, 0x2E, 0xFA, 0x00, 0x00, 0x00, 0x00, 0x5F, 0xF4, 0x00, 0x00, 0x00, 0x00, 0xCF, 0xD0, 0x00, 0x00, 0x00,
    0x03, 0xFF, 0x60, 0x00, 0x00, 0x00, 0x0A, 0xFE, 0x10, 0x00, 0x00, 0x00, 0x2F, 0xF9, 0x00, 0x00, 0x00, 0x00, 0x8F, 0xF3, 0x00, 0x00, 0x00, 0x01,
    0xEF, 0xB0, 0x00, 0x00, 0x00, 0x06, 0xFF, 0x50, 0x00, 0x00, 0x00, 0x0D, 0xFD, 0x00, 0x00, 0x00, 0x00, 0x4F, 0xF7, 0x00, 0x00, 0x00, 0x00, 0xBF,
    0xF2, 0x00, 0x00, 0x00, 0x00, 0x00, 0x00, 0x00, 0x00, 0x00, 0x00, 0x00, 0x00, 0x00, 0x00, 0x00, 0x00, 0x29, 0xEF, 0xD9, 0x10, 0x00, 0x02, 0xEF,
    0xFF, 0xFF, 0xD1, 0x00, 0x09, 0xFF, 0x82, 0x9F, 0xF7, 0x00, 0x0C, 0xFE, 0x00, 0x1F, 0xFA, 0x00, 0x0B, 0xFE, 0x00, 0x1F, 0xFA, 0x00, 0x06, 0xFF,
    0x82, 0x9F, 0xF4, 0x00, 0x00, 0x8F, 0xFF, 0xFF, 0x60, 0x00, 0x01, 0xBF, 0xFF, 0xFF, 0xA1, 0x00, 0x0A, 0xFE, 0x51, 0x6F, 0xF9, 0x00, 0x1F, 0xFA,
    0x00, 0x0B, 0xFE, 0x00, 0x1F, 0xFA, 0x00, 0x0C, 0xFF, 0x00, 0x0D, 0xFF, 0x62, 0x7F, 0xFC, 0x00, 0x05, 0xFF, 0xFF, 0xFF, 0xF4, 0x00, 0x00, 0x3A,
    0xEF, 0xEA, 0x30, 0x00, 0x00, 0x00, 0x00, 0x00, 0x00, 0x00, 0x00, 0x00, 0x00, 0x00, 0x00, 0x00, 0x00, 0x29, 0xEF, 0xC6, 0x00, 0x00, 0x02, 0xEF,
    0xFF, 0xFF, 0x90, 0x00, 0x0B, 0xFF, 0x62, 0xAF, 0xF4, 0x00, 0x1F, 0xFA, 0x00, 0x1E, 0xF9, 0x00, 0x3F, 0xF8, 0x00, 0x0C, 0xFD, 0x00, 0x1F, 0xFA,
    0x00, 0x0F, 0xFE, 0x00, 0x0D, 0xFF, 0x41, 0x6F, 0xFE, 0x00, 0x04, 0xFF, 0xFF, 0xFF, 0xFD, 0x00, 0x00, 0x4C, 0xFD, 0x6D, 0xFB, 0x00, 0x00, 0x00,
    0x00, 0x1F, 0xF7, 0x00, 0x00, 0x00, 0x00, 0x9F, 0xF2, 0x00, 0x00, 0x03, 0x5B, 0xFF, 0x70, 0x00, 0x00, 0x3F, 0xFF, 0xF8, 0x00, 0x00, 0x00, 0x3F,
    0xD9, 0x30, 0x00, 0x00, 0x00, 0x00, 0x00, 0x00, 0x00, 0x00, 0x00, 0x00, 0x00, 0x00, 0x00, 0x00, 0x00, 0x00, 0x2F, 0xFD, 0x00, 0x00, 0x00, 0x00,
    0x00, 0x7F, 0xFF, 0x30, 0x00, 0x00, 0x00, 0x00, 0xCF, 0xFF, 0x90, 0x00, 0x00, 0x00, 0x03, 0xFF, 0xEF, 0xE0, 0x00, 0x00, 0x00, 0x08, 0xFF, 0x5F,
    0xF4, 0x00, 0x00, 0x00, 0x0D, 0xFB, 0x0E, 0xFA, 0x00, 0x00, 0x00, 0x4F, 0xF6, 0x0A, 0xFE, 0x10, 0x00, 0x00, 0x9F, 0xF1, 0x05, 0xFF, 0x60, 0x00,
    0x00, 0xFF, 0xE3, 0x33, 0xFF, 0xB0, 0x00, 0x05, 0xFF, 0xFF, 0xFF, 0xFF, 0xF2, 0x00, 0x0A, 0xFF, 0xFF, 0xFF, 0xFF, 0xF7, 0x00, 0x1F, 0xFC, 0x00,
    0x00, 0x1F, 0xFC, 0x00, 0x6F, 0xF7, 0x00, 0x00, 0x0B, 0xFF, 0x30, 0xBF, 0xF3, 0x00, 0x00, 0x06, 0xFF, 0x80, 0x00, 0x00, 0x00, 0x00, 0x00, 0x00,
    0x00, 0x00, 0x00, 0x00, 0x00, 0x00, 0x00, 0x00, 0x0C, 0xFF, 0xFF, 0xEC, 0x92, 0x00, 0x0C, 0xFF, 0xFF, 0xFF, 0xFE, 0x30, 0x0C, 0xFF, 0x33, 0x49,
    0xFF, 0xB0, 0x0C, 0xFF, 0x00, 0x00, 0xEF, 0xE0, 0x0C, 0xFF, 0x00, 0x00, 0xEF, 0xD0, 0x0C, 0xFF, 0x00, 0x06, 0xFF, 0x80, 0x0C, 0xFF, 0xFF, 0xFF,
    0xFA, 0x10, 0x0C, 0xFF, 0xFF, 0xFF, 0xFD, 0x30, 0x0C, 0xFF, 0x00, 0x04, 0xEF, 0xD0, 0x0C, 0xFF, 0x00, 0x00, 0x9F, 0xF3, 0x0C, 0xFF, 0x00, 0x00,
    0xAF, 0xF3, 0x0C, 0xFF, 0x33, 0x37, 0xFF, 0xE1, 0x0C, 0xFF, 0xFF, 0xFF, 0xFF, 0x60, 0x0C, 0xFF, 0xFF, 0xFE, 0xB4, 0x00, 0x00, 0x00, 0x00, 0x00,
    0x00, 0x00, 0x00, 0x00, 0x00, 0x00, 0x00, 0x00, 0x00, 0x03, 0xAE, 0xFD, 0x93, 0x00, 0x00, 0x6F, 0xFF, 0xFF, 0xFF, 0x50, 0x03, 0xFF, 0xD6, 0x36,
    0xEF, 0xE1, 0x0A, 0xFF, 0x30, 0x00, 0x5F, 0xF7, 0x0E, 0xFC, 0x00, 0x00, 0x0F, 0xFB, 0x2F, 0xFA, 0x00, 0x00, 0x00, 0x00, 0x3F, 0xF9, 0x00, 0x00,
    0x00, 0x00, 0x3F, 0xF9, 0x00, 0x00, 0x00, 0x00, 0x2F, 0xFA, 0x00, 0x00, 0x00, 0x00, 0x0E, 0xFD, 0x00, 0x00, 0x1F, 0xFB, 0x0A, 0xFF, 0x30, 0x00,
    0x5F, 0xF8, 0x03, 0xFF, 0xD5, 0x36, 0xEF, 0xE2, 0x00, 0x7F, 0xFF, 0xFF, 0xFF, 0x50, 0x00, 0x04, 0xAE, 0xFD, 0x93, 0x00, 0x00, 0x00, 0x00, 0x00,
    0x00, 0x00, 0x00, 0x00, 0x00, 0x00, 0x00, 0x00, 0x0C, 0xFF, 0xFF, 0xD9, 0x30, 0x00, 0x0C, 0xFF, 0xFF, 0xFF, 0xF6, 0x00, 0x0C, 0xFF, 0x33, 0x6D,
    0xFF, 0x50, 0x0C, 0xFF, 0x00, 0x02, 0xEF, 0xD0, 0x0C, 0xFF, 0x00, 0x00, 0x9F, 0xF4, 0x0C, 0xFF, 0x00, 0x00, 0x6F, 0xF7, 0x0C, 0xFF, 0x00, 0x00,
    0x4F, 0xF8, 0x0C, 0xFF, 0x00, 0x00, 0x4F, 0xF8, 0x0C, 0xFF, 0x00, 0x00, 0x6F, 0xF7, 0x0C, 0xFF, 0x00, 0x00, 0x9F, 0xF4, 0x0C, 0xFF, 0x00, 0x02,
    0xEF, 0xD0, 0x0C, 0xFF, 0x33, 0x6D, 0xFF, 0x50, 0x0C, 0xFF, 0xFF, 0xFF, 0xF7, 0x00, 0x0C, 0xFF, 0xFF, 0xDA, 0x30, 0x00, 0x00, 0x00, 0x00, 0x00,
    0x00, 0x00, 0x00, 0x00, 0x00, 0x00, 0x00, 0x00, 0x0C, 0xFF, 0xFF, 0xFF, 0xFF, 0x40, 0x0C, 0xFF, 0xFF, 0xFF, 0xFF, 0x40, 0x0C, 0xFF, 0x33, 0x33,
    0x33, 0x10, 0x0C, 0xFF, 0x00, 0x00, 0x00, 0x00, 0x0C, 0xFF, 0x00, 0x00, 0x00, 0x00, 0x0C, 0xFF, 0x22, 0x22, 0x21, 0x00, 0x0C, 0xFF, 0xFF, 0xFF,
    0xF5, 0x00, 0x0C, 0xFF, 0xFF, 0xFF, 0xF5, 0x00, 0x0C, 0xFF, 0x00, 0x00, 0x00, 0x00, 0x0C, 0xFF, 0x00, 0x00, 0x00, 0x00, 0x0C, 0xFF, 0x00, 0x00,
    0x00, 0x00, 0x0C, 0xFF, 0x33, 0x33, 0x33, 0x10, 0x0C, 0xFF, 0xFF, 0xFF, 0xFF, 0x40, 0x0C, 0xFF, 0xFF, 0xFF, 0xFF, 0x40, 0x00, 0x00, 0x00, 0x00,
    0x00, 0x00, 0x00, 0x00, 0x00, 0x00, 0x00, 0x00, 0x0C, 0xFF, 0xFF, 0xFF, 0xFF, 0x0C, 0xFF, 0xFF, 0xFF, 0xFF, 0x0C, 0xFF, 0x33, 0x33, 0x33, 0x0C,
    0xFF, 0x00, 0x00, 0x00, 0x0C, 0xFF, 0x00, 0x00, 0x00, 0x0C, 0xFF, 0x33, 0x33, 0x31, 0x0C, 0xFF, 0xFF, 0xFF, 0xF6, 0x0C, 0xFF, 0xFF, 0xFF, 0xF6,
    0x0C, 0xFF, 0x00, 0x00, 0x00, 0x0C, 0xFF, 0x00, 0x00, 0x00, 0x0C, 0xFF, 0x00, 0x00, 0x00, 0x0C, 0xFF, 0x00, 0x00, 0x00, 0x0C, 0xFF, 0x00, 0x00,
    0x00, 0x0C, 0xFF, 0x00, 0x00, 0x00, 0x00, 0x00, 0x00, 0x00, 0x00, 0x00, 0x00, 0x00, 0x00, 0x00, 0x00, 0x03, 0xAD, 0xFE, 0xB6, 0x00, 0x00, 0x00,
    0x5F, 0xFF, 0xFF, 0xFF, 0xB0, 0x00, 0x02, 0xEF, 0xE7, 0x34, 0xCF, 0xF7, 0x00, 0x09, 0xFF, 0x60, 0x00, 0x1E, 0xFC, 0x00, 0x0D, 0xFE, 0x00, 0x00,
    0x00, 0x00, 0x00, 0x1F, 0xFC, 0x00, 0x00, 0x00, 0x00, 0x00, 0x2F, 0xFB, 0x00, 0x00, 0x00, 0x00, 0x00, 0x2F, 0xFB, 0x00, 0x6F, 0xFF, 0xFD, 0x00,
    0x1F, 0xFC, 0x00, 0x6F, 0xFF, 0xFE, 0x00, 0x0D, 0xFE, 0x10, 0x00, 0x0D, 0xFE, 0x00, 0x09, 0xFF, 0x70, 0x00, 0x0D, 0xFE, 0x00, 0x02, 0xEF, 0xF7,
    0x33, 0x7F, 0xFE, 0x00, 0x00, 0x4E, 0xFF, 0xFF, 0xFF, 0xF8, 0x00, 0x00, 0x02, 0x9D, 0xFE, 0xD9, 0x30, 0x00, 0x00, 0x00, 0x00, 0x00, 0x00, 0x00,
    0x00, 0x00, 0x00, 0x00, 0x00, 0x00, 0x00, 0x00, 0x0C, 0xFF, 0x00, 0x00, 0x09, 0xFF, 0x30, 0x0C, 0xFF, 0x00, 0x00, 0x09, 0xFF, 0x30, 0x0C, 0xFF,
    0x00, 0x00, 0x09, 0xFF, 0x30, 0x0C, 0xFF, 0x00, 0x00, 0x09, 0xFF, 0x30, 0x0C, 0xFF, 0x00, 0x00, 0x09, 0xFF, 0x30, 0x0C, 0xFF, 0x33, 0x33, 0x3B,
    0xFF, 0x30, 0x0C, 0xFF, 0xFF, 0xFF, 0xFF, 0xFF, 0x30, 0x0C, 0xFF, 0xFF, 0xFF, 0xFF, 0xFF, 0x30, 0x0C, 0xFF, 0x00, 0x00, 0x09, 0xFF, 0x30, 0x0C,
    0xFF, 0x00, 0x00, 0x09, 0xFF, 0x30, 0x0C, 0xFF, 0x00, 0x00, 0x09, 0xFF, 0x30, 0x0C, 0xFF, 0x00, 0x00, 0x09, 0xFF, 0x30, 0x0C, 0xFF, 0x00, 0x00,
    0x09, 0xFF, 0x30, 0x0C, 0xFF, 0x00, 0x00, 0x09, 0xFF, 0x30, 0x00, 0x00, 0x00, 0x00, 0x00, 0x00, 0x00, 0x00, 0x00, 0x00, 0x00, 0x00, 0x00, 0x00,
    0x09, 0xFF, 0x30, 0x09, 0xFF, 0x30, 0x09, 0xFF, 0x30, 0x09, 0xFF, 0x30, 0x09, 0xFF, 0x30, 0x09, 0xFF, 0x30, 0x09, 0xFF, 0x30, 0x09, 0xFF, 0x30,
    0x09, 0xFF, 0x30, 0x09, 0xFF, 0x30, 0x09, 0xFF, 0x30, 0x09, 0xFF, 0x30, 0x09, 0xFF, 0x30, 0x09, 0xFF, 0x30, 0x00, 0x00, 0x00, 0x00, 0x00, 0x00,
    0x00, 0x00, 0x00, 0x5F, 0xF7, 0x00, 0x00, 0x00, 0x00, 0x5F, 0xF7, 0x00, 0x00, 0x00, 0x00, 0x5F, 0xF7, 0x00, 0x00, 0x00, 0x00, 0x5F, 0xF7, 0x00,
    0x00, 0x00, 0x00, 0x5F, 0xF7, 0x00, 0x00, 0x00, 0x00, 0x5F, 0xF7, 0x00, 0x00, 0x00, 0x00, 0x5F, 0xF7, 0x00, 0x00, 0x00, 0x00, 0x5F, 0xF7, 0x00,
    0x00, 0x00, 0x00, 0x5F, 0xF7, 0x00, 0x00, 0x00, 0x00, 0x5F, 0xF6, 0x00, 0x8F, 0xF4, 0x00, 0x7F, 0xF5, 0x00, 0x5F, 0xFB, 0x45, 0xEF, 0xE1, 0x00,
    0x0C, 0xFF, 0xFF, 0xFF, 0x60, 0x00, 0x01, 0x8D, 0xEE, 0xB4, 0x00, 0x00, 0x00, 0x00, 0x00, 0x00, 0x00, 0x00, 0x00, 0x00, 0x00, 0x00, 0x00, 0x00,
    0x0C, 0xFF, 0x00, 0x00, 0xBF, 0xFA, 0x0C, 0xFF, 0x00, 0x07, 0xFF, 0xD1, 0x0C, 0xFF, 0x00, 0x3F, 0xFE, 0x30, 0x0C, 0xFF, 0x01, 0xDF, 0xF5, 0x00,
    0x0C, 0xFF, 0x0A, 0xFF, 0x90, 0x00, 0x0C, 0xFF, 0x5F, 0xFC, 0x00, 0x00, 0x0C, 0xFF, 0xEF, 0xF9, 0x00, 0x00, 0x0C, 0xFF, 0xFF, 0xFF, 0x20, 0x00,
    0x0C, 0xFF, 0xFC, 0xFF, 0xB0, 0x00, 0x0C, 0xFF, 0x60, 0xDF, 0xF6, 0x00, 0x0C, 0xFF, 0x00, 0x4F, 0xFE, 0x10, 0x0C, 0xFF, 0x00, 0x09, 0xFF, 0x90,
    0x0C, 0xFF, 0x00, 0x01, 0xEF, 0xF4, 0x0C, 0xFF, 0x00, 0x00, 0x6F, 0xFD, 0x00, 0x00, 0x00, 0x00, 0x00, 0x00, 0x00, 0x00, 0x00, 0x00, 0x00, 0x00,
    0x0C, 0xFF, 0x00, 0x00, 0x00, 0x0C, 0xFF, 0x00, 0x00, 0x00, 0x0C, 0xFF, 0x00, 0x00, 0x00, 0x0C, 0xFF, 0x00, 0x00, 0x00, 0x0C, 0xFF, 0x00, 0x00,
    0x00, 0x0C, 0xFF, 0x00, 0x00, 0x00, 0x0C, 0xFF, 0x00, 0x00, 0x00, 0x0C, 0xFF, 0x00, 0x00, 0x00, 0x0C, 0xFF, 0x00, 0x00, 0x00, 0x0C, 0xFF, 0x00,
    0x00, 0x00, 0x0C, 0xFF, 0x00, 0x00, 0x00, 0x0C, 0xFF, 0x33, 0x33, 0x32, 0x0C, 0xFF, 0xFF, 0xFF, 0xFD, 0x0C, 0xFF, 0xFF, 0xFF, 0xFD, 0x00, 0x00,
    0x00, 0x00, 0x00, 0x00, 0x00, 0x00, 0x00, 0x00, 0x0C, 0xFF, 0xE1, 0x00, 0x00, 0x06, 0xFF, 0xF6, 0x00, 0x0C, 0xFF, 0xF5, 0x00, 0x00, 0x0B, 0xFF,
    0xF6, 0x00, 0x0C, 0xFF, 0xFA, 0x00, 0x00, 0x1F, 0xFF, 0xF6, 0x00, 0x0C, 0xFF, 0xFF, 0x10, 0x00, 0x6F, 0xFF, 0xF6, 0x00, 0x0C, 0xFC, 0xEF, 0x50,
    0x00, 0xBF, 0xBF, 0xF6, 0x00, 0x0C, 0xFC, 0x9F, 0xA0, 0x01, 0xFF, 0x6F, 0xF6, 0x00, 0x0C, 0xFD, 0x4F, 0xF1, 0x06, 0xFD, 0x3F, 0xF6, 0x00, 0x0C,
    0xFD, 0x0D, 0xF6, 0x0B, 0xF8, 0x4F, 0xF6, 0x00, 0x0C, 0xFE, 0x08, 0xFB, 0x1F, 0xF3, 0x5F, 0xF6, 0x00, 0x0C, 0xFE, 0x03, 0xFF, 0x7F, 0xC0, 0x5F,
    0xF6, 0x00, 0x0C, 0xFF, 0x00, 0xDF, 0xFF, 0x70, 0x6F, 0xF6, 0x00, 0x0C, 0xFF, 0x00, 0x8F, 0xFF, 0x20, 0x6F, 0xF6, 0x00, 0x0C, 0xFF, 0x00, 0x2F,
    0xFC, 0x00, 0x6F, 0xF6, 0x00, 0x0C, 0xFF, 0x00, 0x0C, 0xF6, 0x00, 0x6F, 0xF6, 0x00, 0x00, 0x00, 0x00, 0x00, 0x00, 0x00, 0x00, 0x00, 0x00, 0x00,
    0x00, 0x00, 0x00, 0x00, 0x00, 0x00, 0x00, 0x00, 0x0C, 0xFF, 0x40, 0x00, 0x09, 0xFF, 0x30, 0x0C, 0xFF, 0xD0, 0x00, 0x09, 0xFF, 0x30, 0x0C, 0xFF,
    0xF6, 0x00, 0x09, 0xFF, 0x30, 0x0C, 0xFF, 0xFE, 0x10, 0x09, 0xFF, 0x30, 0x0C, 0xFF, 0xEF, 0x90, 0x09, 0xFF, 0x30, 0x0C, 0xFF, 0x8F, 0xF3, 0x09,
    0xFF, 0x30, 0x0C, 0xFF, 0x1D, 0xFB, 0x09, 0xFF, 0x30, 0x0C, 0xFF, 0x05, 0xFF, 0x59, 0xFF, 0x30, 0x0C, 0xFF, 0x00, 0xBF, 0xD9, 0xFF, 0x30, 0x0C,
    0xFF, 0x00, 0x3F, 0xFE, 0xFF, 0x30, 0x0C, 0xFF, 0x00, 0x09, 0xFF, 0xFF, 0x30, 0x0C, 0xFF, 0x00, 0x01, 0xEF, 0xFF, 0x30, 0x0C, 0xFF, 0x00, 0x00,
    0x7F, 0xFF, 0x30, 0x0C, 0xFF, 0x00, 0x00, 0x0D, 0xFF, 0x30, 0x00, 0x00, 0x00, 0x00, 0x00, 0x00, 0x00, 0x00, 0x00, 0x00, 0x00, 0x00, 0x00, 0x00,
    0x00, 0x02, 0x9D, 0xFE, 0xA3, 0x00, 0x00, 0x00, 0x5F, 0xFF, 0xFF, 0xFF, 0x60, 0x00, 0x02, 0xEF, 0xE7, 0x46, 0xEF, 0xF3, 0x00, 0x09, 0xFF, 0x50,
    0x00, 0x3F, 0xFB, 0x00, 0x0E, 0xFD, 0x00, 0x00, 0x0C, 0xFF, 0x10, 0x2F, 0xFA, 0x00, 0x00, 0x09, 0xFF, 0x30, 0x3F, 0xF9, 0x00, 0x00, 0x08, 0xFF,
    0x40, 0x3F, 0xF9, 0x00, 0x00, 0x08, 0xFF, 0x40, 0x2F, 0xFB, 0x00, 0x00, 0x0A, 0xFF, 0x30, 0x0E, 0xFE, 0x00, 0x00, 0x0C, 0xFF, 0x10, 0x09, 0xFF,
    0x50, 0x00, 0x4F, 0xFB, 0x00, 0x02, 0xEF, 0xE7, 0x46, 0xEF, 0xF3, 0x00, 0x00, 0x5F, 0xFF, 0xFF, 0xFF, 0x60, 0x00, 0x00, 0x02, 0x9D, 0xFE, 0xA3,
    0x00, 0x00, 0x00, 0x00, 0x00, 0x00, 0x00, 0x00, 0x00, 0x00, 0x00, 0x00, 0x00, 0x00, 0x00, 0x00, 0x0C, 0xFF, 0xFF, 0xFD, 0xA3, 0x00, 0x0C, 0xFF,
    0xFF, 0xFF, 0xFF, 0x50, 0x0C, 0xFF, 0x33, 0x36, 0xEF, 0xE1, 0x0C, 0xFF, 0x00, 0x00, 0x8F, 0xF6, 0x0C, 0xFF, 0x00, 0x00, 0x5F, 0xF7, 0x0C, 0xFF,
    0x00, 0x00, 0x7F, 0xF6, 0x0C, 0xFF, 0x33, 0x36, 0xEF, 0xF2, 0x0C, 0xFF, 0xFF, 0xFF, 0xFF, 0x70, 0x0C, 0xFF, 0xFF, 0xFE, 0xA4, 0x00, 0x0C, 0xFF,
    0x00, 0x00, 0x00, 0x00, 0x0C, 0xFF, 0x00, 0x00, 0x00, 0x00, 0x0C, 0xFF, 0x00, 0x00, 0x00, 0x00, 0x0C, 0xFF, 0x00, 0x00, 0x00, 0x00, 0x0C, 0xFF,
    0x00, 0x00, 0x00, 0x00, 0x00, 0x00, 0x00, 0x00, 0x00, 0x00, 0x00, 0x00, 0x00, 0x00, 0x00, 0x00, 0x00, 0x02, 0x9D, 0xFE, 0xA3, 0x00, 0x00, 0x00,
    0x5F, 0xFF, 0xFF, 0xFF, 0x60, 0x00, 0x02, 0xEF, 0xE7, 0x46, 0xEF, 0xF3, 0x00, 0x09, 0xFF, 0x50, 0x00, 0x4F, 0xFA, 0x00, 0x0E, 0xFD, 0x00, 0x00,
    0x0C, 0xFF, 0x10, 0x2F, 0xFA, 0x00, 0x00, 0x09, 0xFF, 0x30, 0x3F, 0xF9, 0x00, 0x00, 0x08, 0xFF, 0x40, 0x3F, 0xF9, 0x00, 0x00, 0x08, 0xFF, 0x40,
    0x2F, 0xFB, 0x00, 0x00, 0x0A, 0xFF, 0x30, 0x0E, 0xFD, 0x00, 0x00, 0x0C, 0xFF, 0x10, 0x09, 0xFF, 0x50, 0x00, 0x4F, 0xFB, 0x00, 0x02, 0xEF, 0xE7,
    0x46, 0xFF, 0xF3, 0x00, 0x00, 0x5F, 0xFF, 0xFF, 0xFF, 0x60, 0x00, 0x00, 0x02, 0x9D, 0xFF, 0xFF, 0xB1, 0x00, 0x00, 0x00, 0x00, 0x00, 0x8F, 0xFD,
    0x00, 0x00, 0x00, 0x00, 0x00, 0x05, 0xC3, 0x00, 0x0C, 0xFF, 0xFF, 0xFD, 0x92, 0x00, 0x0C, 0xFF, 0xFF, 0xFF, 0xFF, 0x40, 0x0C, 0xFF, 0x33, 0x38,
    0xFF, 0xD0, 0x0C, 0xFF, 0x00, 0x00, 0xCF, 0xF2, 0x0C, 0xFF, 0x00, 0x00, 0x9F, 0xF3, 0x0C, 0xFF, 0x00, 0x00, 0xCF, 0xF1, 0x0C, 0xFF, 0x33, 0x38,
    0xFF, 0xB0, 0x0C, 0xFF, 0xFF, 0xFF, 0xFC, 0x20, 0x0C, 0xFF, 0xFF, 0xFF, 0xF1, 0x00, 0x0C, 0xFF, 0x00, 0x8F, 0xF6, 0x00, 0x0C, 0xFF, 0x00, 0x1E,
    0xFE, 0x10, 0x0C, 0xFF, 0x00, 0x08, 0xFF, 0x70, 0x0C, 0xFF, 0x00, 0x01, 0xEF, 0xE1, 0x0C, 0xFF, 0x00, 0x00, 0x7F, 0xF8, 0x00, 0x00, 0x00, 0x00,
    0x00, 0x00, 0x00, 0x00, 0x00, 0x00, 0x00, 0x00, 0x00, 0x17, 0xCE, 0xED, 0x81, 0x00, 0x02, 0xDF, 0xFF, 0xFF, 0xFD, 0x20, 0x0A, 0xFF, 0x93, 0x39,
    0xFF, 0xA0, 0x0E, 0xFE, 0x00, 0x00, 0xDF, 0xE0, 0x0D, 0xFF, 0x30, 0x00, 0x00, 0x00, 0x07, 0xFF, 0xF9, 0x30, 0x00, 0x00, 0x00, 0x8F, 0xFF, 0xFD,
    0x60, 0x00, 0x00, 0x03, 0xAF, 0xFF, 0xFB, 0x10, 0x00, 0x00, 0x01, 0x6D, 0xFF, 0x90, 0x00, 0x00, 0x00, 0x01, 0xEF, 0xE0, 0x4F, 0xF8, 0x00, 0x00,
    0xDF, 0xF0, 0x1E, 0xFE, 0x63, 0x38, 0xFF, 0xC0, 0x04, 0xEF, 0xFF, 0xFF, 0xFE, 0x30, 0x00, 0x28, 0xCE, 0xED, 0x92, 0x00, 0x00, 0x00, 0x00, 0x00,
    0x00, 0x00, 0x00, 0x00, 0x00, 0x00, 0x00, 0x00, 0x9F, 0xFF, 0xFF, 0xFF, 0xFF, 0xF6, 0x9F, 0xFF, 0xFF, 0xFF, 0xFF, 0xF6, 0x23, 0x33, 0xBF, 0xF7,
    0x33, 0x31, 0x00, 0x00, 0x8F, 0xF4, 0x00, 0x00, 0x00, 0x00, 0x8F, 0xF4, 0x00, 0x00, 0x00, 0x00, 0x8F, 0xF4, 0x00, 0x00, 0x00, 0x00, 0x8F, 0xF4,
    0x00, 0x00, 0x00, 0x00, 0x8F, 0xF4, 0x00, 0x00, 0x00, 0x00, 0x8F, 0xF4, 0x00, 0x00, 0x00, 0x00, 0x8F, 0xF4, 0x00, 0x00, 0x00, 0x00, 0x8F, 0xF4,
    0x00, 0x00, 0x00, 0x00, 0x8F, 0xF4, 0x00, 0x00, 0x00, 0x00, 0x8F, 0xF4, 0x00, 0x00, 0x00, 0x00, 0x8F, 0xF4, 0x00, 0x00, 0x00, 0x00, 0x00, 0x00,
    0x00, 0x00, 0x00, 0x00, 0x00, 0x00, 0x00, 0x00, 0x0E, 0xFD, 0x00, 0x00, 0x5F, 0xF7, 0x00, 0x0E, 0xFD, 0x00, 0x00, 0x5F, 0xF7, 0x00, 0x0E, 0xFD,
    0x00, 0x00, 0x5F, 0xF7, 0x00, 0x0E, 0xFD, 0x00, 0x00, 0x5F, 0xF7, 0x00, 0x0E, 0xFD, 0x00, 0x00, 0x5F, 0xF7, 0x00, 0x0E, 0xFD, 0x00, 0x00, 0x5F,
    0xF7, 0x00, 0x0E, 0xFD, 0x00, 0x00, 0x5F, 0xF7, 0x00, 0x0E, 0xFD, 0x00, 0x00, 0x5F, 0xF7, 0x00, 0x0E, 0xFD, 0x00, 0x00, 0x5F, 0xF7, 0x00, 0x0D,
    0xFE, 0x00, 0x00, 0x6F, 0xF6, 0x00, 0x0B, 0xFF, 0x20, 0x00, 0x9F, 0xF4, 0x00, 0x06, 0xFF, 0xC4, 0x37, 0xFF, 0xD0, 0x00, 0x00, 0xAF, 0xFF, 0xFF,
    0xFE, 0x30, 0x00, 0x00, 0x06, 0xBE, 0xFD, 0x92, 0x00, 0x00, 0x00, 0x00, 0x00, 0x00, 0x00, 0x00, 0x00, 0x00, 0x00, 0x00, 0x00, 0x00, 0x00, 0x00,
    0xCF, 0xF4, 0x00, 0x00, 0x0D, 0xFF, 0x7F, 0xF9, 0x00, 0x00, 0x3F, 0xFD, 0x2F, 0xFD, 0x00, 0x00, 0x7F, 0xF8, 0x0C, 0xFF, 0x20, 0x00, 0xBF, 0xF3,
    0x07, 0xFF, 0x70, 0x01, 0xFF, 0xD0, 0x02, 0xFF, 0xB0, 0x05, 0xFF, 0x80, 0x00, 0xCF, 0xF1, 0x09, 0xFF, 0x30, 0x00, 0x7F, 0xF4, 0x0D, 0xFD, 0x00,
    0x00, 0x2F, 0xF9, 0x3F, 0xF8, 0x00, 0x00, 0x0C, 0xFD, 0x7F, 0xF2, 0x00, 0x00, 0x07, 0xFF, 0xEF, 0xC0, 0x00, 0x00, 0x02, 0xFF, 0xFF, 0x70, 0x00,
    0x00, 0x00, 0xCF, 0xFF, 0x20, 0x00, 0x00, 0x00, 0x7F, 0xFC, 0x00, 0x00, 0x00, 0x00, 0x00, 0x00, 0x00, 0x00, 0x00, 0x00, 0x00, 0x00, 0x00, 0x00,
    0x9F, 0xF3, 0x00, 0x0F, 0xF9, 0x00, 0x08, 0xFF, 0x30, 0x5F, 0xF5, 0x00, 0x3F, 0xFD, 0x00, 0x0B, 0xFF, 0x00, 0x2F, 0xF8, 0x00, 0x6F, 0xFF, 0x10,
    0x0E, 0xFC, 0x00, 0x0E, 0xFB, 0x00, 0xAF, 0xFF, 0x50, 0x1F, 0xF9, 0x00, 0x0B, 0xFE, 0x00, 0xDF, 0xFF, 0x80, 0x4F, 0xF5, 0x00, 0x08, 0xFF, 0x21,
    0xFF, 0xAF, 0xB0, 0x7F, 0xF2, 0x00, 0x04, 0xFF, 0x55, 0xFE, 0x4F, 0xF0, 0xAF, 0xE0, 0x00, 0x01, 0xFF, 0x78, 0xFA, 0x1F, 0xF3, 0xDF, 0xB0, 0x00,
    0x00, 0xDF, 0xAC, 0xF7, 0x0C, 0xF7, 0xFF, 0x80, 0x00, 0x00, 0xAF, 0xEF, 0xF3, 0x08, 0xFE, 0xFF, 0x40, 0x00, 0x00, 0x7F, 0xFF, 0xE0, 0x05, 0xFF,
    0xFF, 0x10, 0x00, 0x00, 0x3F, 0xFF, 0xB0, 0x01, 0xFF, 0xFD, 0x00, 0x00, 0x00, 0x0F, 0xFF, 0x70, 0x00, 0xDF, 0xFA, 0x00, 0x00, 0x00, 0x0C, 0xFF,
    0x40, 0x00, 0x9F, 0xF7, 0x00, 0x00, 0x00, 0x00, 0x00, 0x00, 0x00, 0x00, 0x00, 0x00, 0x00, 0x00, 0x00, 0x00, 0x00, 0x00, 0x00, 0x00, 0x00, 0x00,
    0x6F, 0xFB, 0x00, 0x00, 0xAF, 0xF7, 0x0D, 0xFF, 0x40, 0x03, 0xFF, 0xD1, 0x04, 0xFF, 0xC0, 0x0B, 0xFF, 0x50, 0x00, 0xBF, 0xF5, 0x4F, 0xFC, 0x00,
    0x00, 0x2F, 0xFC, 0xCF, 0xF3, 0x00, 0x00, 0x09, 0xFF, 0xFF, 0xA0, 0x00, 0x00, 0x01, 0xEF, 0xFF, 0x20, 0x00, 0x00, 0x02, 0xFF, 0xFF, 0x30, 0x00,
    0x00, 0x0A, 0xFF, 0xFF, 0xB0, 0x00, 0x00, 0x3F, 0xFC, 0xBF, 0xF5, 0x00, 0x00, 0xCF, 0xF4, 0x3F, 0xFD, 0x00, 0x06, 0xFF, 0xB0, 0x0A, 0xFF, 0x70,
    0x1D, 0xFF, 0x30, 0x02, 0xFF, 0xE1, 0x8F, 0xFA, 0x00, 0x00, 0x9F, 0xF9, 0x00, 0x00, 0x00, 0x00, 0x00, 0x00, 0x00, 0x00, 0x00, 0x00, 0x00, 0x00,
    0xBF, 0xF4, 0x00, 0x00, 0x8F, 0xF7, 0x4F, 0xFB, 0x00, 0x01, 0xEF, 0xE1, 0x0B, 0xFF, 0x20, 0x06, 0xFF, 0x70, 0x04, 0xFF, 0x90, 0x0D, 0xFE, 0x10,
    0x00, 0xBF, 0xE1, 0x4F, 0xF7, 0x00, 0x00, 0x4F, 0xF7, 0xBF, 0xE1, 0x00, 0x00, 0x0B, 0xFE, 0xFF, 0x70, 0x00, 0x00, 0x04, 0xFF, 0xFE, 0x10, 0x00,
    0x00, 0x00, 0xBF, 0xF8, 0x00, 0x00, 0x00, 0x00, 0x8F, 0xF4, 0x00, 0x00, 0x00, 0x00, 0x8F, 0xF4, 0x00, 0x00, 0x00, 0x00, 0x8F, 0xF4, 0x00, 0x00,
    0x00, 0x00, 0x8F, 0xF4, 0x00, 0x00, 0x00, 0x00, 0x8F, 0xF4, 0x00, 0x00, 0x00, 0x00, 0x00, 0x00, 0x00, 0x00, 0x00, 0x00, 0x00, 0x00, 0x00, 0x00,
    0x5F, 0xFF, 0xFF, 0xFF, 0xFF, 0xD0, 0x5F, 0xFF, 0xFF, 0xFF, 0xFF, 0xC0, 0x13, 0x33, 0x33, 0x3E, 0xFF, 0x30, 0x00, 0x00, 0x00, 0x6F, 0xF8, 0x00,
    0x00, 0x00, 0x02, 0xEF, 0xD1, 0x00, 0x00, 0x00, 0x0B, 0xFF, 0x40, 0x00, 0x00, 0x00, 0x6F, 0xF9, 0x00, 0x00, 0x00, 0x02, 0xEF, 0xD1, 0x00, 0x00,
    0x00, 0x0B, 0xFF, 0x40, 0x00, 0x00, 0x00, 0x6F, 0xF9, 0x00, 0x00, 0x00, 0x02, 0xEF, 0xD1, 0x00, 0x00, 0x00, 0x0C, 0xFF, 0x73, 0x33, 0x33, 0x30,
    0x4F, 0xFF, 0xFF, 0xFF, 0xFF, 0xF0, 0x5F, 0xFF, 0xFF, 0xFF, 0xFF, 0xF0, 0x00, 0x00, 0x00, 0x00, 0x00, 0x00, 0x00, 0x00, 0x00, 0x00, 0x00, 0x00,
};

static const aa_glyph_t aa_state_glyphs[] = {
    { 5, 0 }, // ' '
    { 7, 48 }, // '-'
    { 6, 112 }, // '.'
    { 5, 160 }, // ':'
    { 11, 208 }, // '0'
    { 11, 304 }, // '1'
    { 11, 400 }, // '2'
    { 11, 496 }, // '3'
    { 11, 592 }, // '4'
    { 11, 688 }, // '5'
    { 11, 784 }, // '6'
    { 11, 880 }, // '7'
    { 11, 976 }, // '8'
    { 11, 1072 }, // '9'
    { 13, 1168 }, // 'A'
    { 12, 1280 }, // 'B'
    { 12, 1376 }, // 'C'
    { 12, 1472 }, // 'D'
    { 11, 1568 }, // 'E'
    { 10, 1664 }, // 'F'
    { 13, 1744 }, // 'G'
    { 13, 1856 }, // 'H'
    { 6, 1968 }, // 'I'
    { 11, 2016 }, // 'J'
    { 12, 2112 }, // 'K'
    { 10, 2208 }, // 'L'
    { 17, 2288 }, // 'M'
    { 13, 2432 }, // 'N'
    { 13, 2544 }, // 'O'
    { 12, 2656 }, // 'P'
    { 13, 2752 }, // 'Q'
    { 12, 2864 }, // 'R'
    { 12, 2960 }, // 'S'
    { 12, 3056 }, // 'T'
    { 13, 3152 }, // 'U'
    { 12, 3264 }, // 'V'
    { 17, 3360 }, // 'W'
    { 12, 3504 }, // 'X'
    { 12, 3600 }, // 'Y'
    { 12, 3696 }, // 'Z'
};

static const aa_font_t aa_state = { 16, 11, " -.:0123456789ABCDEFGHIJKLMNOPQRSTUVWXYZ", aa_state_glyphs, aa_state_data };

static const uint8_t aa_axis_data[] = { // height 26, 4 glyphs, 1014 bytes
    0x00, 0x00, 0x00, 0x00, 0x00, 0x00, 0x00, 0x00, 0x00, 0x00, 0x00, 0x00, 0x00, 0x00, 0x00, 0x00, 0x00, 0x00, 0x00, 0x00, 0x00, 0x00, 0x00, 0x00,
    0x00, 0x00, 0x00, 0x00, 0x00, 0x00, 0x00, 0x00, 0x00, 0x00, 0x00, 0x00, 0x00, 0x00, 0x00, 0x00, 0x00, 0x00, 0x00, 0x00, 0x00, 0x00, 0x00, 0x00,
    0x00, 0x00, 0x00, 0x00, 0x00, 0x00, 0x00, 0x00, 0x00, 0x00, 0x00, 0x00, 0x00, 0x00, 0x00, 0x00, 0x00, 0x00, 0x00, 0x00, 0x00, 0x00, 0x00, 0x00,
    0x00, 0x00, 0x00, 0x00, 0x00, 0x00, 0x00, 0x00, 0x00, 0x00, 0x00, 0x00, 0x00, 0x00, 0x00, 0x00, 0x00, 0x00, 0x00, 0x00, 0x00, 0x00, 0x00, 0x00,
    0x00, 0x00, 0x00, 0x00, 0x00, 0x00, 0x00, 0x00, 0x00, 0x00, 0x00, 0x00, 0x00, 0x00, 0x00, 0x00, 0x00, 0x00, 0x00, 0x00, 0x00, 0x00, 0x00, 0x00,
    0x00, 0x00, 0x00, 0x00, 0x00, 0x00, 0x00, 0x00, 0x00, 0x00, 0x2F, 0xFF, 0xFF, 0xD0, 0x00, 0x00, 0x00, 0x01, 0xEF, 0xFF, 0xFE, 0x10, 0x09, 0xFF,
    0xFF, 0xF6, 0x00, 0x00, 0x00, 0x08, 0xFF, 0xFF, 0xF6, 0x00, 0x01, 0xEF, 0xFF, 0xFE, 0x10, 0x00, 0x00, 0x2E, 0xFF, 0xFF, 0xD0, 0x00, 0x00, 0x6F,
    0xFF, 0xFF, 0x70, 0x00, 0x00, 0x9F, 0xFF, 0xFF, 0x40, 0x00, 0x00, 0x0C, 0xFF, 0xFF, 0xE1, 0x00, 0x02, 0xFF, 0xFF, 0xFB, 0x00, 0x00, 0x00, 0x04,
    0xFF, 0xFF, 0xF8, 0x00, 0x0A, 0xFF, 0xFF, 0xF2, 0x00, 0x00, 0x00, 0x00, 0xAF, 0xFF, 0xFE, 0x20, 0x3F, 0xFF, 0xFF, 0x80, 0x00, 0x00, 0x00, 0x00,
    0x2F, 0xFF, 0xFF, 0x90, 0xBF, 0xFF, 0xFE, 0x10, 0x00, 0x00, 0x00, 0x00, 0x08, 0xFF, 0xFF, 0xF6, 0xFF, 0xFF, 0xF6, 0x00, 0x00, 0x00, 0x00, 0x00,
    0x01, 0xDF, 0xFF, 0xFF, 0xFF, 0xFF, 0xC0, 0x00, 0x00, 0x00, 0x00, 0x00, 0x00, 0x5F, 0xFF, 0xFF, 0xFF, 0xFF, 0x40, 0x00, 0x00, 0x00, 0x00, 0x00,
    0x00, 0x0C, 0xFF, 0xFF, 0xFF, 0xFA, 0x00, 0x00, 0x00, 0x00, 0x00, 0x00, 0x00, 0x03, 0xFF, 0xFF, 0xFF, 0xF2, 0x00, 0x00, 0x00, 0x00, 0x00, 0x00,
    0x00, 0x05, 0xFF, 0xFF, 0xFF, 0xF3, 0x00, 0x00, 0x00, 0x00, 0x00, 0x00, 0x00, 0x0D, 0xFF, 0xFF, 0xFF, 0xFC, 0x00, 0x00, 0x00, 0x00, 0x00, 0x00,
    0x00, 0x7F, 0xFF, 0xFF, 0xFF, 0xFF, 0x60, 0x00, 0x00, 0x00, 0x00, 0x00, 0x02, 0xEF, 0xFF, 0xFF, 0xFF, 0xFF, 0xE1, 0x00, 0x00, 0x00, 0x00, 0x00,
    0x0A, 0xFF, 0xFF, 0xE4, 0xFF, 0xFF, 0xF8, 0x00, 0x00, 0x00, 0x00, 0x00, 0x4F, 0xFF, 0xFF, 0x70, 0x9F, 0xFF, 0xFF, 0x20, 0x00, 0x00, 0x00, 0x00,
    0xCF, 0xFF, 0xFE, 0x10, 0x2F, 0xFF, 0xFF, 0xB0, 0x00, 0x00, 0x00, 0x06, 0xFF, 0xFF, 0xF6, 0x00, 0x08, 0xFF, 0xFF, 0xF4, 0x00, 0x00, 0x00, 0x1E,
    0xFF, 0xFF, 0xD0, 0x00, 0x01, 0xEF, 0xFF, 0xFD, 0x00, 0x00, 0x00, 0x9F, 0xFF, 0xFF, 0x50, 0x00, 0x00, 0x7F, 0xFF, 0xFF, 0x70, 0x00, 0x03, 0xFF,
    0xFF, 0xFC, 0x00, 0x00, 0x00, 0x1E, 0xFF, 0xFF, 0xE1, 0x00, 0x0B, 0xFF, 0xFF, 0xF4, 0x00, 0x00, 0x00, 0x06, 0xFF, 0xFF, 0xF9, 0x00, 0x5F, 0xFF,
    0xFF, 0xB0, 0x00, 0x00, 0x00, 0x00, 0xDF, 0xFF, 0xFF, 0x30, 0xBF, 0xFF, 0xFE, 0x10, 0x00, 0x00, 0x00, 0x00, 0xBF, 0xFF, 0xFE, 0x3F, 0xFF, 0xFF,
    0x70, 0x00, 0x00, 0x00, 0x03, 0xFF, 0xFF, 0xF7, 0x0A, 0xFF, 0xFF, 0xD0, 0x00, 0x00, 0x00, 0x0A, 0xFF, 0xFF, 0xE1, 0x03, 0xFF, 0xFF, 0xF6, 0x00,
    0x00, 0x00, 0x2F, 0xFF, 0xFF, 0x70, 0x00, 0xAF, 0xFF, 0xFC, 0x00, 0x00, 0x00, 0x8F, 0xFF, 0xFE, 0x10, 0x00, 0x3F, 0xFF, 0xFF, 0x40, 0x00, 0x01,
    0xEF, 0xFF, 0xF6, 0x00, 0x00, 0x0A, 0xFF, 0xFF, 0xB0, 0x00, 0x07, 0xFF, 0xFF, 0xD0, 0x00, 0x00, 0x02, 0xFF, 0xFF, 0xF3, 0x00, 0x0D, 0xFF, 0xFF,
    0x60, 0x00, 0x00, 0x00, 0xAF, 0xFF, 0xF9, 0x00, 0x5F, 0xFF, 0xFD, 0x00, 0x00, 0x00, 0x00, 0x2F, 0xFF, 0xFF, 0x10, 0xCF, 0xFF, 0xF6, 0x00, 0x00,
    0x00, 0x00, 0x09, 0xFF, 0xFF, 0x84, 0xFF, 0xFF, 0xD0, 0x00, 0x00, 0x00, 0x00, 0x02, 0xFF, 0xFF, 0xEB, 0xFF, 0xFF, 0x60, 0x00, 0x00, 0x00, 0x00,
    0x00, 0x9F, 0xFF, 0xFF, 0xFF, 0xFD, 0x00, 0x00, 0x00, 0x00, 0x00, 0x00, 0x2F, 0xFF, 0xFF, 0xFF, 0xF5, 0x00, 0x00, 0x00, 0x00, 0x00, 0x00, 0x09,
    0xFF, 0xFF, 0xFF, 0xD0, 0x00, 0x00, 0x00, 0x00, 0x00, 0x00, 0x01, 0xEF, 0xFF, 0xFF, 0x50, 0x00, 0x00, 0x00, 0x00, 0x00, 0x00, 0x00, 0x9F, 0xFF,
    0xFD, 0x00, 0x00, 0x00, 0x00, 0x00, 0x00, 0x00, 0x00, 0x8F, 0xFF, 0xFC, 0x00, 0x00, 0x00, 0x00, 0x00, 0x00, 0x00, 0x00, 0x8F, 0xFF, 0xFC, 0x00,
    0x00, 0x00, 0x00, 0x00, 0x00, 0x00, 0x00, 0x8F, 0xFF, 0xFC, 0x00, 0x00, 0x00, 0x00, 0x00, 0x00, 0x00, 0x00, 0x8F, 0xFF, 0xFC, 0x00, 0x00, 0x00,
    0x00, 0x00, 0x00, 0x00, 0x00, 0x8F, 0xFF, 0xFC, 0x00, 0x00, 0x00, 0x00, 0x00, 0x00, 0x00, 0x00, 0x8F, 0xFF, 0xFC, 0x00, 0x00, 0x00, 0x00, 0x00,
    0x00, 0x00, 0x00, 0x8F, 0xFF, 0xFC, 0x00, 0x00, 0x00, 0x00, 0x00, 0x00, 0x00, 0x00, 0x8F, 0xFF, 0xFC, 0x00, 0x00, 0x00, 0x00, 0x00, 0x00, 0x00,
    0x00, 0x8F, 0xFF, 0xFC, 0x00, 0x00, 0x00, 0x00, 0x0A, 0xFF, 0xFF, 0xFF, 0xFF, 0xFF, 0xFF, 0xFF, 0xFF, 0xFF, 0x80, 0x0A, 0xFF, 0xFF, 0xFF, 0xFF,
    0xFF, 0xFF, 0xFF, 0xFF, 0xFF, 0x80, 0x0A, 0xFF, 0xFF, 0xFF, 0xFF, 0xFF, 0xFF, 0xFF, 0xFF, 0xFF, 0x80, 0x0A, 0xFF, 0xFF, 0xFF, 0xFF, 0xFF, 0xFF,
    0xFF, 0xFF, 0xFF, 0x30, 0x01, 0x22, 0x22, 0x22, 0x22, 0x22, 0x24, 0xFF, 0xFF, 0xF7, 0x00, 0x00, 0x00, 0x00, 0x00, 0x00, 0x00, 0x0C, 0xFF, 0xFF,
    0xC0, 0x00, 0x00, 0x00, 0x00, 0x00, 0x00, 0x00, 0x7F, 0xFF, 0xFF, 0x20, 0x00, 0x00, 0x00, 0x00, 0x00, 0x00, 0x03, 0xFF, 0xFF, 0xF7, 0x00, 0x00,
    0x00, 0x00, 0x00, 0x00, 0x00, 0x0C, 0xFF, 0xFF, 0xC0, 0x00, 0x00, 0x00, 0x00, 0x00, 0x00, 0x00, 0x8F, 0xFF, 0xFE, 0x20, 0x00, 0x00, 0x00, 0x00,
    0x00, 0x00, 0x03, 0xFF, 0xFF, 0xF6, 0x00, 0x00, 0x00, 0x00, 0x00, 0x00, 0x00, 0x1D, 0xFF, 0xFF, 0xB0, 0x00, 0x00, 0x00, 0x00, 0x00, 0x00, 0x00,
    0x8F, 0xFF, 0xFE, 0x20, 0x00, 0x00, 0x00, 0x00, 0x00, 0x00, 0x04, 0xFF, 0xFF, 0xF6, 0x00, 0x00, 0x00, 0x00, 0x00, 0x00, 0x00, 0x1D, 0xFF, 0xFF,
    0xB0, 0x00, 0x00, 0x00, 0x00, 0x00, 0x00, 0x00, 0x9F, 0xFF, 0xFE, 0x20, 0x00, 0x00, 0x00, 0x00, 0x00, 0x00, 0x04, 0xFF, 0xFF, 0xF6, 0x00, 0x00,
    0x00, 0x00, 0x00, 0x00, 0x00, 0x1D, 0xFF, 0xFF, 0xB0, 0x00, 0x00, 0x00, 0x00, 0x00, 0x00, 0x00, 0xAF, 0xFF, 0xFE, 0x20, 0x00, 0x00, 0x00, 0x00,
    0x00, 0x00, 0x05, 0xFF, 0xFF, 0xF5, 0x00, 0x00, 0x00, 0x00, 0x00, 0x00, 0x00, 0x1E, 0xFF, 0xFF, 0xA0, 0x00, 0x00, 0x00, 0x00, 0x00, 0x00, 0x00,
    0xBF, 0xFF, 0xFF, 0x32, 0x22, 0x22, 0x22, 0x22, 0x22, 0x10, 0x06, 0xFF, 0xFF, 0xFF, 0xFF, 0xFF, 0xFF, 0xFF, 0xFF, 0xFF, 0xC0, 0x0B, 0xFF, 0xFF,
    0xFF, 0xFF, 0xFF, 0xFF, 0xFF, 0xFF, 0xFF, 0xC0, 0x0B, 0xFF, 0xFF, 0xFF, 0xFF, 0xFF, 0xFF, 0xFF, 0xFF, 0xFF, 0xC0, 0x0B, 0xFF, 0xFF, 0xFF, 0xFF,
    0xFF, 0xFF, 0xFF, 0xFF, 0xFF, 0xC0,
};

static const aa_glyph_t aa_axis_glyphs[] = {
    { 9, 0 }, // ' '
    { 23, 130 }, // 'X'
    { 22, 442 }, // 'Y'
    { 22, 728 }, // 'Z'
};

static const aa_font_t aa_axis = { 26, 23, " XYZ", aa_axis_glyphs, aa_axis_data };

static const uint8_t aa_dro_data[] = { // height 33, 13 glyphs, 5016 bytes
    0x00, 0x00, 0x00, 0x00, 0x00, 0x00, 0x00, 0x00, 0x00, 0x00, 0x00, 0x00, 0x00, 0x00, 0x00, 0x00, 0x00, 0x00, 0x00, 0x00, 0x00, 0x00, 0x00, 0x00,
    0x00, 0x00, 0x00, 0x00, 0x00, 0x00, 0x00, 0x00, 0x00, 0x00, 0x00, 0x00, 0x00, 0x00, 0x00, 0x00, 0x00, 0x00, 0x00, 0x00, 0x00, 0x00, 0x00, 0x00,
    0x00, 0x00, 0x00, 0x00, 0x00, 0x00, 0x00, 0x00, 0x00, 0x00, 0x00, 0x00, 0x00, 0x00, 0x00, 0x00, 0x00, 0x00, 0x00, 0x00, 0x00, 0x00, 0x00, 0x00,
    0x00, 0x00, 0x00, 0x00, 0x00, 0x00, 0x00, 0x00, 0x00, 0x00, 0x00, 0x00, 0x00, 0x00, 0x00, 0x00, 0x00, 0x00, 0x00, 0x00, 0x00, 0x00, 0x00, 0x00,
    0x00, 0x00, 0x00, 0x00, 0x00, 0x00, 0x00, 0x00, 0x00, 0x00, 0x00, 0x00, 0x00, 0x00, 0x00, 0x00, 0x00, 0x00, 0x00, 0x00, 0x00, 0x00, 0x00, 0x00,
    0x00, 0x00, 0x00, 0x00, 0x00, 0x00, 0x00, 0x00, 0x00, 0x00, 0x00, 0x00, 0x00, 0x00, 0x00, 0x00, 0x00, 0x00, 0x00, 0x00, 0x00, 0x00, 0x00, 0x00,
    0x00, 0x00, 0x00, 0x00, 0x00, 0x00, 0x00, 0x00, 0x00, 0x00, 0x00, 0x00, 0x00, 0x00, 0x00, 0x00, 0x00, 0x00, 0x00, 0x00, 0x00, 0x00, 0x00, 0x00,
    0x00, 0x00, 0x00, 0x00, 0x00, 0x00, 0x00, 0x00, 0x00, 0x00, 0x00, 0x00, 0x00, 0x00, 0x00, 0x00, 0x00, 0x00, 0x00, 0x00, 0x00, 0x00, 0x00, 0x00,
    0x00, 0x00, 0x00, 0x00, 0x00, 0x00, 0x00, 0x00, 0x00, 0x00, 0x00, 0x00, 0x00, 0x00, 0x00, 0x00, 0x00, 0x00, 0x00, 0x00, 0x00, 0x00, 0x00, 0x00,
    0x00, 0x00, 0x00, 0x00, 0x00, 0x00, 0x00, 0x00, 0x00, 0x00, 0x00, 0x00, 0x00, 0x00, 0x00, 0x00, 0x00, 0x00, 0x00, 0x00, 0x00, 0x00, 0x00, 0x00,
    0x00, 0x00, 0x00, 0x00, 0x00, 0x00, 0x00, 0x00, 0x00, 0x00, 0x00, 0x00, 0x00, 0x00, 0x00, 0x00, 0x00, 0x00, 0x00, 0x00, 0x00, 0x00, 0x00, 0x00,
    0x00, 0x00, 0x00, 0x00, 0x00, 0x00, 0x00, 0x00, 0x00, 0x00, 0x00, 0x00, 0x00, 0x00, 0x00, 0x00, 0x00, 0x00, 0x00, 0x00, 0x00, 0x00, 0x00, 0x00,
    0x00, 0x00, 0x00, 0x00, 0x00, 0x00, 0x00, 0x00, 0x00, 0x00, 0x00, 0x00, 0x00, 0x00, 0x00, 0x00, 0x00, 0x00, 0x00, 0x00, 0x00, 0x00, 0x00, 0x00,
    0x00, 0x00, 0x00, 0x00, 0x00, 0x00, 0x00, 0x00, 0x00, 0x00, 0x00, 0x00, 0x00, 0x00, 0x00, 0x00, 0x00, 0x00, 0x00, 0x00, 0x00, 0x00, 0x01, 0x11,
    0x11, 0x11, 0x11, 0x11, 0x10, 0x00, 0x00, 0x6F, 0xFF, 0xFF, 0xFF, 0xFF, 0xFF, 0xF4, 0x00, 0x00, 0x6F, 0xFF, 0xFF, 0xFF, 0xFF, 0xFF, 0xF4, 0x00,
    0x00, 0x6F, 0xFF, 0xFF, 0xFF, 0xFF, 0xFF, 0xF4, 0x00, 0x00, 0x6F, 0xFF, 0xFF, 0xFF, 0xFF, 0xFF, 0xF4, 0x00, 0x00, 0x6F, 0xFF, 0xFF, 0xFF, 0xFF,
    0xFF, 0xF4, 0x00, 0x00, 0x00, 0x00, 0x00, 0x00, 0x00, 0x00, 0x00, 0x00, 0x00, 0x00, 0x00, 0x00, 0x00, 0x00, 0x00, 0x00, 0x00, 0x00, 0x00, 0x00,
    0x00, 0x00, 0x00, 0x00, 0x00, 0x00, 0x00, 0x00, 0x00, 0x00, 0x00, 0x00, 0x00, 0x00, 0x00, 0x00, 0x00, 0x00, 0x00, 0x00, 0x00, 0x00, 0x00, 0x00,
    0x00, 0x00, 0x00, 0x00, 0x00, 0x00, 0x00, 0x00, 0x00, 0x00, 0x00, 0x00, 0x00, 0x00, 0x00, 0x00, 0x00, 0x00, 0x00, 0x00, 0x00, 0x00, 0x00, 0x00,
    0x00, 0x00, 0x00, 0x00, 0x00, 0x00, 0x00, 0x00, 0x00, 0x00, 0x00, 0x00, 0x00, 0x00, 0x00, 0x00, 0x00, 0x00, 0x00, 0x00, 0x00, 0x00, 0x00, 0x00,
    0x00, 0x00, 0x00, 0x00, 0x00, 0x00, 0x00, 0x00, 0x00, 0x00, 0x00, 0x00, 0x00, 0x00, 0x00, 0x00, 0x00, 0x00, 0x00, 0x00, 0x00, 0x00, 0x00, 0x00,
    0x00, 0x00, 0x00, 0x00, 0x00, 0x00, 0x00, 0x00, 0x00, 0x00, 0x00, 0x00, 0x00, 0x00, 0x00, 0x00, 0x00, 0x00, 0x00, 0x00, 0x00, 0x00, 0x00, 0x00,
    0x00, 0x00, 0x00, 0x00, 0x00, 0x00, 0x00, 0x00, 0x00, 0x00, 0x00, 0x00, 0x00, 0x00, 0x00, 0x00, 0x00, 0x00, 0x00, 0x00, 0x00, 0x00, 0x00, 0x00,
    0x00, 0x00, 0x00, 0x00, 0x00, 0x00, 0x00, 0x00, 0x00, 0x00, 0x00, 0x00, 0x00, 0x00, 0x00, 0x00, 0x00, 0x00, 0x00, 0x00, 0x00, 0x00, 0x00, 0x00,
    0x00, 0x00, 0x00, 0x00, 0x00, 0x00, 0x00, 0x00, 0x00, 0x00, 0x00, 0x00, 0x00, 0x00, 0x00, 0x00, 0x00, 0x00, 0x00, 0x00, 0x00, 0x00, 0x00, 0x00,
    0x00, 0x00, 0x00, 0x00, 0x00, 0x00, 0x00, 0x00, 0x00, 0x00, 0x00, 0x00, 0x00, 0x00, 0x00, 0x00, 0x00, 0x00, 0x00, 0x00, 0x00, 0x00, 0x00, 0x00,
    0x00, 0x00, 0x00, 0x00, 0x00, 0x00, 0x00, 0x00, 0x00, 0x00, 0x00, 0x00, 0x00, 0x00, 0x00, 0x00, 0x00, 0x00, 0x00, 0x00, 0x00, 0x00, 0x00, 0x00,
    0x00, 0x00, 0x00, 0x00, 0x00, 0x00, 0x00, 0x00, 0x00, 0x00, 0x00, 0x00, 0x00, 0x00, 0x00, 0x00, 0x00, 0x00, 0x00, 0x00, 0x00, 0x00, 0x00, 0x00,
    0x00, 0x00, 0x00, 0x00, 0x00, 0x00, 0x00, 0x39, 0xB9, 0x30, 0x00, 0x00, 0x00, 0x05, 0xFF, 0xFF, 0xF5, 0x00, 0x00, 0x00, 0x0E, 0xFF, 0xFF, 0xFE,
    0x00, 0x00, 0x00, 0x2F, 0xFF, 0xFF, 0xFF, 0x20, 0x00, 0x00, 0x0F, 0xFF, 0xFF, 0xFF, 0x00, 0x00, 0x00, 0x08, 0xFF, 0xFF, 0xF8, 0x00, 0x00, 0x00,
    0x00, 0x7D, 0xED, 0x70, 0x00, 0x00, 0x00, 0x00, 0x00, 0x00, 0x27, 0xBD, 0xEF, 0xEC, 0x94, 0x00, 0x00, 0x00, 0x00, 0x00, 0x00, 0x00, 0x19, 0xFF,
    0xFF, 0xFF, 0xFF, 0xFF, 0xC4, 0x00, 0x00, 0x00, 0x00, 0x00, 0x02, 0xDF, 0xFF, 0xFF, 0xFF, 0xFF, 0xFF, 0xFF, 0x60, 0x00, 0x00, 0x00, 0x00, 0x1E,
    0xFF, 0xFF, 0xFF, 0xFF, 0xFF, 0xFF, 0xFF, 0xF6, 0x00, 0x00, 0x00, 0x00, 0xAF, 0xFF, 0xFF, 0xFF, 0xFF, 0xFF, 0xFF, 0xFF, 0xFE, 0x20, 0x00, 0x00,
    0x04, 0xFF, 0xFF, 0xFF, 0xE6, 0x21, 0x4B, 0xFF, 0xFF, 0xFF, 0xA0, 0x00, 0x00, 0x0A, 0xFF, 0xFF, 0xFE, 0x20, 0x00, 0x00, 0xAF, 0xFF, 0xFF, 0xF2,
    0x00, 0x00, 0x1F, 0xFF, 0xFF, 0xF7, 0x00, 0x00, 0x00, 0x1F, 0xFF, 0xFF, 0xF6, 0x00, 0x00, 0x5F, 0xFF, 0xFF, 0xF2, 0x00, 0x00, 0x00, 0x0B, 0xFF,
    0xFF, 0xFB, 0x00, 0x00, 0x8F, 0xFF, 0xFF, 0xD0, 0x00, 0x00, 0x00, 0x07, 0xFF, 0xFF, 0xFD, 0x00, 0x00, 0xAF, 0xFF, 0xFF, 0xB0, 0x00, 0x00, 0x00,
    0x05, 0xFF, 0xFF, 0xFF, 0x10, 0x00, 0xCF, 0xFF, 0xFF, 0xA0, 0x00, 0x00, 0x00, 0x04, 0xFF, 0xFF, 0xFF, 0x20, 0x00, 0xCF, 0xFF, 0xFF, 0xA0, 0x00,
    0x00, 0x00, 0x03, 0xFF, 0xFF, 0xFF, 0x30, 0x00, 0xDF, 0xFF, 0xFF, 0x90, 0x00, 0x00, 0x00, 0x03, 0xFF, 0xFF, 0xFF, 0x40, 0x00, 0xDF, 0xFF, 0xFF,
    0x90, 0x00, 0x00, 0x00, 0x03, 0xFF, 0xFF, 0xFF, 0x40, 0x00, 0xDF, 0xFF, 0xFF, 0x90, 0x00, 0x00, 0x00, 0x03, 0xFF, 0xFF, 0xFF, 0x40, 0x00, 0xDF,
    0xFF, 0xFF, 0x90, 0x00, 0x00, 0x00, 0x03, 0xFF, 0xFF, 0xFF, 0x40, 0x00, 0xDF, 0xFF, 0xFF, 0x90, 0x00, 0x00, 0x00, 0x03, 0xFF, 0xFF, 0xFF, 0x40,
    0x00, 0xDF, 0xFF, 0xFF, 0x90, 0x00, 0x00, 0x00, 0x03, 0xFF, 0xFF, 0xFF, 0x40, 0x00, 0xDF, 0xFF, 0xFF, 0x90, 0x00, 0x00, 0x00, 0x03, 0xFF, 0xFF,
    0xFF, 0x40, 0x00, 0xCF, 0xFF, 0xFF, 0xA0, 0x00, 0x00, 0x00, 0x04, 0xFF, 0xFF, 0xFF, 0x30, 0x00, 0xBF, 0xFF, 0xFF, 0xA0, 0x00, 0x00, 0x00, 0x04,
    0xFF, 0xFF, 0xFF, 0x20, 0x00, 0xAF, 0xFF, 0xFF, 0xB0, 0x00, 0x00, 0x00, 0x05, 0xFF, 0xFF, 0xFF, 0x10, 0x00, 0x7F, 0xFF, 0xFF, 0xD0, 0x00, 0x00,
    0x00, 0x08, 0xFF, 0xFF, 0xFE, 0x00, 0x00, 0x5F, 0xFF, 0xFF, 0xF2, 0x00, 0x00, 0x00, 0x0B, 0xFF, 0xFF, 0xFA, 0x00, 0x00, 0x1F, 0xFF, 0xFF, 0xF7,
    0x00, 0x00, 0x00, 0x2F, 0xFF, 0xFF, 0xF6, 0x00, 0x00, 0x0A, 0xFF, 0xFF, 0xFE, 0x20, 0x00, 0x00, 0xAF, 0xFF, 0xFF, 0xF1, 0x00, 0x00, 0x03, 0xFF,
    0xFF, 0xFF, 0xE6, 0x21, 0x4B, 0xFF, 0xFF, 0xFF, 0xA0, 0x00, 0x00, 0x00, 0xAF, 0xFF, 0xFF, 0xFF, 0xFF, 0xFF, 0xFF, 0xFF, 0xFE, 0x20, 0x00, 0x00,
    0x00, 0x1D, 0xFF, 0xFF, 0xFF, 0xFF, 0xFF, 0xFF, 0xFF, 0xF5, 0x00, 0x00, 0x00, 0x00, 0x02, 0xDF, 0xFF, 0xFF, 0xFF, 0xFF, 0xFF, 0xFF, 0x60, 0x00,
    0x00, 0x00, 0x00, 0x00, 0x19, 0xFF, 0xFF, 0xFF, 0xFF, 0xFF, 0xC4, 0x00, 0x00, 0x00, 0x00, 0x00, 0x00, 0x00, 0x27, 0xBD, 0xEF, 0xDC, 0x84, 0x00,
    0x00, 0x00, 0x00, 0x00, 0x00, 0x00, 0x00, 0x00, 0x00, 0x00, 0x15, 0xBF, 0x00, 0x00, 0x00, 0x00, 0x00, 0x00, 0x00, 0x00, 0x00, 0x00, 0x49, 0xEF,
    0xFF, 0x00, 0x00, 0x00, 0x00, 0x00, 0x00, 0x00, 0x00, 0x03, 0x8D, 0xFF, 0xFF, 0xFF, 0x00, 0x00, 0x00, 0x00, 0x00, 0x00, 0x00, 0x27, 0xDF, 0xFF,
    0xFF, 0xFF, 0xFF, 0x00, 0x00, 0x00, 0x00, 0x00, 0x01, 0x6B, 0xFF, 0xFF, 0xFF, 0xFF, 0xFF, 0xFF, 0x00, 0x00, 0x00, 0x00, 0x00, 0x03, 0xFF, 0xFF,
    0xFF, 0xFF, 0xFF, 0xFF, 0xFF, 0x00, 0x00, 0x00, 0x00, 0x00, 0x03, 0xFF, 0xFF, 0xFF, 0xFF, 0xFF, 0xFF, 0xFF, 0x00, 0x00, 0x00, 0x00, 0x00, 0x03,
    0xFF, 0xFF, 0xFF, 0xDC, 0xFF, 0xFF, 0xFF, 0x00, 0x00, 0x00, 0x00, 0x00, 0x03, 0xFF, 0xFC, 0x73, 0x07, 0xFF, 0xFF, 0xFF, 0x00, 0x00, 0x00, 0x00,
    0x00, 0x03, 0xC7, 0x20, 0x00, 0x07, 0xFF, 0xFF, 0xFF, 0x00, 0x00, 0x00, 0x00, 0x00, 0x00, 0x00, 0x00, 0x00, 0x07, 0xFF, 0xFF, 0xFF, 0x00, 0x00,
    0x00, 0x00, 0x00, 0x00, 0x00, 0x00, 0x00, 0x07, 0xFF, 0xFF, 0xFF, 0x00, 0x00, 0x00, 0x00, 0x00, 0x00, 0x00, 0x00, 0x00, 0x07, 0xFF, 0xFF, 0xFF,
    0x00, 0x00, 0x00, 0x00, 0x00, 0x00, 0x00, 0x00, 0x00, 0x07, 0xFF, 0xFF, 0xFF, 0x00, 0x00, 0x00, 0x00, 0x00, 0x00, 0x00, 0x00, 0x00, 0x07, 0xFF,
    0xFF, 0xFF, 0x00, 0x00, 0x00, 0x00, 0x00, 0x00, 0x00, 0x00, 0x00, 0x07, 0xFF, 0xFF, 0xFF, 0x00, 0x00, 0x00, 0x00, 0x00, 0x00, 0x00, 0x00, 0x00,
    0x07, 0xFF, 0xFF, 0xFF, 0x00, 0x00, 0x00, 0x00, 0x00, 0x00, 0x00, 0x00, 0x00, 0x07, 0xFF, 0xFF, 0xFF, 0x00, 0x00, 0x00, 0x00, 0x00, 0x00, 0x00,
    0x00, 0x00, 0x07, 0xFF, 0xFF, 0xFF, 0x00, 0x00, 0x00, 0x00, 0x00, 0x00, 0x00, 0x00, 0x00, 0x07, 0xFF, 0xFF, 0xFF, 0x00, 0x00, 0x00, 0x00, 0x00,
    0x00, 0x00, 0x00, 0x00, 0x07, 0xFF, 0xFF, 0xFF, 0x00, 0x00, 0x00, 0x00, 0x00, 0x00, 0x00, 0x00, 0x00, 0x07, 0xFF, 0xFF, 0xFF, 0x00, 0x00, 0x00,
    0x00, 0x00, 0x00, 0x00, 0x00, 0x00, 0x07, 0xFF, 0xFF, 0xFF, 0x00, 0x00, 0x00, 0x00, 0x00, 0x00, 0x00, 0x00, 0x00, 0x07, 0xFF, 0xFF, 0xFF, 0x00,
    0x00, 0x00, 0x00, 0x00, 0x00, 0x00, 0x00, 0x00, 0x07, 0xFF, 0xFF, 0xFF, 0x00, 0x00, 0x00, 0x00, 0x00, 0x00, 0x00, 0x00, 0x00, 0x07, 0xFF, 0xFF,
    0xFF, 0x00, 0x00, 0x00, 0x00, 0x00, 0x00, 0x00, 0x00, 0x00, 0x07, 0xFF, 0xFF, 0xFF, 0x00, 0x00, 0x00, 0x00, 0x00, 0x00, 0x00, 0x00, 0x00, 0x07,
    0xFF, 0xFF, 0xFF, 0x00, 0x00, 0x00, 0x00, 0x00, 0x00, 0x00, 0x00, 0x00, 0x07, 0xFF, 0xFF, 0xFF, 0x00, 0x00, 0x00, 0x00, 0x00, 0x00, 0x00, 0x00,
    0x00, 0x07, 0xFF, 0xFF, 0xFF, 0x00, 0x00, 0x00, 0x00, 0x00, 0x00, 0x00, 0x00, 0x00, 0x07, 0xFF, 0xFF, 0xFF, 0x00, 0x00, 0x00, 0x00, 0x00, 0x00,
    0x00, 0x00, 0x00, 0x07, 0xFF, 0xFF, 0xFF, 0x00, 0x00, 0x00, 0x00, 0x00, 0x00, 0x00, 0x00, 0x00, 0x07, 0xFF, 0xFF, 0xFF, 0x00, 0x00, 0x00, 0x00,
    0x00, 0x00, 0x00, 0x00, 0x38, 0xCE, 0xFF, 0xEC, 0x95, 0x10, 0x00, 0x00, 0x00, 0x00, 0x00, 0x00, 0x3C, 0xFF, 0xFF, 0xFF, 0xFF, 0xFF, 0xE7, 0x00,
    0x00, 0x00, 0x00, 0x00, 0x07, 0xFF, 0xFF, 0xFF, 0xFF, 0xFF, 0xFF, 0xFF, 0xC1, 0x00, 0x00, 0x00, 0x00, 0x8F, 0xFF, 0xFF, 0xFF, 0xFF, 0xFF, 0xFF,
    0xFF, 0xFC, 0x00, 0x00, 0x00, 0x05, 0xFF, 0xFF, 0xFF, 0xFF, 0xFF, 0xFF, 0xFF, 0xFF, 0xFF, 0x70, 0x00, 0x00, 0x1E, 0xFF, 0xFF, 0xFF, 0xB4, 0x22,
    0x6D, 0xFF, 0xFF, 0xFF, 0xD0, 0x00, 0x00, 0x7F, 0xFF, 0xFF, 0xF9, 0x00, 0x00, 0x01, 0xDF, 0xFF, 0xFF, 0xF3, 0x00, 0x00, 0xDF, 0xFF, 0xFF, 0xD0,
    0x00, 0x00, 0x00, 0x5F, 0xFF, 0xFF, 0xF6, 0x00, 0x02, 0xFF, 0xFF, 0xFF, 0x70, 0x00, 0x00, 0x00, 0x1F, 0xFF, 0xFF, 0xF8, 0x00, 0x05, 0xFF, 0xFF,
    0xFF, 0x30, 0x00, 0x00, 0x00, 0x0E, 0xFF, 0xFF, 0xF8, 0x00, 0x06, 0xFF, 0xFF, 0xFF, 0x20, 0x00, 0x00, 0x00, 0x0F, 0xFF, 0xFF, 0xF7, 0x00, 0x00,
    0x00, 0x00, 0x00, 0x00, 0x00, 0x00, 0x00, 0x3F, 0xFF, 0xFF, 0xF4, 0x00, 0x00, 0x00, 0x00, 0x00, 0x00, 0x00, 0x00, 0x00, 0x9F, 0xFF, 0xFF, 0xE0,
    0x00, 0x00, 0x00, 0x00, 0x00, 0x00, 0x00, 0x00, 0x03, 0xFF, 0xFF, 0xFF, 0x80, 0x00, 0x00, 0x00, 0x00, 0x00, 0x00, 0x00, 0x00, 0x0C, 0xFF, 0xFF,
    0xFE, 0x10, 0x00, 0x00, 0x00, 0x00, 0x00, 0x00, 0x00, 0x00, 0x8F, 0xFF, 0xFF, 0xF7, 0x00, 0x00, 0x00, 0x00, 0x00, 0x00, 0x00, 0x00, 0x06, 0xFF,
    0xFF, 0xFF, 0xC0, 0x00, 0x00, 0x00, 0x00, 0x00, 0x00, 0x00, 0x00, 0x4F, 0xFF, 0xFF, 0xFE, 0x20, 0x00, 0x00, 0x00, 0x00, 0x00, 0x00, 0x00, 0x03,
    0xEF, 0xFF, 0xFF, 0xE3, 0x00, 0x00, 0x00, 0x00, 0x00, 0x00, 0x00, 0x00, 0x3E, 0xFF, 0xFF, 0xFF, 0x50, 0x00, 0x00, 0x00, 0x00, 0x00, 0x00, 0x00,
    0x02, 0xEF, 0xFF, 0xFF, 0xF5, 0x00, 0x00, 0x00, 0x00, 0x00, 0x00, 0x00, 0x00, 0x2D, 0xFF, 0xFF, 0xFF, 0x60, 0x00, 0x00, 0x00, 0x00, 0x00, 0x00,
    0x00, 0x01, 0xDF, 0xFF, 0xFF, 0xF7, 0x00, 0x00, 0x00, 0x00, 0x00, 0x00, 0x00, 0x00, 0x1C, 0xFF, 0xFF, 0xFF, 0x90, 0x00, 0x00, 0x00, 0x00, 0x00,
    0x00, 0x00, 0x01, 0xCF, 0xFF, 0xFF, 0xFA, 0x00, 0x00, 0x00, 0x00, 0x00, 0x00, 0x00, 0x00, 0x0B, 0xFF, 0xFF, 0xFF, 0xB0, 0x00, 0x00, 0x00, 0x00,
    0x00, 0x00, 0x00, 0x00, 0xAF, 0xFF, 0xFF, 0xFC, 0x10, 0x00, 0x00, 0x00, 0x00, 0x00, 0x00, 0x00, 0x09, 0xFF, 0xFF, 0xFF, 0xE3, 0x11, 0x11, 0x11,
    0x11, 0x11, 0x11, 0x10, 0x00, 0x8F, 0xFF, 0xFF, 0xFF, 0xFF, 0xFF, 0xFF, 0xFF, 0xFF, 0xFF, 0xFF, 0x90, 0x00, 0xBF, 0xFF, 0xFF, 0xFF, 0xFF, 0xFF,
    0xFF, 0xFF, 0xFF, 0xFF, 0xFF, 0x90, 0x00, 0xBF, 0xFF, 0xFF, 0xFF, 0xFF, 0xFF, 0xFF, 0xFF, 0xFF, 0xFF, 0xFF, 0x90, 0x00, 0xBF, 0xFF, 0xFF, 0xFF,
    0xFF, 0xFF, 0xFF, 0xFF, 0xFF, 0xFF, 0xFF, 0x90, 0x00, 0xBF, 0xFF, 0xFF, 0xFF, 0xFF, 0xFF, 0xFF, 0xFF, 0xFF, 0xFF, 0xFF, 0x90, 0x00, 0x00, 0x00,
    0x01, 0x5A, 0xCE, 0xFE, 0xDB, 0x84, 0x00, 0x00, 0x00, 0x00, 0x00, 0x00, 0x00, 0x7E, 0xFF, 0xFF, 0xFF, 0xFF, 0xFF, 0xD5, 0x00, 0x00, 0x00, 0x00,
    0x00, 0x2C, 0xFF, 0xFF, 0xFF, 0xFF, 0xFF, 0xFF, 0xFF, 0xA0, 0x00, 0x00, 0x00, 0x02, 0xDF, 0xFF, 0xFF, 0xFF, 0xFF, 0xFF, 0xFF, 0xFF, 0xFA, 0x00,
    0x00, 0x00, 0x0C, 0xFF, 0xFF, 0xFF, 0xFF, 0xFF, 0xFF, 0xFF, 0xFF, 0xFF, 0x60, 0x00, 0x00, 0x6F, 0xFF, 0xFF, 0xFF, 0x94, 0x12, 0x5C, 0xFF, 0xFF,
    0xFF, 0xE0, 0x00, 0x00, 0xCF, 0xFF, 0xFF, 0xF5, 0x00, 0x00, 0x00, 0xBF, 0xFF, 0xFF, 0xF5, 0x00, 0x00, 0xFF, 0xFF, 0xFF, 0xA0, 0x00, 0x00, 0x00,
    0x2F, 0xFF, 0xFF, 0xF8, 0x00, 0x02, 0xFF, 0xFF, 0xFF, 0x60, 0x00, 0x00, 0x00, 0x0D, 0xFF, 0xFF, 0xFA, 0x00, 0x00, 0x00, 0x00, 0x00, 0x00, 0x00,
    0x00, 0x00, 0x0C, 0xFF, 0xFF, 0xFA, 0x00, 0x00, 0x00, 0x00, 0x00, 0x00, 0x00, 0x00, 0x00, 0x0E, 0xFF, 0xFF, 0xF8, 0x00, 0x00, 0x00, 0x00, 0x00,
    0x00, 0x00, 0x00, 0x00, 0x3F, 0xFF, 0xFF, 0xF4, 0x00, 0x00, 0x00, 0x00, 0x00, 0x00, 0x00, 0x00, 0x00, 0xBF, 0xFF, 0xFF, 0xD0, 0x00, 0x00, 0x00,
    0x00, 0x00, 0x00, 0x00, 0x01, 0x4C, 0xFF, 0xFF, 0xFF, 0x40, 0x00, 0x00, 0x00, 0x00, 0x00, 0x2E, 0xEE, 0xEF, 0xFF, 0xFF, 0xFF, 0xF5, 0x00, 0x00,
    0x00, 0x00, 0x00, 0x00, 0x3F, 0xFF, 0xFF, 0xFF, 0xFF, 0xFD, 0x40, 0x00, 0x00, 0x00, 0x00, 0x00, 0x00, 0x4F, 0xFF, 0xFF, 0xFF, 0xFF, 0xF4, 0x00,
    0x00, 0x00, 0x00, 0x00, 0x00, 0x00, 0x3F, 0xFF, 0xFF, 0xFF, 0xFF, 0xFF, 0xA2, 0x00, 0x00, 0x00, 0x00, 0x00, 0x00, 0x2F, 0xFF, 0xFF, 0xFF, 0xFF,
    0xFF, 0xFD, 0x20, 0x00, 0x00, 0x00, 0x00, 0x00, 0x00, 0x00, 0x01, 0x4A, 0xFF, 0xFF, 0xFF, 0xD1, 0x00, 0x00, 0x00, 0x00, 0x00, 0x00, 0x00, 0x00,
    0x00, 0x5F, 0xFF, 0xFF, 0xF7, 0x00, 0x00, 0x00, 0x00, 0x00, 0x00, 0x00, 0x00, 0x00, 0x0B, 0xFF, 0xFF, 0xFD, 0x00, 0x00, 0x00, 0x00, 0x00, 0x00,
    0x00, 0x00, 0x00, 0x06, 0xFF, 0xFF, 0xFF, 0x10, 0x00, 0x00, 0x00, 0x00, 0x00, 0x00, 0x00, 0x00, 0x05, 0xFF, 0xFF, 0xFF, 0x30, 0x08, 0xFF, 0xFF,
    0xFF, 0x00, 0x00, 0x00, 0x00, 0x06, 0xFF, 0xFF, 0xFF, 0x20, 0x06, 0xFF, 0xFF, 0xFF, 0x40, 0x00, 0x00, 0x00, 0x0B, 0xFF, 0xFF, 0xFF, 0x00, 0x03,
    0xFF, 0xFF, 0xFF, 0xD2, 0x00, 0x00, 0x00, 0x6F, 0xFF, 0xFF, 0xFB, 0x00, 0x00, 0xCF, 0xFF, 0xFF, 0xFE, 0x73, 0x12, 0x4A, 0xFF, 0xFF, 0xFF, 0xF6,
    0x00, 0x00, 0x4F, 0xFF, 0xFF, 0xFF, 0xFF, 0xFF, 0xFF, 0xFF, 0xFF, 0xFF, 0xC0, 0x00, 0x00, 0x07, 0xFF, 0xFF, 0xFF, 0xFF, 0xFF, 0xFF, 0xFF, 0xFF,
    0xFD, 0x20, 0x00, 0x00, 0x00, 0x6F, 0xFF, 0xFF, 0xFF, 0xFF, 0xFF, 0xFF, 0xFF, 0xC2, 0x00, 0x00, 0x00, 0x00, 0x02, 0xAF, 0xFF, 0xFF, 0xFF, 0xFF,
    0xFF, 0xD6, 0x00, 0x00, 0x00, 0x00, 0x00, 0x00, 0x01, 0x6A, 0xDE, 0xFE, 0xDB, 0x84, 0x00, 0x00, 0x00, 0x00, 0x00, 0x00, 0x00, 0x00, 0x00, 0x00,
    0x00, 0x6F, 0xFF, 0xFF, 0xF7, 0x00, 0x00, 0x00, 0x00, 0x00, 0x00, 0x00, 0x00, 0x01, 0xEF, 0xFF, 0xFF, 0xF7, 0x00, 0x00, 0x00, 0x00, 0x00, 0x00,
    0x00, 0x00, 0x0A, 0xFF, 0xFF, 0xFF, 0xF7, 0x00, 0x00, 0x00, 0x00, 0x00, 0x00, 0x00, 0x00, 0x4F, 0xFF, 0xFF, 0xFF, 0xF7, 0x00, 0x00, 0x00, 0x00,
    0x00, 0x00, 0x00, 0x00, 0xDF, 0xFF, 0xFF, 0xFF, 0xF7, 0x00, 0x00, 0x00, 0x00, 0x00, 0x00, 0x00, 0x07, 0xFF, 0xFF, 0xFF, 0xFF, 0xF7, 0x00, 0x00,
    0x00, 0x00, 0x00, 0x00, 0x00, 0x2F, 0xFF, 0xFF, 0xFF, 0xFF, 0xF7, 0x00, 0x00, 0x00, 0x00, 0x00, 0x00, 0x00, 0xBF, 0xFF, 0xFF, 0xFF, 0xFF, 0xF7,
    0x00, 0x00, 0x00, 0x00, 0x00, 0x00, 0x05, 0xFF, 0xFF, 0xFF, 0xFF, 0xFF, 0xF7, 0x00, 0x00, 0x00, 0x00, 0x00, 0x00, 0x1D, 0xFF, 0xFF, 0x7F, 0xFF,
    0xFF, 0xF7, 0x00, 0x00, 0x00, 0x00, 0x00, 0x00, 0x9F, 0xFF, 0xFD, 0x1F, 0xFF, 0xFF, 0xF7, 0x00, 0x00, 0x00, 0x00, 0x00, 0x03, 0xFF, 0xFF, 0xF4,
    0x0F, 0xFF, 0xFF, 0xF7, 0x00, 0x00, 0x00, 0x00, 0x00, 0x0C, 0xFF, 0xFF, 0xB0, 0x0F, 0xFF, 0xFF, 0xF7, 0x00, 0x00, 0x00, 0x00, 0x00, 0x6F, 0xFF,
    0xFF, 0x20, 0x0F, 0xFF, 0xFF, 0xF7, 0x00, 0x00, 0x00, 0x00, 0x01, 0xEF, 0xFF, 0xF8, 0x00, 0x0F, 0xFF, 0xFF, 0xF7, 0x00, 0x00, 0x00, 0x00, 0x0A,
    0xFF, 0xFF, 0xD1, 0x00, 0x0F, 0xFF, 0xFF, 0xF7, 0x00, 0x00, 0x00, 0x00, 0x4F, 0xFF, 0xFF, 0x50, 0x00, 0x0F, 0xFF, 0xFF, 0xF7, 0x00, 0x00, 0x00,
    0x00, 0xDF, 0xFF, 0xFB, 0x00, 0x00, 0x0F, 0xFF, 0xFF, 0xF7, 0x00, 0x00, 0x00, 0x08, 0xFF, 0xFF, 0xF3, 0x00, 0x00, 0x0F, 0xFF, 0xFF, 0xF7, 0x00,
    0x00, 0x00, 0x2F, 0xFF, 0xFF, 0x80, 0x00, 0x00, 0x0F, 0xFF, 0xFF, 0xF7, 0x00, 0x00, 0x00, 0xBF, 0xFF, 0xFE, 0x21, 0x11, 0x11, 0x1F, 0xFF, 0xFF,
    0xF8, 0x11, 0x10, 0x05, 0xFF, 0xFF, 0xFF, 0xFF, 0xFF, 0xFF, 0xFF, 0xFF, 0xFF, 0xFF, 0xFF, 0xF2, 0x0A, 0xFF, 0xFF, 0xFF, 0xFF, 0xFF, 0xFF, 0xFF,
    0xFF, 0xFF, 0xFF, 0xFF, 0xF2, 0x09, 0xFF, 0xFF, 0xFF, 0xFF, 0xFF, 0xFF, 0xFF, 0xFF, 0xFF, 0xFF, 0xFF, 0xF2, 0x08, 0xFF, 0xFF, 0xFF, 0xFF, 0xFF,
    0xFF, 0xFF, 0xFF, 0xFF, 0xFF, 0xFF, 0xF2, 0x07, 0xFF, 0xFF, 0xFF, 0xFF, 0xFF, 0xFF, 0xFF, 0xFF, 0xFF, 0xFF, 0xFF, 0xF2, 0x00, 0x00, 0x00, 0x00,
    0x00, 0x00, 0x00, 0x0F, 0xFF, 0xFF, 0xF7, 0x00, 0x00, 0x00, 0x00, 0x00, 0x00, 0x00, 0x00, 0x00, 0x0F, 0xFF, 0xFF, 0xF7, 0x00, 0x00, 0x00, 0x00,
    0x00, 0x00, 0x00, 0x00, 0x00, 0x0F, 0xFF, 0xFF, 0xF7, 0x00, 0x00, 0x00, 0x00, 0x00, 0x00, 0x00, 0x00, 0x00, 0x0F, 0xFF, 0xFF, 0xF7, 0x00, 0x00,
    0x00, 0x00, 0x00, 0x00, 0x00, 0x00, 0x00, 0x0F, 0xFF, 0xFF, 0xF7, 0x00, 0x00, 0x00, 0x00, 0x00, 0x00, 0x00, 0x00, 0x00, 0x0F, 0xFF, 0xFF, 0xF7,
    0x00, 0x00, 0x00, 0x00, 0x00, 0x00, 0x00, 0x00, 0x00, 0x0F, 0xFF, 0xFF, 0xF7, 0x00, 0x00, 0x00, 0x00, 0x0F, 0xFF, 0xFF, 0xFF, 0xFF, 0xFF, 0xFF,
    0xFF, 0xFF, 0xF6, 0x00, 0x00, 0x00, 0x2F, 0xFF, 0xFF, 0xFF, 0xFF, 0xFF, 0xFF, 0xFF, 0xFF, 0xF6, 0x00, 0x00, 0x00, 0x4F, 0xFF, 0xFF, 0xFF, 0xFF,
    0xFF, 0xFF, 0xFF, 0xFF, 0xF6, 0x00, 0x00, 0x00, 0x5F, 0xFF, 0xFF, 0xFF, 0xFF, 0xFF, 0xFF, 0xFF, 0xFF, 0xF6, 0x00, 0x00, 0x00, 0x7F, 0xFF, 0xFF,
    0xFF, 0xFF, 0xFF, 0xFF, 0xFF, 0xFF, 0xF6, 0x00, 0x00, 0x00, 0x9F, 0xFF, 0xFF, 0x73, 0x33, 0x33, 0x33, 0x33, 0x33, 0x31, 0x00, 0x00, 0x00, 0xBF,
    0xFF, 0xFF, 0x30, 0x00, 0x00, 0x00, 0x00, 0x00, 0x00, 0x00, 0x00, 0x00, 0xCF, 0xFF, 0xFF, 0x10, 0x00, 0x00, 0x00, 0x00, 0x00, 0x00, 0x00, 0x00,
    0x00, 0xEF, 0xFF, 0xFF, 0x00, 0x00, 0x00, 0x00, 0x00, 0x00, 0x00, 0x00, 0x00, 0x01, 0xFF, 0xFF, 0xFD, 0x00, 0x00, 0x00, 0x00, 0x00, 0x00, 0x00,
    0x00, 0x00, 0x02, 0xFF, 0xFF, 0xFB, 0x00, 0x00, 0x00, 0x00, 0x00, 0x00, 0x00, 0x00, 0x00, 0x04, 0xFF, 0xFF, 0xF9, 0x38, 0xCE, 0xFE, 0xC9, 0x40,
    0x00, 0x00, 0x00, 0x00, 0x06, 0xFF, 0xFF, 0xFE, 0xFF, 0xFF, 0xFF, 0xFF, 0xFC, 0x40, 0x00, 0x00, 0x00, 0x08, 0xFF, 0xFF, 0xFF, 0xFF, 0xFF, 0xFF,
    0xFF, 0xFF, 0xF6, 0x00, 0x00, 0x00, 0x09, 0xFF, 0xFF, 0xFF, 0xFF, 0xFF, 0xFF, 0xFF, 0xFF, 0xFF, 0x40, 0x00, 0x00, 0x0B, 0xFF, 0xFF, 0xFF, 0xFD,
    0xCC, 0xFF, 0xFF, 0xFF, 0xFF, 0xE1, 0x00, 0x00, 0x05, 0xAE, 0xFF, 0xF9, 0x20, 0x00, 0x17, 0xEF, 0xFF, 0xFF, 0xF6, 0x00, 0x00, 0x00, 0x00, 0x26,
    0x50, 0x00, 0x00, 0x00, 0x4F, 0xFF, 0xFF, 0xFC, 0x00, 0x00, 0x00, 0x00, 0x00, 0x00, 0x00, 0x00, 0x00, 0x0A, 0xFF, 0xFF, 0xFF, 0x10, 0x00, 0x00,
    0x00, 0x00, 0x00, 0x00, 0x00, 0x00, 0x04, 0xFF, 0xFF, 0xFF, 0x40, 0x00, 0x00, 0x00, 0x00, 0x00, 0x00, 0x00, 0x00, 0x02, 0xFF, 0xFF, 0xFF, 0x50,
    0x00, 0x00, 0x00, 0x00, 0x00, 0x00, 0x00, 0x00, 0x00, 0xFF, 0xFF, 0xFF, 0x60, 0x00, 0x00, 0x00, 0x00, 0x00, 0x00, 0x00, 0x00, 0x01, 0xFF, 0xFF,
    0xFF, 0x60, 0x00, 0x9F, 0xFF, 0xFF, 0xD0, 0x00, 0x00, 0x00, 0x03, 0xFF, 0xFF, 0xFF, 0x50, 0x00, 0x7F, 0xFF, 0xFF, 0xF1, 0x00, 0x00, 0x00, 0x06,
    0xFF, 0xFF, 0xFF, 0x30, 0x00, 0x4F, 0xFF, 0xFF, 0xF7, 0x00, 0x00, 0x00, 0x0B, 0xFF, 0xFF, 0xFE, 0x00, 0x00, 0x0E, 0xFF, 0xFF, 0xFE, 0x30, 0x00,
    0x00, 0x6F, 0xFF, 0xFF, 0xFA, 0x00, 0x00, 0x07, 0xFF, 0xFF, 0xFF, 0xE7, 0x31, 0x39, 0xFF, 0xFF, 0xFF, 0xF3, 0x00, 0x00, 0x00, 0xDF, 0xFF, 0xFF,
    0xFF, 0xFF, 0xFF, 0xFF, 0xFF, 0xFF, 0xA0, 0x00, 0x00, 0x00, 0x2E, 0xFF, 0xFF, 0xFF, 0xFF, 0xFF, 0xFF, 0xFF, 0xFD, 0x10, 0x00, 0x00, 0x00, 0x02,
    0xCF, 0xFF, 0xFF, 0xFF, 0xFF, 0xFF, 0xFF, 0xC1, 0x00, 0x00, 0x00, 0x00, 0x00, 0x07, 0xEF, 0xFF, 0xFF, 0xFF, 0xFF, 0xE7, 0x00, 0x00, 0x00, 0x00,
    0x00, 0x00, 0x00, 0x15, 0x9D, 0xEF, 0xEC, 0xA6, 0x10, 0x00, 0x00, 0x00, 0x00, 0x00, 0x00, 0x00, 0x00, 0x00, 0x03, 0x7A, 0xDE, 0xFD, 0x00, 0x00,
    0x00, 0x00, 0x00, 0x00, 0x00, 0x00, 0x17, 0xDF, 0xFF, 0xFF, 0xFD, 0x00, 0x00, 0x00, 0x00, 0x00, 0x00, 0x00, 0x05, 0xEF, 0xFF, 0xFF, 0xFF, 0xFD,
    0x00, 0x00, 0x00, 0x00, 0x00, 0x00, 0x00, 0x9F, 0xFF, 0xFF, 0xFF, 0xFF, 0xFD, 0x00, 0x00, 0x00, 0x00, 0x00, 0x00, 0x0B, 0xFF, 0xFF, 0xFF, 0xFF,
    0xFF, 0xFD, 0x00, 0x00, 0x00, 0x00, 0x00, 0x00, 0xAF, 0xFF, 0xFF, 0xFF, 0xFC, 0x85, 0x42, 0x00, 0x00, 0x00, 0x00, 0x00, 0x06, 0xFF, 0xFF, 0xFF,
    0xF9, 0x20, 0x00, 0x00, 0x00, 0x00, 0x00, 0x00, 0x00, 0x2E, 0xFF, 0xFF, 0xFE, 0x50, 0x00, 0x00, 0x00, 0x00, 0x00, 0x00, 0x00, 0x00, 0x9F, 0xFF,
    0xFF, 0xF3, 0x00, 0x00, 0x00, 0x00, 0x00, 0x00, 0x00, 0x00, 0x02, 0xFF, 0xFF, 0xFF, 0x60, 0x00, 0x00, 0x00, 0x00, 0x00, 0x00, 0x00, 0x00, 0x08,
    0xFF, 0xFF, 0xFD, 0x00, 0x00, 0x00, 0x00, 0x00, 0x00, 0x00, 0x00, 0x00, 0x0D, 0xFF, 0xFF, 0xF6, 0x03, 0x8C, 0xEF, 0xEC, 0x72, 0x00, 0x00, 0x00,
    0x00, 0x2F, 0xFF, 0xFF, 0xF3, 0xAF, 0xFF, 0xFF, 0xFF, 0xFF, 0x80, 0x00, 0x00, 0x00, 0x6F, 0xFF, 0xFF, 0xFD, 0xFF, 0xFF, 0xFF, 0xFF, 0xFF, 0xFB,
    0x00, 0x00, 0x00, 0x8F, 0xFF, 0xFF, 0xFF, 0xFF, 0xFF, 0xFF, 0xFF, 0xFF, 0xFF, 0x90, 0x00, 0x00, 0xAF, 0xFF, 0xFF, 0xFF, 0xFF, 0xFF, 0xFF, 0xFF,
    0xFF, 0xFF, 0xF4, 0x00, 0x00, 0xBF, 0xFF, 0xFF, 0xFF, 0xD7, 0x21, 0x27, 0xEF, 0xFF, 0xFF, 0xFB, 0x00, 0x00, 0xBF, 0xFF, 0xFF, 0xFC, 0x10, 0x00,
    0x00, 0x3E, 0xFF, 0xFF, 0xFF, 0x20, 0x00, 0xCF, 0xFF, 0xFF, 0xF2, 0x00, 0x00, 0x00, 0x07, 0xFF, 0xFF, 0xFF, 0x60, 0x00, 0xCF, 0xFF, 0xFF, 0xF0,
    0x00, 0x00, 0x00, 0x01, 0xFF, 0xFF, 0xFF, 0x90, 0x00, 0xBF, 0xFF, 0xFF, 0xF0, 0x00, 0x00, 0x00, 0x00, 0xCF, 0xFF, 0xFF, 0xB0, 0x00, 0xAF, 0xFF,
    0xFF, 0xB0, 0x00, 0x00, 0x00, 0x00, 0xAF, 0xFF, 0xFF, 0xC0, 0x00, 0x9F, 0xFF, 0xFF, 0xC0, 0x00, 0x00, 0x00, 0x00, 0xAF, 0xFF, 0xFF, 0xB0, 0x00,
    0x6F, 0xFF, 0xFF, 0xE0, 0x00, 0x00, 0x00, 0x00, 0xCF, 0xFF, 0xFF, 0xA0, 0x00, 0x2F, 0xFF, 0xFF, 0xF3, 0x00, 0x00, 0x00, 0x01, 0xFF, 0xFF, 0xFF,
    0x80, 0x00, 0x0D, 0xFF, 0xFF, 0xFA, 0x00, 0x00, 0x00, 0x07, 0xFF, 0xFF, 0xFF, 0x40, 0x00, 0x06, 0xFF, 0xFF, 0xFF, 0x50, 0x00, 0x00, 0x3E, 0xFF,
    0xFF, 0xFD, 0x00, 0x00, 0x01, 0xDF, 0xFF, 0xFF, 0xF9, 0x31, 0x38, 0xEF, 0xFF, 0xFF, 0xF6, 0x00, 0x00, 0x00, 0x4F, 0xFF, 0xFF, 0xFF, 0xFF, 0xFF,
    0xFF, 0xFF, 0xFF, 0xC0, 0x00, 0x00, 0x00, 0x07, 0xFF, 0xFF, 0xFF, 0xFF, 0xFF, 0xFF, 0xFF, 0xFE, 0x20, 0x00, 0x00, 0x00, 0x00, 0x6F, 0xFF, 0xFF,
    0xFF, 0xFF, 0xFF, 0xFF, 0xD2, 0x00, 0x00, 0x00, 0x00, 0x00, 0x03, 0xBF, 0xFF, 0xFF, 0xFF, 0xFF, 0xE8, 0x10, 0x00, 0x00, 0x00, 0x00, 0x00, 0x00,
    0x03, 0x8C, 0xDF, 0xED, 0xA6, 0x10, 0x00, 0x00, 0x00, 0x0A, 0xFF, 0xFF, 0xFF, 0xFF, 0xFF, 0xFF, 0xFF, 0xFF, 0xFF, 0xFF, 0xFF, 0x70, 0x0A, 0xFF,
    0xFF, 0xFF, 0xFF, 0xFF, 0xFF, 0xFF, 0xFF, 0xFF, 0xFF, 0xFF, 0x70, 0x0A, 0xFF, 0xFF, 0xFF, 0xFF, 0xFF, 0xFF, 0xFF, 0xFF, 0xFF, 0xFF, 0xFF, 0x70,
    0x0A, 0xFF, 0xFF, 0xFF, 0xFF, 0xFF, 0xFF, 0xFF, 0xFF, 0xFF, 0xFF, 0xFF, 0x60, 0x0A, 0xFF, 0xFF, 0xFF, 0xFF, 0xFF, 0xFF, 0xFF, 0xFF, 0xFF, 0xFF,
    0xFE, 0x10, 0x01, 0x11, 0x11, 0x11, 0x11, 0x11, 0x11, 0x11, 0x19, 0xFF, 0xFF, 0xF9, 0x00, 0x00, 0x00, 0x00, 0x00, 0x00, 0x00, 0x00, 0x00, 0x1E,
    0xFF, 0xFF, 0xF3, 0x00, 0x00, 0x00, 0x00, 0x00, 0x00, 0x00, 0x00, 0x00, 0x7F, 0xFF, 0xFF, 0xB0, 0x00, 0x00, 0x00, 0x00, 0x00, 0x00, 0x00, 0x00,
    0x00, 0xDF, 0xFF, 0xFF, 0x50, 0x00, 0x00, 0x00, 0x00, 0x00, 0x00, 0x00, 0x00, 0x06, 0xFF, 0xFF, 0xFD, 0x00, 0x00, 0x00, 0x00, 0x00, 0x00, 0x00,
    0x00, 0x00, 0x0C, 0xFF, 0xFF, 0xF7, 0x00, 0x00, 0x00, 0x00, 0x00, 0x00, 0x00, 0x00, 0x00, 0x4F, 0xFF, 0xFF, 0xE1, 0x00, 0x00, 0x00, 0x00, 0x00,
    0x00, 0x00, 0x00, 0x00, 0xBF, 0xFF, 0xFF, 0x90, 0x00, 0x00, 0x00, 0x00, 0x00, 0x00, 0x00, 0x00, 0x03, 0xFF, 0xFF, 0xFF, 0x30, 0x00, 0x00, 0x00,
    0x00, 0x00, 0x00, 0x00, 0x00, 0x0A, 0xFF, 0xFF, 0xFB, 0x00, 0x00, 0x00, 0x00, 0x00, 0x00, 0x00, 0x00, 0x00, 0x2F, 0xFF, 0xFF, 0xF5, 0x00, 0x00,
    0x00, 0x00, 0x00, 0x00, 0x00, 0x00, 0x00, 0x8F, 0xFF, 0xFF, 0xD0, 0x00, 0x00, 0x00, 0x00, 0x00, 0x00, 0x00, 0x00, 0x01, 0xEF, 0xFF, 0xFF, 0x70,
    0x00, 0x00, 0x00, 0x00, 0x00, 0x00, 0x00, 0x00, 0x07, 0xFF, 0xFF, 0xFE, 0x10, 0x00, 0x00, 0x00, 0x00, 0x00, 0x00, 0x00, 0x00, 0x0D, 0xFF, 0xFF,
    0xF9, 0x00, 0x00, 0x00, 0x00, 0x00, 0x00, 0x00, 0x00, 0x00, 0x5F, 0xFF, 0xFF, 0xF3, 0x00, 0x00, 0x00, 0x00, 0x00, 0x00, 0x00, 0x00, 0x00, 0xCF,
    0xFF, 0xFF, 0xB0, 0x00, 0x00, 0x00, 0x00, 0x00, 0x00, 0x00, 0x00, 0x04, 0xFF, 0xFF, 0xFF, 0x50, 0x00, 0x00, 0x00, 0x00, 0x00, 0x00, 0x00, 0x00,
    0x0B, 0xFF, 0xFF, 0xFD, 0x00, 0x00, 0x00, 0x00, 0x00, 0x00, 0x00, 0x00, 0x00, 0x3F, 0xFF, 0xFF, 0xF7, 0x00, 0x00, 0x00, 0x00, 0x00, 0x00, 0x00,
    0x00, 0x00, 0x9F, 0xFF, 0xFF, 0xE1, 0x00, 0x00, 0x00, 0x00, 0x00, 0x00, 0x00, 0x00, 0x01, 0xFF, 0xFF, 0xFF, 0x90, 0x00, 0x00, 0x00, 0x00, 0x00,
    0x00, 0x00, 0x00, 0x08, 0xFF, 0xFF, 0xFF, 0x30, 0x00, 0x00, 0x00, 0x00, 0x00, 0x00, 0x00, 0x00, 0x1E, 0xFF, 0xFF, 0xFB, 0x00, 0x00, 0x00, 0x00,
    0x00, 0x00, 0x00, 0x00, 0x00, 0x7F, 0xFF, 0xFF, 0xF5, 0x00, 0x00, 0x00, 0x00, 0x00, 0x00, 0x00, 0x00, 0x00, 0xDF, 0xFF, 0xFF, 0xD0, 0x00, 0x00,
    0x00, 0x00, 0x00, 0x00, 0x00, 0x00, 0x05, 0xFF, 0xFF, 0xFF, 0x70, 0x00, 0x00, 0x00, 0x00, 0x00, 0x00, 0x00, 0x00, 0x0C, 0xFF, 0xFF, 0xFE, 0x10,
    0x00, 0x00, 0x00, 0x00, 0x00, 0x00, 0x00, 0x00, 0x00, 0x00, 0x38, 0xBD, 0xFF, 0xEC, 0x95, 0x00, 0x00, 0x00, 0x00, 0x00, 0x00, 0x00, 0x2B, 0xFF,
    0xFF, 0xFF, 0xFF, 0xFF, 0xE6, 0x00, 0x00, 0x00, 0x00, 0x00, 0x05, 0xEF, 0xFF, 0xFF, 0xFF, 0xFF, 0xFF, 0xFF, 0xB1, 0x00, 0x00, 0x00, 0x00, 0x4F,
    0xFF, 0xFF, 0xFF, 0xFF, 0xFF, 0xFF, 0xFF, 0xFB, 0x00, 0x00, 0x00, 0x01, 0xEF, 0xFF, 0xFF, 0xFF, 0xFF, 0xFF, 0xFF, 0xFF, 0xFF, 0x60, 0x00, 0x00,
    0x08, 0xFF, 0xFF, 0xFF, 0xE7, 0x22, 0x4C, 0xFF, 0xFF, 0xFF, 0xE0, 0x00, 0x00, 0x0D, 0xFF, 0xFF, 0xFF, 0x30, 0x00, 0x00, 0xCF, 0xFF, 0xFF, 0xF4,
    0x00, 0x00, 0x1F, 0xFF, 0xFF, 0xFA, 0x00, 0x00, 0x00, 0x4F, 0xFF, 0xFF, 0xF7, 0x00, 0x00, 0x2F, 0xFF, 0xFF, 0xF6, 0x00, 0x00, 0x00, 0x0F, 0xFF,
    0xFF, 0xF8, 0x00, 0x00, 0x2F, 0xFF, 0xFF, 0xF5, 0x00, 0x00, 0x00, 0x0E, 0xFF, 0xFF, 0xF8, 0x00, 0x00, 0x1F, 0xFF, 0xFF, 0xF6, 0x00, 0x00, 0x00,
    0x0F, 0xFF, 0xFF, 0xF7, 0x00, 0x00, 0x0C, 0xFF, 0xFF, 0xFA, 0x00, 0x00, 0x00, 0x4F, 0xFF, 0xFF, 0xF3, 0x00, 0x00, 0x07, 0xFF, 0xFF, 0xFF, 0x40,
    0x00, 0x00, 0xCF, 0xFF, 0xFF, 0xD0, 0x00, 0x00, 0x00, 0xDF, 0xFF, 0xFF, 0xE7, 0x22, 0x4C, 0xFF, 0xFF, 0xFF, 0x40, 0x00, 0x00, 0x00, 0x3E, 0xFF,
    0xFF, 0xFF, 0xFF, 0xFF, 0xFF, 0xFF, 0xF8, 0x00, 0x00, 0x00, 0x00, 0x02, 0xCF, 0xFF, 0xFF, 0xFF, 0xFF, 0xFF, 0xFF, 0x60, 0x00, 0x00, 0x00, 0x00,
    0x00, 0x4F, 0xFF, 0xFF, 0xFF, 0xFF, 0xFF, 0xF9, 0x00, 0x00, 0x00, 0x00, 0x00, 0x09, 0xFF, 0xFF, 0xFF, 0xFF, 0xFF, 0xFF, 0xFF, 0xC3, 0x00, 0x00,
    0x00, 0x00, 0xAF, 0xFF, 0xFF, 0xFF, 0xFF, 0xFF, 0xFF, 0xFF, 0xFE, 0x30, 0x00, 0x00, 0x08, 0xFF, 0xFF, 0xFF, 0xB4, 0x11, 0x38, 0xFF, 0xFF, 0xFF,
    0xD1, 0x00, 0x00, 0x2F, 0xFF, 0xFF, 0xFA, 0x00, 0x00, 0x00, 0x4F, 0xFF, 0xFF, 0xF8, 0x00, 0x00, 0x7F, 0xFF, 0xFF, 0xE1, 0x00, 0x00, 0x00, 0x0A,
    0xFF, 0xFF, 0xFE, 0x00, 0x00, 0xBF, 0xFF, 0xFF, 0xB0, 0x00, 0x00, 0x00, 0x05, 0xFF, 0xFF, 0xFF, 0x20, 0x00, 0xDF, 0xFF, 0xFF, 0x90, 0x00, 0x00,
    0x00, 0x04, 0xFF, 0xFF, 0xFF, 0x40, 0x00, 0xDF, 0xFF, 0xFF, 0xB0, 0x00, 0x00, 0x00, 0x05, 0xFF, 0xFF, 0xFF, 0x40, 0x00, 0xBF, 0xFF, 0xFF, 0xE1,
    0x00, 0x00, 0x00, 0x0A, 0xFF, 0xFF, 0xFF, 0x20, 0x00, 0x8F, 0xFF, 0xFF, 0xFA, 0x00, 0x00, 0x00, 0x4F, 0xFF, 0xFF, 0xFE, 0x00, 0x00, 0x3F, 0xFF,
    0xFF, 0xFF, 0xC5, 0x21, 0x38, 0xFF, 0xFF, 0xFF, 0xF9, 0x00, 0x00, 0x0A, 0xFF, 0xFF, 0xFF, 0xFF, 0xFF, 0xFF, 0xFF, 0xFF, 0xFF, 0xE2, 0x00, 0x00,
    0x01, 0xDF, 0xFF, 0xFF, 0xFF, 0xFF, 0xFF, 0xFF, 0xFF, 0xFF, 0x50, 0x00, 0x00, 0x00, 0x2C, 0xFF, 0xFF, 0xFF, 0xFF, 0xFF, 0xFF, 0xFF, 0xE5, 0x00,
    0x00, 0x00, 0x00, 0x00, 0x7E, 0xFF, 0xFF, 0xFF, 0xFF, 0xFF, 0xFA, 0x20, 0x00, 0x00, 0x00, 0x00, 0x00, 0x00, 0x49, 0xCE, 0xFF, 0xED, 0xA7, 0x20,
    0x00, 0x00, 0x00, 0x00, 0x00, 0x00, 0x00, 0x27, 0xBD, 0xEE, 0xDA, 0x61, 0x00, 0x00, 0x00, 0x00, 0x00, 0x00, 0x00, 0x19, 0xFF, 0xFF, 0xFF, 0xFF,
    0xFE, 0x60, 0x00, 0x00, 0x00, 0x00, 0x00, 0x03, 0xEF, 0xFF, 0xFF, 0xFF, 0xFF, 0xFF, 0xFB, 0x10, 0x00, 0x00, 0x00, 0x00, 0x3E, 0xFF, 0xFF, 0xFF,
    0xFF, 0xFF, 0xFF, 0xFF, 0xB0, 0x00, 0x00, 0x00, 0x01, 0xDF, 0xFF, 0xFF, 0xFF, 0xFF, 0xFF, 0xFF, 0xFF, 0xF8, 0x00, 0x00, 0x00, 0x09, 0xFF, 0xFF,
    0xFF, 0xD5, 0x22, 0x6E, 0xFF, 0xFF, 0xFF, 0x30, 0x00, 0x00, 0x2F, 0xFF, 0xFF, 0xFD, 0x10, 0x00, 0x02, 0xEF, 0xFF, 0xFF, 0xA0, 0x00, 0x00, 0x7F,
    0xFF, 0xFF, 0xF4, 0x00, 0x00, 0x00, 0x6F, 0xFF, 0xFF, 0xF2, 0x00, 0x00, 0xBF, 0xFF, 0xFF, 0xD0, 0x00, 0x00, 0x00, 0x0E, 0xFF, 0xFF, 0xF6, 0x00,
    0x00, 0xEF, 0xFF, 0xFF, 0x90, 0x00, 0x00, 0x00, 0x0A, 0xFF, 0xFF, 0xFA, 0x00, 0x00, 0xFF, 0xFF, 0xFF, 0x70, 0x00, 0x00, 0x00, 0x08, 0xFF, 0xFF,
    0xFD, 0x00, 0x01, 0xFF, 0xFF, 0xFF, 0x60, 0x00, 0x00, 0x00, 0x07, 0xFF, 0xFF, 0xFE, 0x00, 0x00, 0xFF, 0xFF, 0xFF, 0x80, 0x00, 0x00, 0x00, 0x07,
    0xFF, 0xFF, 0xFF, 0x00, 0x00, 0xDF, 0xFF, 0xFF, 0xB0, 0x00, 0x00, 0x00, 0x09, 0xFF, 0xFF, 0xFF, 0x00, 0x00, 0xAF, 0xFF, 0xFF, 0xF2, 0x00, 0x00,
    0x00, 0x0F, 0xFF, 0xFF, 0xFF, 0x00, 0x00, 0x6F, 0xFF, 0xFF, 0xFA, 0x00, 0x00, 0x00, 0x4F, 0xFF, 0xFF, 0xFF, 0x00, 0x00, 0x1E, 0xFF, 0xFF, 0xFF,
    0xA2, 0x00, 0x17, 0xEF, 0xFF, 0xFF, 0xFF, 0x00, 0x00, 0x08, 0xFF, 0xFF, 0xFF, 0xFF, 0xDD, 0xFF, 0xFF, 0xFF, 0xFF, 0xFE, 0x00, 0x00, 0x00, 0xDF,
    0xFF, 0xFF, 0xFF, 0xFF, 0xFF, 0xFF, 0xFF, 0xFF, 0xFC, 0x00, 0x00, 0x00, 0x2D, 0xFF, 0xFF, 0xFF, 0xFF, 0xFF, 0xFE, 0xFF, 0xFF, 0xFA, 0x00, 0x00,
    0x00, 0x01, 0xAF, 0xFF, 0xFF, 0xFF, 0xFD, 0x4A, 0xFF, 0xFF, 0xF7, 0x00, 0x00, 0x00, 0x00, 0x03, 0x8C, 0xEF, 0xDB, 0x60, 0x0D, 0xFF, 0xFF, 0xF4,
    0x00, 0x00, 0x00, 0x00, 0x00, 0x00, 0x00, 0x00, 0x00, 0x3F, 0xFF, 0xFF, 0xE0, 0x00, 0x00, 0x00, 0x00, 0x00, 0x00, 0x00, 0x00, 0x00, 0xAF, 0xFF,
    0xFF, 0x90, 0x00, 0x00, 0x00, 0x00, 0x00, 0x00, 0x00, 0x00, 0x05, 0xFF, 0xFF, 0xFF, 0x20, 0x00, 0x00, 0x00, 0x00, 0x00, 0x00, 0x00, 0x00, 0x5E,
    0xFF, 0xFF, 0xF9, 0x00, 0x00, 0x00, 0x00, 0x00, 0x00, 0x00, 0x00, 0x29, 0xFF, 0xFF, 0xFF, 0xE1, 0x00, 0x00, 0x00, 0x00, 0x00, 0x14, 0x56, 0x8C,
    0xFF, 0xFF, 0xFF, 0xFF, 0x40, 0x00, 0x00, 0x00, 0x00, 0x00, 0x3F, 0xFF, 0xFF, 0xFF, 0xFF, 0xFF, 0xF6, 0x00, 0x00, 0x00, 0x00, 0x00, 0x00, 0x3F,
    0xFF, 0xFF, 0xFF, 0xFF, 0xFE, 0x50, 0x00, 0x00, 0x00, 0x00, 0x00, 0x00, 0x3F, 0xFF, 0xFF, 0xFF, 0xFF, 0xB2, 0x00, 0x00, 0x00, 0x00, 0x00, 0x00,
    0x00, 0x3F, 0xFF, 0xFF, 0xFF, 0xA4, 0x00, 0x00, 0x00, 0x00, 0x00, 0x00, 0x00, 0x00, 0x3F, 0xED, 0xC9, 0x52, 0x00, 0x00, 0x00, 0x00, 0x00, 0x00,
};

static const aa_glyph_t aa_dro_glyphs[] = {
    { 11, 0 }, // ' '
    { 18, 198 }, // '-'
    { 13, 495 }, // '.'
    { 26, 726 }, // '0'
    { 26, 1155 }, // '1'
    { 26, 1584 }, // '2'
    { 26, 2013 }, // '3'
    { 26, 2442 }, // '4'
    { 26, 2871 }, // '5'
    { 26, 3300 }, // '6'
    { 26, 3729 }, // '7'
    { 26, 4158 }, // '8'
    { 26, 4587 }, // '9'
};

static const aa_font_t aa_dro = { 33, 26, " -.0123456789", aa_dro_glyphs, aa_dro_data };

static const uint8_t aa_icon_s_data[] = { // height 20, 25 glyphs, 5000 bytes
    0x00, 0x00, 0x00, 0x00, 0x00, 0x00, 0x00, 0x00, 0x00, 0x00, 0x00, 0x00, 0x00, 0x00, 0x00, 0x00, 0x00, 0x00, 0x00, 0x00, 0x00, 0x00, 0x00, 0x00,
    0x00, 0x00, 0x00, 0x00, 0x00, 0x00, 0x00, 0x4C, 0xCC, 0xCC, 0xCC, 0xCC, 0xCC, 0xCC, 0xC4, 0x00, 0x00, 0x5E, 0xEE, 0xEE, 0xEE, 0xEE, 0xEE, 0xEE,
    0xE5, 0x00, 0x00, 0x00, 0x00, 0x00, 0x00, 0x00, 0x00, 0x00, 0x00, 0x00, 0x00, 0x00, 0x00, 0x00, 0x00, 0x00, 0x00, 0x00, 0x00, 0x00, 0x00, 0x00,
    0x00, 0x00, 0x00, 0x00, 0x00, 0x00, 0x00, 0x00, 0x00, 0x4C, 0xCC, 0xCC, 0xCC, 0xCC, 0xCC, 0xCC, 0xC4, 0x00, 0x00, 0x5E, 0xEE, 0xEE, 0xEE, 0xEE,
    0xEE, 0xEE, 0xE5, 0x00, 0x00, 0x00, 0x00, 0x00, 0x00, 0x00, 0x00, 0x00, 0x00, 0x00, 0x00, 0x00, 0x00, 0x00, 0x00, 0x00, 0x00, 0x00, 0x00, 0x00,
    0x00, 0x00, 0x00, 0x00, 0x00, 0x00, 0x00, 0x00, 0x00, 0x00, 0x00, 0x4C, 0xCC, 0xCC, 0xCC, 0xCC, 0xCC, 0xCC, 0xC4, 0x00, 0x00, 0x5E, 0xEE, 0xEE,
    0xEE, 0xEE, 0xEE, 0xEE, 0xE5, 0x00, 0x00, 0x00, 0x00, 0x00, 0x00, 0x00, 0x00, 0x00, 0x00, 0x00, 0x00, 0x00, 0x00, 0x00, 0x00, 0x00, 0x00, 0x00,
    0x00, 0x00, 0x00, 0x00, 0x00, 0x00, 0x00, 0x00, 0x00, 0x00, 0x00, 0x00, 0x00, 0x00, 0x00, 0x00, 0x00, 0x00, 0x00, 0x00, 0x00, 0x00, 0x00, 0x00,
    0x00, 0x00, 0x00, 0x00, 0x00, 0x00, 0x00, 0x00, 0x00, 0x00, 0x00, 0x00, 0x00, 0x00, 0x00, 0x00, 0x00, 0x00, 0x00, 0x00, 0x00, 0x00, 0x03, 0x30,
    0x00, 0x00, 0x00, 0x00, 0x00, 0x00, 0x00, 0x00, 0x4F, 0xF4, 0x00, 0x00, 0x00, 0x00, 0x00, 0x00, 0x00, 0x03, 0xEE, 0xEF, 0x40, 0x00, 0x00, 0x00,
    0x00, 0x00, 0x00, 0x3E, 0xE3, 0x3E, 0xE4, 0x00, 0x00, 0x00, 0x00, 0x00, 0x03, 0xEE, 0x30, 0x03, 0xEE, 0x40, 0x00, 0x00, 0x00, 0x00, 0x4E, 0xE3,
    0x00, 0x00, 0x3E, 0xE4, 0x00, 0x00, 0x00, 0x04, 0xEE, 0x30, 0x00, 0x00, 0x03, 0xEF, 0x40, 0x00, 0x00, 0x3E, 0xD3, 0x00, 0x00, 0x00, 0x00, 0x3D,
    0xE4, 0x00, 0x03, 0xFF, 0xB0, 0x00, 0x01, 0x10, 0x00, 0x0B, 0xFF, 0x30, 0x03, 0xBE, 0xF1, 0x05, 0xDF, 0xFD, 0x50, 0x1E, 0xEB, 0x30, 0x00, 0x0A,
    0xF0, 0x1E, 0xEA, 0xAE, 0xF1, 0x0F, 0xA0, 0x00, 0x00, 0x0A, 0xF0, 0x3F, 0x70, 0x06, 0xF4, 0x0F, 0xA0, 0x00, 0x00, 0x0A, 0xF0, 0x3F, 0x60, 0x06,
    0xF4, 0x0F, 0xA0, 0x00, 0x00, 0x0A, 0xF0, 0x4F, 0x70, 0x06, 0xF4, 0x0F, 0xA0, 0x00, 0x00, 0x0A, 0xF0, 0x3F, 0x60, 0x05, 0xF3, 0x0F, 0xB0, 0x00,
    0x00, 0x08, 0xF8, 0x8F, 0xA6, 0x6A, 0xF8, 0x8F, 0x80, 0x00, 0x00, 0x01, 0xCF, 0xFF, 0xFF, 0xFF, 0xFF, 0xFC, 0x10, 0x00, 0x00, 0x00, 0x03, 0x44,
    0x44, 0x44, 0x44, 0x30, 0x00, 0x00, 0x00, 0x00, 0x00, 0x00, 0x00, 0x00, 0x00, 0x00, 0x00, 0x00, 0x00, 0x00, 0x00, 0x00, 0x00, 0x00, 0x00, 0x00,
    0x00, 0x00, 0x00, 0x00, 0x00, 0x00, 0x59, 0xA5, 0x00, 0x00, 0x00, 0x00, 0x00, 0x00, 0x00, 0x1C, 0xFF, 0xFF, 0xC1, 0x00, 0x00, 0x00, 0x00, 0x00,
    0x00, 0x9F, 0x81, 0x18, 0xF9, 0x00, 0x00, 0x00, 0x00, 0x00, 0x01, 0xFB, 0x00, 0x00, 0xBF, 0x10, 0x00, 0x00, 0x00, 0x00, 0x03, 0xF7, 0x00, 0x00,
    0x7F, 0x20, 0x00, 0x00, 0x00, 0x00, 0x03, 0xF8, 0x00, 0x00, 0x14, 0x00, 0x00, 0x00, 0x00, 0x00, 0x02, 0xF7, 0x00, 0x00, 0x00, 0x00, 0x00, 0x00,
    0x00, 0x00, 0x04, 0xF9, 0x33, 0x33, 0x33, 0x20, 0x00, 0x00, 0x00, 0x01, 0xBF, 0xFF, 0xFF, 0xFF, 0xFF, 0xFB, 0x10, 0x00, 0x00, 0x08, 0xFA, 0x77,
    0x77, 0x77, 0x77, 0x9F, 0x80, 0x00, 0x00, 0x0A, 0xF0, 0x00, 0x00, 0x00, 0x00, 0x0F, 0xA0, 0x00, 0x00, 0x0A, 0xF1, 0x00, 0x2B, 0xB2, 0x00, 0x1F,
    0xA0, 0x00, 0x00, 0x0A, 0xF1, 0x00, 0x9F, 0xF9, 0x00, 0x1F, 0xA0, 0x00, 0x00, 0x0A, 0xF1, 0x00, 0x7F, 0xF7, 0x00, 0x1F, 0xA0, 0x00, 0x00, 0x0A,
    0xF0, 0x00, 0x06, 0x60, 0x00, 0x0F, 0xA0, 0x00, 0x00, 0x0A, 0xF2, 0x00, 0x00, 0x00, 0x00, 0x2F, 0xA0, 0x00, 0x00, 0x05, 0xFF, 0xEE, 0xEE, 0xEE,
    0xEE, 0xFF, 0x50, 0x00, 0x00, 0x00, 0x5B, 0xCC, 0xCC, 0xCC, 0xCC, 0xB5, 0x00, 0x00, 0x00, 0x00, 0x00, 0x00, 0x00, 0x00, 0x00, 0x00, 0x00, 0x00,
    0x00, 0x00, 0x00, 0x00, 0x00, 0x00, 0x00, 0x00, 0x00, 0x00, 0x00, 0x00, 0x00, 0x00, 0x00, 0x00, 0x00, 0x00, 0x00, 0x00, 0x00, 0x04, 0xAC, 0xC3,
    0x00, 0x00, 0x5C, 0xBA, 0x40, 0x00, 0x00, 0x3F, 0xFD, 0xD4, 0x00, 0x00, 0x6D, 0xDF, 0xF3, 0x00, 0x00, 0x7F, 0x40, 0x00, 0x00, 0x00, 0x00, 0x04,
    0xF7, 0x00, 0x00, 0x8F, 0x20, 0x00, 0x00, 0x00, 0x00, 0x02, 0xF8, 0x00, 0x00, 0x7F, 0x20, 0x00, 0x07, 0x50, 0x00, 0x02, 0xF7, 0x00, 0x00, 0x12,
    0x00, 0x00, 0x0F, 0xC0, 0x00, 0x00, 0x31, 0x00, 0x00, 0x00, 0x00, 0x02, 0x3E, 0xC3, 0x20, 0x00, 0x00, 0x00, 0x00, 0x00, 0x00, 0x5F, 0xFF, 0xFF,
    0xF3, 0x00, 0x00, 0x00, 0x00, 0x00, 0x00, 0x17, 0x8E, 0xD7, 0x71, 0x00, 0x00, 0x00, 0x00, 0x00, 0x00, 0x00, 0x0E, 0xC0, 0x00, 0x00, 0x00, 0x00,
    0x00, 0x4A, 0x10, 0x00, 0x0C, 0x90, 0x00, 0x01, 0xA4, 0x00, 0x00, 0x8F, 0x30, 0x00, 0x00, 0x00, 0x00, 0x03, 0xF8, 0x00, 0x00, 0x8F, 0x20, 0x00,
    0x00, 0x00, 0x00, 0x02, 0xF8, 0x00, 0x00, 0x6F, 0x96, 0x61, 0x00, 0x00, 0x16, 0x69, 0xF6, 0x00, 0x00, 0x1A, 0xFF, 0xF5, 0x00, 0x00, 0x6F, 0xFF,
    0xA1, 0x00, 0x00, 0x00, 0x34, 0x41, 0x00, 0x00, 0x14, 0x43, 0x00, 0x00, 0x00, 0x00, 0x00, 0x00, 0x00, 0x00, 0x00, 0x00, 0x00, 0x00, 0x00, 0x00,
    0x00, 0x00, 0x00, 0x00, 0x00, 0x00, 0x00, 0x00, 0x00, 0x00, 0x00, 0x00, 0x00, 0x00, 0x00, 0x00, 0x00, 0x00, 0x00, 0x00, 0x00, 0x00, 0x00, 0x00,
    0x00, 0x00, 0x00, 0x00, 0x00, 0x00, 0x00, 0x00, 0x08, 0x70, 0x00, 0x00, 0x00, 0x00, 0x00, 0x00, 0x00, 0x00, 0x0F, 0xC0, 0x00, 0x00, 0x00, 0x00,
    0x00, 0x00, 0x00, 0x00, 0x0E, 0xC0, 0x00, 0x00, 0x00, 0x00, 0x00, 0x00, 0x00, 0x00, 0x0E, 0xC0, 0x00, 0x00, 0x00, 0x00, 0x00, 0x00, 0x00, 0x00,
    0x0E, 0xC0, 0x00, 0x00, 0x00, 0x00, 0x00, 0x00, 0x01, 0xA4, 0x0E, 0xC0, 0x5A, 0x10, 0x00, 0x00, 0x00, 0x00, 0x02, 0xFE, 0x4D, 0xB5, 0xFE, 0x10,
    0x00, 0x00, 0x00, 0x00, 0x00, 0x3E, 0xEE, 0xEF, 0xD2, 0x00, 0x00, 0x00, 0x00, 0x00, 0x00, 0x03, 0xEF, 0xFD, 0x20, 0x00, 0x00, 0x00, 0x00, 0x00,
    0x00, 0x00, 0x3E, 0xD2, 0x00, 0x00, 0x00, 0x00, 0x00, 0x00, 0x00, 0x00, 0x02, 0x10, 0x00, 0x00, 0x00, 0x00, 0x00, 0x00, 0x00, 0x00, 0x00, 0x00,
    0x00, 0x00, 0x00, 0x00, 0x00, 0x00, 0x00, 0x00, 0x00, 0x00, 0x00, 0x00, 0x00, 0x00, 0x00, 0x26, 0x66, 0x66, 0x66, 0x66, 0x66, 0x66, 0x61, 0x00,
    0x00, 0x8F, 0xFF, 0xFF, 0xFF, 0xFF, 0xFF, 0xFF, 0xF5, 0x00, 0x00, 0x14, 0x44, 0x44, 0x44, 0x44, 0x44, 0x44, 0x30, 0x00, 0x00, 0x00, 0x00, 0x00,
    0x00, 0x00, 0x00, 0x00, 0x00, 0x00, 0x00, 0x00, 0x00, 0x00, 0x00, 0x00, 0x00, 0x00, 0x00, 0x00, 0x00, 0x00, 0x00, 0x00, 0x00, 0x00, 0x00, 0x00,
    0x00, 0x00, 0x00, 0x00, 0x00, 0x00, 0x00, 0x00, 0x00, 0x00, 0x00, 0x00, 0x00, 0x00, 0x04, 0x44, 0x20, 0x02, 0x44, 0x41, 0x00, 0x00, 0x00, 0x00,
    0x8F, 0xFF, 0xE2, 0x1D, 0xFF, 0xFA, 0x00, 0x00, 0x00, 0x00, 0xCE, 0x48, 0xF3, 0x2F, 0x94, 0xCE, 0x00, 0x00, 0x00, 0x00, 0xCE, 0x05, 0xF3, 0x2F,
    0x70, 0xCE, 0x00, 0x00, 0x00, 0x00, 0xCE, 0x06, 0xF3, 0x2F, 0x80, 0xCE, 0x00, 0x00, 0x00, 0x00, 0xCE, 0x06, 0xF3, 0x2F, 0x80, 0xCE, 0x00, 0x00,
    0x00, 0x00, 0xCE, 0x06, 0xF3, 0x2F, 0x80, 0xCE, 0x00, 0x00, 0x00, 0x00, 0xCE, 0x06, 0xF3, 0x2F, 0x80, 0xCE, 0x00, 0x00, 0x00, 0x00, 0xCE, 0x06,
    0xF3, 0x2F, 0x80, 0xCE, 0x00, 0x00, 0x00, 0x00, 0xCE, 0x06, 0xF3, 0x2F, 0x80, 0xCE, 0x00, 0x00, 0x00, 0x00, 0xCE, 0x06, 0xF3, 0x2F, 0x80, 0xCE,
    0x00, 0x00, 0x00, 0x00, 0xCE, 0x05, 0xF3, 0x2F, 0x70, 0xCE, 0x00, 0x00, 0x00, 0x00, 0xBF, 0xBD, 0xF3, 0x1F, 0xEB, 0xFD, 0x00, 0x00, 0x00, 0x00,
    0x3C, 0xED, 0x90, 0x08, 0xDE, 0xD5, 0x00, 0x00, 0x00, 0x00, 0x00, 0x00, 0x00, 0x00, 0x00, 0x00, 0x00, 0x00, 0x00, 0x00, 0x00, 0x00, 0x00, 0x00,
    0x00, 0x00, 0x00, 0x00, 0x00, 0x00, 0x00, 0x00, 0x00, 0x00, 0x00, 0x00, 0x00, 0x00, 0x00, 0x00, 0x00, 0x00, 0x00, 0x00, 0x00, 0x00, 0x00, 0x00,
    0x00, 0x00, 0x00, 0x00, 0x00, 0x00, 0x00, 0x00, 0x00, 0x00, 0x00, 0x00, 0x00, 0x00, 0x00, 0x00, 0x00, 0x00, 0x00, 0x00, 0x00, 0x00, 0x09, 0x80,
    0x00, 0x00, 0x00, 0x00, 0x00, 0x00, 0x00, 0x00, 0x1F, 0xFD, 0x40, 0x00, 0x00, 0x00, 0x00, 0x00, 0x00, 0x00, 0x1E, 0xDE, 0xF9, 0x20, 0x00, 0x00,
    0x00, 0x00, 0x00, 0x00, 0x1F, 0xA2, 0xAF, 0xE6, 0x00, 0x00, 0x00, 0x00, 0x00, 0x00, 0x1F, 0xA0, 0x05, 0xDF, 0xC3, 0x00, 0x00, 0x00, 0x00, 0x00,
    0x1F, 0xA0, 0x00, 0x18, 0xFF, 0x81, 0x00, 0x00, 0x00, 0x00, 0x1F, 0xA0, 0x00, 0x00, 0x3B, 0xFD, 0x50, 0x00, 0x00, 0x00, 0x1F, 0xA0, 0x00, 0x00,
    0x00, 0x6F, 0xF6, 0x00, 0x00, 0x00, 0x1F, 0xA0, 0x00, 0x00, 0x04, 0xCF, 0xC3, 0x00, 0x00, 0x00, 0x1F, 0xA0, 0x00, 0x02, 0xAF, 0xF7, 0x00, 0x00,
    0x00, 0x00, 0x1F, 0xA0, 0x00, 0x6E, 0xFA, 0x20, 0x00, 0x00, 0x00, 0x00, 0x1F, 0xA0, 0x3C, 0xFD, 0x40, 0x00, 0x00, 0x00, 0x00, 0x00, 0x1F, 0xB8,
    0xFF, 0x81, 0x00, 0x00, 0x00, 0x00, 0x00, 0x00, 0x1E, 0xFF, 0xB3, 0x00, 0x00, 0x00, 0x00, 0x00, 0x00, 0x00, 0x1E, 0xE6, 0x00, 0x00, 0x00, 0x00,
    0x00, 0x00, 0x00, 0x00, 0x03, 0x10, 0x00, 0x00, 0x00, 0x00, 0x00, 0x00, 0x00, 0x00, 0x00, 0x00, 0x00, 0x00, 0x00, 0x00, 0x00, 0x00, 0x00, 0x00,
    0x00, 0x00, 0x00, 0x00, 0x00, 0x00, 0x00, 0x00, 0x00, 0x00, 0x00, 0x00, 0x00, 0x00, 0x00, 0x00, 0x00, 0x00, 0x00, 0x00, 0x00, 0x00, 0x69, 0x00,
    0x00, 0x00, 0x00, 0x00, 0x00, 0x00, 0x00, 0x00, 0xBF, 0x70, 0x00, 0x00, 0x00, 0x00, 0x00, 0x00, 0x00, 0x00, 0xCF, 0xE1, 0x00, 0x00, 0x00, 0x00,
    0x00, 0x00, 0x00, 0x05, 0xFD, 0xF6, 0x00, 0x00, 0x00, 0x00, 0x00, 0x00, 0x00, 0x1D, 0xE3, 0xF9, 0x00, 0x00, 0x00, 0x00, 0x00, 0x00, 0x01, 0xCF,
    0x50, 0xFB, 0x02, 0x10, 0x00, 0x00, 0x00, 0x00, 0x1C, 0xF7, 0x01, 0xF9, 0x1E, 0xC0, 0x00, 0x00, 0x00, 0x00, 0x9F, 0x70, 0x06, 0xF6, 0x9F, 0xF7,
    0x00, 0x00, 0x00, 0x02, 0xFB, 0x00, 0x0C, 0xFE, 0xF9, 0xCE, 0x10, 0x00, 0x00, 0x07, 0xF4, 0x00, 0x03, 0xBD, 0x80, 0x6F, 0x50, 0x00, 0x00, 0x09,
    0xF1, 0x00, 0x00, 0x00, 0x00, 0x2F, 0x90, 0x00, 0x00, 0x0A, 0xF1, 0x00, 0x00, 0x00, 0x00, 0x1F, 0xA0, 0x00, 0x00, 0x08, 0xF2, 0x00, 0x00, 0x00,
    0x00, 0x3F, 0x80, 0x00, 0x00, 0x04, 0xF8, 0x00, 0x00, 0x00, 0x00, 0x9F, 0x40, 0x00, 0x00, 0x00, 0xBF, 0x50, 0x00, 0x00, 0x05, 0xFB, 0x00, 0x00,
    0x00, 0x00, 0x2D, 0xF9, 0x31, 0x13, 0x9F, 0xD2, 0x00, 0x00, 0x00, 0x00, 0x02, 0xBF, 0xFE, 0xEF, 0xFB, 0x20, 0x00, 0x00, 0x00, 0x00, 0x00, 0x04,
    0x8B, 0xB8, 0x40, 0x00, 0x00, 0x00, 0x00, 0x00, 0x00, 0x00, 0x00, 0x00, 0x00, 0x00, 0x00, 0x00, 0x00, 0x00, 0x00, 0x00, 0x00, 0x00, 0x00, 0x00,
    0x00, 0x00, 0x00, 0x00, 0x03, 0x44, 0x44, 0x44, 0x00, 0x00, 0x00, 0x00, 0x00, 0x01, 0xCF, 0xFF, 0xFF, 0xFF, 0xB1, 0x00, 0x00, 0x00, 0x00, 0x08,
    0xF8, 0x66, 0x66, 0x8F, 0xFB, 0x10, 0x00, 0x00, 0x00, 0x0A, 0xF0, 0x00, 0x00, 0x2F, 0xDF, 0xB1, 0x00, 0x00, 0x00, 0x0A, 0xF1, 0x00, 0x00, 0x3F,
    0x89, 0xFB, 0x10, 0x00, 0x00, 0x0A, 0xF1, 0x00, 0x00, 0x1E, 0xFF, 0xFF, 0x90, 0x00, 0x00, 0x0A, 0xF1, 0x00, 0x00, 0x03, 0x78, 0x8F, 0xA0, 0x00,
    0x00, 0x0A, 0xF1, 0x00, 0x00, 0x00, 0x00, 0x0F, 0xA0, 0x00, 0x00, 0x0A, 0xF1, 0x00, 0x00, 0x00, 0x00, 0x1F, 0xA0, 0x00, 0x00, 0x0A, 0xF1, 0x00,
    0x00, 0x00, 0x00, 0x1F, 0xA0, 0x00, 0x00, 0x0A, 0xF1, 0x00, 0x00, 0x00, 0x00, 0x1F, 0xA0, 0x00, 0x00, 0x0A, 0xF1, 0x00, 0x00, 0x00, 0x00, 0x1F,
    0xA0, 0x00, 0x00, 0x0A, 0xF1, 0x00, 0x00, 0x00, 0x00, 0x1F, 0xA0, 0x00, 0x00, 0x0A, 0xF1, 0x00, 0x00, 0x00, 0x00, 0x1F, 0xA0, 0x00, 0x00, 0x0A,
    0xF0, 0x00, 0x00, 0x00, 0x00, 0x0F, 0xB0, 0x00, 0x00, 0x08, 0xF8, 0x66, 0x66, 0x66, 0x66, 0x8F, 0x80, 0x00, 0x00, 0x01, 0xCF, 0xFF, 0xFF, 0xFF,
    0xFF, 0xFC, 0x10, 0x00, 0x00, 0x00, 0x03, 0x44, 0x44, 0x44, 0x44, 0x30, 0x00, 0x00, 0x00, 0x00, 0x00, 0x00, 0x00, 0x00, 0x00, 0x00, 0x00, 0x00,
    0x00, 0x00, 0x00, 0x00, 0x00, 0x00, 0x00, 0x00, 0x00, 0x00, 0x00, 0x00, 0x00, 0x01, 0x35, 0x53, 0x10, 0x00, 0x00, 0x00, 0x00, 0x00, 0x02, 0x8E,
    0xFF, 0xFF, 0xE8, 0x20, 0x00, 0x00, 0x00, 0x00, 0x5E, 0xFD, 0x85, 0x58, 0xCF, 0xE5, 0x00, 0x00, 0x00, 0x04, 0xFE, 0x50, 0x00, 0x00, 0x05, 0xEF,
    0x40, 0x00, 0x00, 0x1E, 0xE3, 0x00, 0x00, 0x00, 0x00, 0x3E, 0xE1, 0x00, 0x00, 0x8F, 0x50, 0x00, 0x00, 0x00, 0x00, 0x05, 0xF8, 0x00, 0x00, 0xEC,
    0x00, 0x00, 0x00, 0x01, 0x61, 0x00, 0xDE, 0x10, 0x03, 0xF7, 0x00, 0x00, 0x00, 0x1B, 0xF4, 0x00, 0x8F, 0x30, 0x04, 0xF5, 0x00, 0x3B, 0x30, 0xBF,
    0x70, 0x00, 0x5F, 0x40, 0x04, 0xF5, 0x00, 0x3F, 0xEC, 0xF7, 0x00, 0x00, 0x5F, 0x40, 0x03, 0xF8, 0x00, 0x03, 0xFF, 0x80, 0x00, 0x00, 0x8F, 0x30,
    0x00, 0xED, 0x00, 0x00, 0x36, 0x00, 0x00, 0x00, 0xCE, 0x00, 0x00, 0x8F, 0x50, 0x00, 0x00, 0x00, 0x00, 0x05, 0xF8, 0x00, 0x00, 0x1E, 0xE3, 0x00,
    0x00, 0x00, 0x00, 0x3E, 0xD1, 0x00, 0x00, 0x04, 0xFE, 0x50, 0x00, 0x00, 0x05, 0xEF, 0x40, 0x00, 0x00, 0x00, 0x4D, 0xFC, 0x85, 0x58, 0xDF, 0xD4,
    0x00, 0x00, 0x00, 0x00, 0x01, 0x8E, 0xFF, 0xFF, 0xD8, 0x10, 0x00, 0x00, 0x00, 0x00, 0x00, 0x00, 0x24, 0x42, 0x00, 0x00, 0x00, 0x00, 0x00, 0x00,
    0x00, 0x00, 0x00, 0x00, 0x00, 0x00, 0x00, 0x00, 0x00, 0x00, 0x00, 0x00, 0x00, 0x00, 0x00, 0x00, 0x00, 0x00, 0x00, 0x00, 0x00, 0x00, 0x04, 0x40,
    0x00, 0x00, 0x00, 0x00, 0x00, 0x00, 0x00, 0x01, 0xBF, 0xFA, 0x00, 0x00, 0x00, 0x00, 0x00, 0x00, 0x00, 0x08, 0xF8, 0x8F, 0x60, 0x00, 0x00, 0x00,
    0x00, 0x00, 0x00, 0x3F, 0xC0, 0x0D, 0xE1, 0x00, 0x00, 0x00, 0x00, 0x00, 0x00, 0xBF, 0x40, 0x04, 0xF9, 0x00, 0x00, 0x00, 0x00, 0x00, 0x05, 0xFA,
    0x01, 0x10, 0xAF, 0x30, 0x00, 0x00, 0x00, 0x00, 0x1D, 0xE2, 0x0C, 0xA0, 0x2E, 0xC0, 0x00, 0x00, 0x00, 0x00, 0x8F, 0x70, 0x0E, 0xC0, 0x07, 0xF6,
    0x00, 0x00, 0x00, 0x02, 0xFD, 0x00, 0x0E, 0xC0, 0x00, 0xDE, 0x10, 0x00, 0x00, 0x0B, 0xF4, 0x00, 0x0E, 0xC0, 0x00, 0x4F, 0x90, 0x00, 0x00, 0x5F,
    0xA0, 0x00, 0x0A, 0x80, 0x00, 0x0A, 0xF3, 0x00, 0x01, 0xDE, 0x20, 0x00, 0x02, 0x20, 0x00, 0x02, 0xEC, 0x00, 0x08, 0xF7, 0x00, 0x00, 0x0C, 0xD0,
    0x00, 0x00, 0x7F, 0x60, 0x2E, 0xC0, 0x00, 0x00, 0x04, 0x40, 0x00, 0x00, 0x0C, 0xE1, 0x4F, 0x90, 0x00, 0x00, 0x00, 0x00, 0x00, 0x00, 0x09, 0xF2,
    0x1D, 0xFE, 0xEE, 0xEE, 0xEE, 0xEE, 0xEE, 0xEE, 0xEF, 0xB0, 0x02, 0xAC, 0xCC, 0xCC, 0xCC, 0xCC, 0xCC, 0xCC, 0xC9, 0x10, 0x00, 0x00, 0x00, 0x00,
    0x00, 0x00, 0x00, 0x00, 0x00, 0x00, 0x00, 0x00, 0x00, 0x00, 0x00, 0x00, 0x00, 0x00, 0x00, 0x00, 0x00, 0x00, 0x00, 0x00, 0x00, 0x00, 0x00, 0x00,
    0x00, 0x00, 0x00, 0x00, 0x00, 0x00, 0x00, 0x00, 0x00, 0x00, 0x00, 0x00, 0x00, 0x00, 0x14, 0x44, 0x44, 0x44, 0x44, 0x42, 0x00, 0x00, 0x00, 0x02,
    0xDF, 0xFF, 0xFF, 0xFF, 0xFF, 0xFE, 0x20, 0x00, 0x00, 0x09, 0xF6, 0x44, 0x33, 0x33, 0x43, 0x6F, 0x90, 0x00, 0x00, 0x0A, 0xF0, 0x00, 0x00, 0x00,
    0x00, 0x0F, 0xB0, 0x00, 0x00, 0x0A, 0xF1, 0x00, 0x00, 0x00, 0x00, 0x1F, 0xA0, 0x00, 0x00, 0x0A, 0xF1, 0x00, 0x00, 0x00, 0x00, 0x1F, 0xA0, 0x00,
    0x00, 0x0A, 0xF1, 0x00, 0x00, 0x00, 0x00, 0x1F, 0xA0, 0x00, 0x00, 0x0A, 0xF1, 0x00, 0x00, 0x00, 0x00, 0x1F, 0xA0, 0x00, 0x00, 0x0A, 0xF1, 0x00,
    0x00, 0x00, 0x00, 0x1F, 0xA0, 0x00, 0x00, 0x0A, 0xF1, 0x00, 0x00, 0x00, 0x00, 0x1F, 0xA0, 0x00, 0x00, 0x0A, 0xF1, 0x00, 0x00, 0x00, 0x00, 0x1F,
    0xA0, 0x00, 0x00, 0x0A, 0xF1, 0x00, 0x00, 0x00, 0x00, 0x1F, 0xA0, 0x00, 0x00, 0x06, 0xFD, 0xCC, 0xCC, 0xCC, 0xCC, 0xDF, 0x60, 0x00, 0x00, 0x00,
    0x7D, 0xEE, 0xEE, 0xEE, 0xEE, 0xD7, 0x00, 0x00, 0x00, 0x00, 0x00, 0x00, 0x00, 0x00, 0x00, 0x00, 0x00, 0x00, 0x00, 0x00, 0x00, 0x00, 0x00, 0x00,
    0x00, 0x00, 0x00, 0x00, 0x00, 0x00, 0x00, 0x00, 0x00, 0x00, 0x00, 0x00, 0x00, 0x00, 0x00, 0x00, 0x00, 0x00, 0x00, 0x00, 0x00, 0x00, 0x00, 0x00,
    0x00, 0x00, 0x00, 0x00, 0x00, 0x00, 0x00, 0x00, 0x00, 0x00, 0x00, 0x00, 0x00, 0x00, 0x35, 0x54, 0x10, 0x00, 0x00, 0x00, 0x00, 0x00, 0x01, 0x8E,
    0xFF, 0xFF, 0xE9, 0x20, 0x00, 0x00, 0x00, 0x00, 0x4D, 0xFD, 0x85, 0x58, 0xCF, 0xE5, 0x00, 0x00, 0x00, 0x03, 0xFE, 0x50, 0x00, 0x00, 0x05, 0xEF,
    0x60, 0x00, 0x00, 0x1D, 0xE3, 0x00, 0x0A, 0xC0, 0x00, 0x3E, 0xE2, 0x00, 0x00, 0x7F, 0x50, 0x00, 0x0C, 0xE0, 0x00, 0x05, 0xFA, 0x00, 0x00, 0xDD,
    0x00, 0x00, 0x0B, 0xE0, 0x00, 0x00, 0xCF, 0x10, 0x02, 0xF8, 0x00, 0x00, 0x0C, 0xE0, 0x00, 0x00, 0x8F, 0x40, 0x03, 0xF5, 0x00, 0x00, 0x0C, 0xE1,
    0x00, 0x00, 0x5F, 0x60, 0x03, 0xF5, 0x00, 0x00, 0x07, 0xFB, 0x00, 0x00, 0x5F, 0x60, 0x02, 0xF8, 0x00, 0x00, 0x00, 0x8F, 0xB1, 0x00, 0x7F, 0x40,
    0x00, 0xDD, 0x00, 0x00, 0x00, 0x08, 0xF5, 0x00, 0xCE, 0x10, 0x00, 0x7F, 0x50, 0x00, 0x00, 0x00, 0x31, 0x05, 0xF9, 0x00, 0x00, 0x1D, 0xE3, 0x00,
    0x00, 0x00, 0x00, 0x3E, 0xE2, 0x00, 0x00, 0x03, 0xEE, 0x50, 0x00, 0x00, 0x05, 0xEF, 0x50, 0x00, 0x00, 0x00, 0x3D, 0xFC, 0x85, 0x58, 0xDF, 0xE5,
    0x00, 0x00, 0x00, 0x00, 0x01, 0x7D, 0xFF, 0xFF, 0xE8, 0x20, 0x00, 0x00, 0x00, 0x00, 0x00, 0x00, 0x24, 0x43, 0x00, 0x00, 0x00, 0x00, 0x00, 0x00,
    0x00, 0x00, 0x00, 0x00, 0x00, 0x00, 0x00, 0x00, 0x00, 0x00, 0x00, 0x00, 0x00, 0x00, 0x00, 0x00, 0x00, 0x00, 0x00, 0x00, 0x00, 0x34, 0x44, 0x44,
    0x44, 0x10, 0x00, 0x00, 0x00, 0x00, 0x2C, 0xFF, 0xFF, 0xFF, 0xFF, 0xE4, 0x00, 0x00, 0x00, 0x00, 0x9F, 0x86, 0x66, 0x66, 0x67, 0xFC, 0x00, 0x00,
    0x00, 0x00, 0xCE, 0x00, 0x00, 0x00, 0x00, 0xBE, 0x00, 0x00, 0x00, 0x00, 0xCE, 0x10, 0x00, 0x00, 0x00, 0xCE, 0x00, 0x00, 0x00, 0x00, 0xCE, 0x00,
    0x00, 0x00, 0x00, 0xCE, 0x00, 0x00, 0x00, 0x00, 0xCE, 0x00, 0x00, 0x00, 0x00, 0xCE, 0x00, 0x00, 0x00, 0x00, 0xCE, 0x00, 0x00, 0x00, 0x00, 0xCE,
    0x00, 0x00, 0x00, 0x00, 0xCE, 0x00, 0x00, 0x1C, 0x50, 0xCE, 0x00, 0x00, 0x00, 0x00, 0xCE, 0x00, 0x00, 0x1C, 0x50, 0xCE, 0x00, 0x00, 0x00, 0x00,
    0xCE, 0x00, 0x00, 0x00, 0x00, 0xCE, 0x00, 0x00, 0x00, 0x00, 0xCE, 0x00, 0x00, 0x00, 0x00, 0xCE, 0x00, 0x00, 0x00, 0x00, 0xCE, 0x00, 0x00, 0x00,
    0x00, 0xCE, 0x00, 0x00, 0x00, 0x00, 0xCE, 0x10, 0x00, 0x00, 0x00, 0xCE, 0x10, 0x00, 0x00, 0x00, 0xBE, 0x00, 0x00, 0x00, 0x00, 0xBE, 0x00, 0x00,
    0x01, 0x66, 0xDE, 0x76, 0x66, 0x66, 0x66, 0xDE, 0x76, 0x10, 0x03, 0xFF, 0xFF, 0xFF, 0xFF, 0xFF, 0xFF, 0xFF, 0xFF, 0x50, 0x00, 0x34, 0x44, 0x44,
    0x44, 0x44, 0x44, 0x44, 0x43, 0x00, 0x00, 0x00, 0x00, 0x00, 0x00, 0x00, 0x00, 0x00, 0x00, 0x00, 0x00, 0x00, 0x00, 0x00, 0x00, 0x00, 0x00, 0x00,
    0x00, 0x00, 0x00, 0x00, 0x04, 0x78, 0x75, 0x00, 0x00, 0x00, 0x00, 0x00, 0x00, 0x00, 0x5F, 0xFF, 0xFF, 0xD3, 0x00, 0x00, 0x00, 0x00, 0x00, 0x00,
    0x2C, 0xF7, 0x27, 0xFE, 0x30, 0x00, 0x00, 0x00, 0x00, 0x76, 0x02, 0xCF, 0x60, 0x4F, 0xC0, 0x00, 0x00, 0x00, 0x02, 0xFF, 0x70, 0x2C, 0xF3, 0x09,
    0xF3, 0x00, 0x00, 0x00, 0x05, 0xFE, 0xF7, 0x07, 0xF3, 0x04, 0xF6, 0x00, 0x00, 0x00, 0x06, 0xF5, 0xCF, 0xCE, 0xF3, 0x03, 0xF7, 0x00, 0x00, 0x00,
    0x04, 0xF6, 0x1B, 0xEE, 0xC2, 0x06, 0xF4, 0x00, 0x00, 0x00, 0x01, 0xED, 0x00, 0x11, 0x00, 0x09, 0xF7, 0x00, 0x00, 0x00, 0x00, 0x7F, 0xA1, 0x00,
    0x00, 0x01, 0xCF, 0x70, 0x00, 0x00, 0x00, 0x09, 0xFE, 0x97, 0x9D, 0x60, 0x1C, 0xF7, 0x00, 0x00, 0x00, 0x00, 0x6C, 0xFF, 0xFF, 0xF6, 0x01, 0xCF,
    0x70, 0x00, 0x00, 0x00, 0x00, 0x23, 0x22, 0xCF, 0x60, 0x1C, 0xF7, 0x00, 0x00, 0x00, 0x00, 0x00, 0x00, 0x1C, 0xF6, 0x01, 0xCF, 0x30, 0x00, 0x00,
    0x00, 0x00, 0x00, 0x01, 0xCF, 0x70, 0x3F, 0x70, 0x00, 0x00, 0x00, 0x00, 0x00, 0x00, 0x1C, 0xF8, 0xAF, 0x50, 0x00, 0x00, 0x00, 0x00, 0x00, 0x00,
    0x01, 0xBF, 0xF9, 0x00, 0x00, 0x00, 0x00, 0x00, 0x00, 0x00, 0x00, 0x03, 0x20, 0x00, 0x00, 0x00, 0x00, 0x00, 0x00, 0x00, 0x00, 0x00, 0x00, 0x00,
    0x00, 0x00, 0x00, 0x00, 0x00, 0x00, 0x00, 0x00, 0x00, 0x00, 0x00, 0x00, 0x00, 0x00, 0x00, 0x00, 0x00, 0x00, 0x00, 0x00, 0x00, 0x00, 0x00, 0x00,
    0x00, 0x1A, 0xCC, 0xCB, 0xB4, 0x00, 0x00, 0x00, 0x00, 0x00, 0x00, 0x2D, 0xEE, 0xEF, 0xF6, 0x00, 0x00, 0x00, 0x00, 0x00, 0x00, 0x00, 0x00, 0x7F,
    0xA0, 0x00, 0x00, 0x00, 0x00, 0x00, 0x00, 0x00, 0x03, 0xFD, 0x10, 0x00, 0x00, 0x00, 0x00, 0x00, 0x00, 0x00, 0x1D, 0xF3, 0x00, 0x00, 0x00, 0x00,
    0x00, 0x00, 0x00, 0x00, 0xAF, 0x60, 0x00, 0x00, 0x00, 0x01, 0x11, 0x11, 0x10, 0x06, 0xFB, 0x11, 0x10, 0x00, 0x00, 0x6F, 0xFF, 0xFE, 0xE1, 0x1F,
    0xFF, 0xFF, 0xF6, 0x00, 0x00, 0x3A, 0xAA, 0xCF, 0xC1, 0x19, 0xAA, 0xAA, 0xA3, 0x00, 0x00, 0x00, 0x00, 0xCE, 0x20, 0x00, 0x00, 0x00, 0x00, 0x00,
    0x00, 0x00, 0x0B, 0xF5, 0x00, 0x00, 0x00, 0x00, 0x00, 0x00, 0x00, 0x00, 0x7F, 0x90, 0x00, 0x00, 0x00, 0x00, 0x00, 0x00, 0x00, 0x04, 0xFB, 0x00,
    0x00, 0x00, 0x00, 0x00, 0x00, 0x00, 0x00, 0x2E, 0xF8, 0x66, 0x50, 0x00, 0x00, 0x00, 0x00, 0x00, 0x00, 0x7F, 0xFF, 0xFF, 0xF2, 0x00, 0x00, 0x00,
    0x00, 0x00, 0x00, 0x14, 0x44, 0x44, 0x30, 0x00, 0x00, 0x00, 0x00, 0x00, 0x00, 0x00, 0x00, 0x00, 0x00, 0x00, 0x00, 0x00, 0x00, 0x00, 0x00, 0x00,
    0x00, 0x00, 0x00, 0x00, 0x00, 0x00, 0x00, 0x00, 0x00, 0x00, 0x00, 0x00, 0x00, 0x00, 0x00, 0x00, 0x00, 0x00, 0x00, 0x00, 0x00, 0x14, 0x43, 0x10,
    0x00, 0x00, 0x00, 0x00, 0x00, 0x00, 0x2A, 0xFF, 0xFF, 0xE8, 0x10, 0x00, 0x00, 0x00, 0x00, 0x04, 0xEF, 0xA6, 0x57, 0xDF, 0xC1, 0x00, 0x00, 0x00,
    0x00, 0x2E, 0xE4, 0x00, 0x00, 0x07, 0xFB, 0x00, 0x00, 0x00, 0x00, 0xAF, 0x40, 0x00, 0x00, 0x00, 0x9F, 0x50, 0x00, 0x00, 0x01, 0xFB, 0x00, 0x00,
    0x00, 0x00, 0x1E, 0xB0, 0x00, 0x00, 0x04, 0xF6, 0x00, 0x00, 0x00, 0x00, 0x0B, 0xE0, 0x00, 0x00, 0x05, 0xF5, 0x00, 0x00, 0x00, 0x00, 0x0A, 0xF1,
    0x00, 0x00, 0x03, 0xF7, 0x00, 0x00, 0x00, 0x00, 0x0C, 0xD0, 0x00, 0x00, 0x01, 0xED, 0x00, 0x00, 0x00, 0x00, 0x3F, 0x90, 0x00, 0x00, 0x00, 0x8F,
    0x70, 0x00, 0x00, 0x00, 0xCE, 0x30, 0x00, 0x00, 0x00, 0x1C, 0xF8, 0x10, 0x00, 0x3C, 0xFC, 0x00, 0x00, 0x00, 0x00, 0x01, 0xBF, 0xFB, 0xAC, 0xFF,
    0xCF, 0xA0, 0x00, 0x00, 0x00, 0x00, 0x05, 0xBE, 0xFD, 0x93, 0x0A, 0xF9, 0x00, 0x00, 0x00, 0x00, 0x00, 0x00, 0x10, 0x00, 0x00, 0x9F, 0x90, 0x00,
    0x00, 0x00, 0x00, 0x00, 0x00, 0x00, 0x00, 0x09, 0xF9, 0x00, 0x00, 0x00, 0x00, 0x00, 0x00, 0x00, 0x00, 0x00, 0x9F, 0x40, 0x00, 0x00, 0x00, 0x00,
    0x00, 0x00, 0x00, 0x00, 0x04, 0x10, 0x00, 0x00, 0x00, 0x00, 0x00, 0x00, 0x00, 0x00, 0x00, 0x00, 0x00, 0x00, 0x00, 0x00, 0x00, 0x00, 0x00, 0x00,
    0x00, 0x00, 0x00, 0x00, 0x00, 0x00, 0x00, 0x00, 0x00, 0x00, 0x00, 0x00, 0x00, 0x00, 0x00, 0x00, 0x00, 0x00, 0x00, 0x00, 0x00, 0x00, 0x00, 0x00,
    0x00, 0x00, 0x69, 0x00, 0x00, 0x00, 0x00, 0x00, 0x00, 0x00, 0x00, 0x06, 0xFC, 0x00, 0x00, 0x00, 0x00, 0x00, 0x00, 0x00, 0x00, 0x6F, 0xC1, 0x00,
    0x00, 0x00, 0x00, 0x00, 0x00, 0x00, 0x07, 0xFC, 0x10, 0x00, 0x00, 0x00, 0x00, 0x00, 0x00, 0x00, 0x7F, 0xB1, 0x00, 0x00, 0x00, 0x00, 0x00, 0x00,
    0x00, 0x06, 0xFF, 0xDC, 0xCC, 0xCC, 0xCC, 0xCC, 0x60, 0x00, 0x00, 0x07, 0xFF, 0xEE, 0xEE, 0xEE, 0xEE, 0xEE, 0x70, 0x00, 0x00, 0x00, 0x8F, 0xB1,
    0x00, 0x00, 0x00, 0x00, 0x00, 0x00, 0x00, 0x00, 0x08, 0xFA, 0x00, 0x00, 0x00, 0x00, 0x00, 0x00, 0x00, 0x00, 0x00, 0x8F, 0xB0, 0x00, 0x00, 0x00,
    0x00, 0x00, 0x00, 0x00, 0x00, 0x08, 0xFB, 0x00, 0x00, 0x00, 0x00, 0x00, 0x00, 0x00, 0x00, 0x00, 0x8B, 0x00, 0x00, 0x00, 0x00, 0x00, 0x00, 0x00,
    0x00, 0x00, 0x00, 0x00, 0x00, 0x00, 0x00, 0x00, 0x00, 0x00, 0x00, 0x00, 0x00, 0x00, 0x00, 0x00, 0x00, 0x00, 0x00, 0x00, 0x00, 0x00, 0x00, 0x00,
    0x00, 0x00, 0x00, 0x00, 0x00, 0x00, 0x00, 0x00, 0x00, 0x00, 0x00, 0x00, 0x00, 0x00, 0x00, 0x00, 0x00, 0x00, 0x00, 0x00, 0x00, 0x00, 0x00, 0x00,
    0x00, 0x00, 0x00, 0x00, 0x00, 0x00, 0x00, 0x00, 0x00, 0x00, 0x00, 0x00, 0x00, 0x00, 0x00, 0x00, 0x00, 0x00, 0x00, 0x00, 0x00, 0x14, 0x00, 0x00,
    0x00, 0x00, 0x00, 0x00, 0x00, 0x00, 0x00, 0x7F, 0x20, 0x00, 0x00, 0x00, 0x00, 0x00, 0x00, 0x00, 0x00, 0x13, 0x00, 0x00, 0x00, 0x00, 0x00, 0x00,
    0x00, 0x00, 0x00, 0x00, 0x00, 0x00, 0x00, 0x00, 0x00, 0x00, 0x00, 0x00, 0x00, 0x6F, 0x20, 0x00, 0x00, 0x00, 0x00, 0x00, 0x00, 0x00, 0x00, 0x38,
    0x10, 0x00, 0x00, 0x00, 0x00, 0x00, 0x00, 0x00, 0x00, 0x00, 0x00, 0x00, 0x00, 0x00, 0x00, 0x00, 0x00, 0x00, 0x00, 0x4B, 0x10, 0x00, 0x00, 0x00,
    0x00, 0x00, 0x00, 0x00, 0x00, 0x5D, 0x20, 0x00, 0x00, 0x00, 0x08, 0xC1, 0x00, 0x00, 0x00, 0x00, 0x00, 0x00, 0x00, 0x00, 0x05, 0xFC, 0x10, 0x00,
    0x00, 0x26, 0x66, 0x66, 0x66, 0x66, 0x66, 0xCF, 0xC2, 0x00, 0x00, 0x6F, 0xFF, 0xFF, 0xFF, 0xFF, 0xFF, 0xFF, 0xF7, 0x00, 0x00, 0x13, 0x44, 0x44,
    0x44, 0x44, 0x44, 0xBF, 0xB1, 0x00, 0x00, 0x00, 0x00, 0x00, 0x00, 0x00, 0x07, 0xFB, 0x00, 0x00, 0x00, 0x00, 0x00, 0x00, 0x00, 0x00, 0x06, 0x90,
    0x00, 0x00, 0x00, 0x00, 0x00, 0x00, 0x00, 0x00, 0x00, 0x00, 0x00, 0x00, 0x00, 0x00, 0x00, 0x00, 0x00, 0x00, 0x00, 0x00, 0x00, 0x00, 0x00, 0x00,
    0x00, 0x00, 0x00, 0x00, 0x00, 0x00, 0x00, 0x00, 0x00, 0x00, 0x00, 0x00, 0x00, 0x00, 0x00, 0x00, 0x00, 0x00, 0x00, 0x00, 0x00, 0x00, 0x00, 0x00,
    0x00, 0x00, 0x00, 0x00, 0x00, 0x00, 0x09, 0x60, 0x00, 0x00, 0x00, 0x00, 0x00, 0x00, 0x00, 0x00, 0xBF, 0xF7, 0x00, 0x00, 0x00, 0x00, 0x00, 0x00,
    0x00, 0x1B, 0xFF, 0xFF, 0x60, 0x00, 0x00, 0x00, 0x00, 0x00, 0x00, 0x6F, 0x9E, 0xBC, 0xF2, 0x00, 0x00, 0x00, 0x00, 0x00, 0x00, 0x25, 0x0F, 0xA1,
    0x50, 0x00, 0x00, 0x00, 0x00, 0x00, 0x00, 0x00, 0x1F, 0xA0, 0x00, 0x00, 0x00, 0x00, 0x00, 0x00, 0x00, 0x00, 0x1F, 0xA0, 0x00, 0x00, 0x00, 0x00,
    0x00, 0x00, 0x00, 0x00, 0x1F, 0xA0, 0x00, 0x00, 0x00, 0x00, 0x00, 0x00, 0x00, 0x00, 0x1F, 0xA0, 0x00, 0x00, 0x00, 0x00, 0x00, 0x00, 0x00, 0x00,
    0x1F, 0xA0, 0x00, 0x00, 0x00, 0x00, 0x00, 0x00, 0x00, 0x00, 0x1F, 0xA0, 0x00, 0x00, 0x00, 0x00, 0x00, 0x00, 0x00, 0x00, 0x1F, 0xA0, 0x00, 0x00,
    0x00, 0x00, 0x00, 0x00, 0x00, 0x00, 0x1F, 0xA0, 0x00, 0x00, 0x00, 0x00, 0x00, 0x00, 0x00, 0x00, 0x1F, 0xA0, 0x35, 0x01, 0x51, 0x04, 0x30, 0x00,
    0x00, 0x00, 0x0E, 0xA0, 0xAF, 0x04, 0xF4, 0x0F, 0xA0, 0x00, 0x00, 0x00, 0x02, 0x10, 0x12, 0x00, 0x30, 0x02, 0x10, 0x00, 0x00, 0x00, 0x00, 0x00,
    0x00, 0x00, 0x00, 0x00, 0x00, 0x00, 0x00, 0x00, 0x00, 0x00, 0x00, 0x00, 0x00, 0x00, 0x00, 0x00, 0x00, 0x00, 0x00, 0x00, 0x00, 0x00, 0x00, 0x00,
    0x00, 0x00, 0x00, 0x00, 0x00, 0x00, 0x00, 0x00, 0x00, 0x00, 0x00, 0x00, 0x00, 0x04, 0xAB, 0xC4, 0x00, 0x00, 0x4C, 0xBA, 0x40, 0x00, 0x00, 0x3F,
    0xFD, 0xD5, 0x00, 0x00, 0x5D, 0xDF, 0xF3, 0x00, 0x00, 0x7F, 0x40, 0x00, 0x00, 0x00, 0x00, 0x04, 0xF7, 0x00, 0x00, 0x8F, 0x20, 0x00, 0x00, 0x00,
    0x00, 0x02, 0xF8, 0x00, 0x00, 0x7F, 0x20, 0x00, 0x00, 0x00, 0x00, 0x02, 0xF7, 0x00, 0x00, 0x13, 0x00, 0x00, 0x00, 0x00, 0x00, 0x00, 0x31, 0x00,
    0x00, 0x00, 0x00, 0x00, 0x2C, 0xC3, 0x00, 0x00, 0x00, 0x00, 0x00, 0x00, 0x00, 0x00, 0xAF, 0xFA, 0x00, 0x00, 0x00, 0x00, 0x00, 0x00, 0x00, 0x00,
    0x7F, 0xF6, 0x00, 0x00, 0x00, 0x00, 0x00, 0x00, 0x00, 0x00, 0x05, 0x50, 0x00, 0x00, 0x00, 0x00, 0x00, 0x4A, 0x10, 0x00, 0x00, 0x00, 0x00, 0x01,
    0xA4, 0x00, 0x00, 0x8F, 0x30, 0x00, 0x00, 0x00, 0x00, 0x03, 0xF8, 0x00, 0x00, 0x8F, 0x20, 0x00, 0x00, 0x00, 0x00, 0x02, 0xF8, 0x00, 0x00, 0x6F,
    0x96, 0x61, 0x00, 0x00, 0x16, 0x69, 0xF6, 0x00, 0x00, 0x1A, 0xFF, 0xF6, 0x00, 0x00, 0x6F, 0xFF, 0xA1, 0x00, 0x00, 0x00, 0x34, 0x41, 0x00, 0x00,
    0x14, 0x43, 0x00, 0x00, 0x00, 0x00, 0x00, 0x00, 0x00, 0x00, 0x00, 0x00, 0x00, 0x00, 0x00, 0x00, 0x00, 0x00, 0x00, 0x00, 0x00, 0x00, 0x00, 0x00,
    0x00, 0x00, 0x00, 0x00, 0x00, 0x00, 0x00, 0x00, 0x00, 0x00, 0x00, 0x00, 0x00, 0x00, 0x03, 0x30, 0x00, 0x00, 0x00, 0x00, 0x00, 0x00, 0x00, 0x00,
    0xAF, 0xF8, 0x00, 0x00, 0x00, 0x00, 0x00, 0x00, 0x37, 0x45, 0xFA, 0xBF, 0x45, 0x72, 0x00, 0x00, 0x00, 0x03, 0xFF, 0xFF, 0xE1, 0x2F, 0xFF, 0xFE,
    0x20, 0x00, 0x00, 0x09, 0xF5, 0x78, 0x20, 0x03, 0x96, 0x6F, 0x70, 0x00, 0x00, 0x07, 0xF4, 0x00, 0x04, 0x40, 0x00, 0x6F, 0x50, 0x00, 0x00, 0x05,
    0xF7, 0x04, 0xEF, 0xFD, 0x40, 0x9F, 0x40, 0x00, 0x00, 0xAF, 0xE2, 0x1E, 0xF6, 0x6F, 0xE1, 0x3F, 0xF8, 0x00, 0x05, 0xFA, 0x20, 0x4F, 0x60, 0x06,
    0xF4, 0x03, 0xBF, 0x30, 0x05, 0xF8, 0x10, 0x4F, 0x60, 0x06, 0xF4, 0x01, 0x9F, 0x30, 0x01, 0xBF, 0xD1, 0x1E, 0xF6, 0x6E, 0xE1, 0x2E, 0xFA, 0x00,
    0x00, 0x07, 0xF7, 0x04, 0xDF, 0xFE, 0x40, 0x9F, 0x60, 0x00, 0x00, 0x06, 0xF5, 0x00, 0x14, 0x41, 0x00, 0x6F, 0x40, 0x00, 0x00, 0x0A, 0xF3, 0x56,
    0x10, 0x02, 0x74, 0x4F, 0x80, 0x00, 0x00, 0x04, 0xFF, 0xFF, 0xD0, 0x2E, 0xFF, 0xFF, 0x30, 0x00, 0x00, 0x00, 0x49, 0x67, 0xF8, 0x9F, 0x67, 0x93,
    0x00, 0x00, 0x00, 0x00, 0x00, 0x00, 0xCF, 0xFA, 0x00, 0x00, 0x00, 0x00, 0x00, 0x00, 0x00, 0x00, 0x15, 0x50, 0x00, 0x00, 0x00, 0x00, 0x00, 0x00,
    0x00, 0x00, 0x00, 0x00, 0x00, 0x00, 0x00, 0x00, 0x00, 0x00, 0x00, 0x00, 0x00, 0x00, 0x00, 0x00, 0x00, 0x00, 0x00, 0x00, 0x00, 0x01, 0x56, 0x66,
    0x66, 0x51, 0x00, 0x00, 0x00, 0x00, 0x00, 0x1C, 0xFF, 0xFF, 0xFF, 0xFD, 0x20, 0x00, 0x00, 0x00, 0x01, 0xCF, 0x74, 0x43, 0x34, 0x6F, 0x90, 0x00,
    0x00, 0x00, 0x2C, 0xF6, 0x00, 0xB5, 0x3B, 0x1E, 0xB0, 0x00, 0x00, 0x01, 0xCF, 0x54, 0xD2, 0xFA, 0x7F, 0x4E, 0xB0, 0x00, 0x00, 0x08, 0xF7, 0x08,
    0xF3, 0xF9, 0x6F, 0x3E, 0xB0, 0x00, 0x00, 0x0A, 0xF0, 0x02, 0x60, 0x42, 0x15, 0x1F, 0xA0, 0x00, 0x00, 0x0A, 0xF1, 0x00, 0x00, 0x00, 0x00, 0x1F,
    0xA0, 0x00, 0x00, 0x0A, 0xF1, 0x00, 0x00, 0x00, 0x00, 0x1F, 0xA0, 0x00, 0x00, 0x0A, 0xF1, 0x00, 0x00, 0x00, 0x00, 0x1F, 0xA0, 0x00, 0x00, 0x0A,
    0xF1, 0x00, 0x00, 0x00, 0x00, 0x1F, 0xA0, 0x00, 0x00, 0x0A, 0xF1, 0x00, 0x00, 0x00, 0x00, 0x1F, 0xA0, 0x00, 0x00, 0x0A, 0xF1, 0x00, 0x00, 0x00,
    0x00, 0x1F, 0xA0, 0x00, 0x00, 0x0A, 0xF1, 0x00, 0x00, 0x00, 0x00, 0x1F, 0xA0, 0x00, 0x00, 0x0A, 0xF0, 0x00, 0x00, 0x00, 0x00, 0x0F, 0xB0, 0x00,
    0x00, 0x08, 0xF9, 0x66, 0x66, 0x66, 0x66, 0x8F, 0x80, 0x00, 0x00, 0x01, 0xBF, 0xFF, 0xFF, 0xFF, 0xFF, 0xFC, 0x10, 0x00, 0x00, 0x00, 0x03, 0x44,
    0x44, 0x44, 0x44, 0x30, 0x00, 0x00, 0x00, 0x00, 0x00, 0x00, 0x00, 0x00, 0x00, 0x00, 0x00, 0x00, 0x00, 0x00, 0x00, 0x00, 0x00, 0x00, 0x00, 0x00,
    0x00, 0x00, 0x00, 0x00, 0x00, 0x4B, 0xA3, 0x00, 0x00, 0x00, 0x00, 0x00, 0x00, 0x00, 0x01, 0xEF, 0xFD, 0x00, 0x00, 0x00, 0x00, 0x00, 0x00, 0x00,
    0x03, 0xF7, 0x9F, 0x10, 0x00, 0x00, 0x00, 0x00, 0x00, 0x00, 0x03, 0xF7, 0x9F, 0x00, 0x00, 0x00, 0x00, 0x00, 0x00, 0x00, 0x03, 0xF7, 0x9F, 0xA5,
    0x00, 0x00, 0x00, 0x00, 0x00, 0x00, 0x02, 0xF7, 0x8F, 0xFF, 0xCB, 0x31, 0x00, 0x00, 0x00, 0x01, 0x33, 0xF7, 0x9F, 0x5F, 0xFF, 0xFE, 0x90, 0x00,
    0x00, 0x5E, 0xFD, 0xF7, 0x9F, 0x3F, 0x79, 0xFC, 0xF5, 0x00, 0x00, 0xDE, 0x8F, 0xF7, 0x8F, 0x3F, 0x69, 0xE3, 0xF7, 0x00, 0x00, 0xCE, 0x05, 0xE6,
    0x13, 0x04, 0x12, 0x33, 0xF6, 0x00, 0x00, 0x5F, 0x80, 0x20, 0x00, 0x00, 0x00, 0x03, 0xF6, 0x00, 0x00, 0x0C, 0xF2, 0x00, 0x00, 0x00, 0x00, 0x03,
    0xF6, 0x00, 0x00, 0x03, 0xFA, 0x00, 0x00, 0x00, 0x00, 0x04, 0xF5, 0x00, 0x00, 0x00, 0xAF, 0x40, 0x00, 0x00, 0x00, 0x09, 0xF2, 0x00, 0x00, 0x00,
    0x2E, 0xD2, 0x00, 0x00, 0x00, 0x4F, 0xB0, 0x00, 0x00, 0x00, 0x06, 0xFD, 0x52, 0x11, 0x27, 0xFE, 0x20, 0x00, 0x00, 0x00, 0x00, 0x6E, 0xFF, 0xFF,
    0xFF, 0xC3, 0x00, 0x00, 0x00, 0x00, 0x00, 0x01, 0x69, 0xAA, 0x85, 0x00, 0x00, 0x00, 0x00, 0x00, 0x00, 0x00, 0x00, 0x00, 0x00, 0x00, 0x00, 0x00,
    0x00, 0x00, 0x00, 0x00, 0x00, 0x00, 0x00, 0x00, 0x00, 0x00, 0x00, 0x00, 0x00, 0x00, 0x00, 0x00, 0x14, 0x00, 0x00, 0x00, 0x00, 0x00, 0x00, 0x00,
    0x00, 0x00, 0x7F, 0x80, 0x00, 0x00, 0x00, 0x00, 0x00, 0x00, 0x00, 0x00, 0x1B, 0xF8, 0x00, 0x00, 0x00, 0x00, 0x00, 0x00, 0x11, 0x11, 0x12, 0xCF,
    0x80, 0x00, 0x00, 0x00, 0x00, 0x06, 0xFF, 0xFF, 0xFF, 0xEF, 0xF6, 0x00, 0x00, 0x00, 0x00, 0x03, 0xAA, 0xAA, 0xA9, 0xDF, 0xE3, 0x00, 0x00, 0x00,
    0x00, 0x00, 0x00, 0x00, 0x03, 0xEE, 0x30, 0x00, 0x00, 0x00, 0x00, 0x00, 0x00, 0x00, 0x4F, 0xE3, 0x00, 0x00, 0x00, 0x00, 0x00, 0x00, 0x00, 0x00,
    0x6D, 0x30, 0x00, 0x00, 0x00, 0x00, 0x04, 0xD6, 0x00, 0x00, 0x00, 0x00, 0x00, 0x00, 0x00, 0x00, 0x4F, 0xF4, 0x00, 0x00, 0x00, 0x00, 0x00, 0x00,
    0x00, 0x04, 0xED, 0x30, 0x00, 0x00, 0x00, 0x00, 0x00, 0x00, 0x00, 0x4E, 0xFD, 0xAA, 0xAA, 0xA5, 0x00, 0x00, 0x00, 0x00, 0x00, 0x6F, 0xFE, 0xFF,
    0xFF, 0xF8, 0x00, 0x00, 0x00, 0x00, 0x00, 0x08, 0xFC, 0x21, 0x11, 0x10, 0x00, 0x00, 0x00, 0x00, 0x00, 0x00, 0x8F, 0xB1, 0x00, 0x00, 0x00, 0x00,
    0x00, 0x00, 0x00, 0x00, 0x07, 0xF7, 0x00, 0x00, 0x00, 0x00, 0x00, 0x00, 0x00, 0x00, 0x00, 0x41, 0x00, 0x00, 0x00, 0x00, 0x00, 0x00, 0x00, 0x00,
    0x00, 0x00, 0x00, 0x00, 0x00, 0x00, 0x00, 0x00,
};

static const aa_glyph_t aa_icon_s_glyphs[] = {
    { 20, 0 }, // 'm'
    { 20, 200 }, // 'h'
    { 20, 400 }, // 'u'
    { 20, 600 }, // 'x'
    { 20, 800 }, // 'z'
    { 20, 1000 }, // 'p'
    { 20, 1200 }, // 'r'
    { 20, 1400 }, // 'f'
    { 20, 1600 }, // 'd'
    { 20, 1800 }, // 'c'
    { 20, 2000 }, // 'a'
    { 20, 2200 }, // 's'
    { 20, 2400 }, // 'w'
    { 20, 2600 }, // 'o'
    { 20, 2800 }, // 't'
    { 20, 3000 }, // 'q'
    { 20, 3200 }, // 'k'
    { 20, 3400 }, // 'b'
    { 20, 3600 }, // 'i'
    { 20, 3800 }, // 'j'
    { 20, 4000 }, // 'l'
    { 20, 4200 }, // 'g'
    { 20, 4400 }, // 'e'
    { 20, 4600 }, // 'n'
    { 20, 4800 }, // 'v'
};

static const aa_font_t aa_icon_s = { 20, 20, "mhuxzprfdcaswotqkbijlgenv", aa_icon_s_glyphs, aa_icon_s_data };

static const uint8_t aa_icon_l_data[] = { // height 28, 25 glyphs, 9800 bytes
    0x00, 0x00, 0x00, 0x00, 0x00, 0x00, 0x00, 0x00, 0x00, 0x00, 0x00, 0x00, 0x00, 0x00, 0x00, 0x00, 0x00, 0x00, 0x00, 0x00, 0x00, 0x00, 0x00, 0x00,
    0x00, 0x00, 0x00, 0x00, 0x00, 0x00, 0x00, 0x00, 0x00, 0x00, 0x00, 0x00, 0x00, 0x00, 0x00, 0x00, 0x00, 0x00, 0x00, 0x00, 0x00, 0x00, 0x00, 0x00,
    0x00, 0x00, 0x00, 0x00, 0x00, 0x00, 0x00, 0x00, 0x00, 0x01, 0x89, 0x99, 0x99, 0x99, 0x99, 0x99, 0x99, 0x99, 0x99, 0x98, 0x10, 0x00, 0x00, 0x07,
    0xFF, 0xFF, 0xFF, 0xFF, 0xFF, 0xFF, 0xFF, 0xFF, 0xFF, 0xFF, 0x70, 0x00, 0x00, 0x02, 0xAB, 0xBB, 0xBB, 0xBB, 0xBB, 0xBB, 0xBB, 0xBB, 0xBB, 0xBA,
    0x20, 0x00, 0x00, 0x00, 0x00, 0x00, 0x00, 0x00, 0x00, 0x00, 0x00, 0x00, 0x00, 0x00, 0x00, 0x00, 0x00, 0x00, 0x00, 0x00, 0x00, 0x00, 0x00, 0x00,
    0x00, 0x00, 0x00, 0x00, 0x00, 0x00, 0x00, 0x00, 0x00, 0x00, 0x00, 0x00, 0x00, 0x00, 0x00, 0x00, 0x00, 0x00, 0x00, 0x00, 0x00, 0x00, 0x00, 0x00,
    0x00, 0x00, 0x00, 0x00, 0x00, 0x00, 0x00, 0x00, 0x00, 0x00, 0x00, 0x01, 0x89, 0x99, 0x99, 0x99, 0x99, 0x99, 0x99, 0x99, 0x99, 0x98, 0x10, 0x00,
    0x00, 0x07, 0xFF, 0xFF, 0xFF, 0xFF, 0xFF, 0xFF, 0xFF, 0xFF, 0xFF, 0xFF, 0x70, 0x00, 0x00, 0x02, 0xAB, 0xBB, 0xBB, 0xBB, 0xBB, 0xBB, 0xBB, 0xBB,
    0xBB, 0xBA, 0x20, 0x00, 0x00, 0x00, 0x00, 0x00, 0x00, 0x00, 0x00, 0x00, 0x00, 0x00, 0x00, 0x00, 0x00, 0x00, 0x00, 0x00, 0x00, 0x00, 0x00, 0x00,
    0x00, 0x00, 0x00, 0x00, 0x00, 0x00, 0x00, 0x00, 0x00, 0x00, 0x00, 0x00, 0x00, 0x00, 0x00, 0x00, 0x00, 0x00, 0x00, 0x00, 0x00, 0x00, 0x00, 0x00,
    0x00, 0x00, 0x00, 0x00, 0x00, 0x00, 0x00, 0x00, 0x00, 0x00, 0x00, 0x00, 0x00, 0x01, 0x89, 0x99, 0x99, 0x99, 0x99, 0x99, 0x99, 0x99, 0x99, 0x98,
    0x10, 0x00, 0x00, 0x07, 0xFF, 0xFF, 0xFF, 0xFF, 0xFF, 0xFF, 0xFF, 0xFF, 0xFF, 0xFF, 0x70, 0x00, 0x00, 0x02, 0xAB, 0xBB, 0xBB, 0xBB, 0xBB, 0xBB,
    0xBB, 0xBB, 0xBB, 0xBA, 0x20, 0x00, 0x00, 0x00, 0x00, 0x00, 0x00, 0x00, 0x00, 0x00, 0x00, 0x00, 0x00, 0x00, 0x00, 0x00, 0x00, 0x00, 0x00, 0x00,
    0x00, 0x00, 0x00, 0x00, 0x00, 0x00, 0x00, 0x00, 0x00, 0x00, 0x00, 0x00, 0x00, 0x00, 0x00, 0x00, 0x00, 0x00, 0x00, 0x00, 0x00, 0x00, 0x00, 0x00,
    0x00, 0x00, 0x00, 0x00, 0x00, 0x00, 0x00, 0x00, 0x00, 0x00, 0x00, 0x00, 0x00, 0x00, 0x00, 0x00, 0x00, 0x00, 0x00, 0x00, 0x00, 0x00, 0x00, 0x00,
    0x00, 0x00, 0x00, 0x00, 0x00, 0x00, 0x00, 0x00, 0x00, 0x00, 0x00, 0x00, 0x00, 0x00, 0x00, 0x00, 0x00, 0x00, 0x00, 0x00, 0x00, 0x00, 0x00, 0x00,
    0x00, 0x00, 0x00, 0x00, 0x00, 0x00, 0x00, 0x00, 0x00, 0x00, 0x00, 0x00, 0x00, 0x00, 0x00, 0x00, 0x00, 0x00, 0x00, 0x00, 0x00, 0x00, 0x00, 0x00,
    0x00, 0x00, 0x00, 0x00, 0x00, 0x00, 0x00, 0x00, 0x00, 0x00, 0x00, 0x00, 0x00, 0x00, 0x00, 0x00, 0x00, 0x00, 0x1A, 0xA1, 0x00, 0x00, 0x00, 0x00,
    0x00, 0x00, 0x00, 0x00, 0x00, 0x00, 0x00, 0x01, 0xCF, 0xFC, 0x10, 0x00, 0x00, 0x00, 0x00, 0x00, 0x00, 0x00, 0x00, 0x00, 0x00, 0x1C, 0xFF, 0xFF,
    0xC1, 0x00, 0x00, 0x00, 0x00, 0x00, 0x00, 0x00, 0x00, 0x00, 0x01, 0xCF, 0xF5, 0x6F, 0xFC, 0x10, 0x00, 0x00, 0x00, 0x00, 0x00, 0x00, 0x00, 0x00,
    0x1C, 0xFF, 0x50, 0x07, 0xFF, 0xC1, 0x00, 0x00, 0x00, 0x00, 0x00, 0x00, 0x00, 0x01, 0xCF, 0xF5, 0x00, 0x00, 0x7F, 0xFC, 0x10, 0x00, 0x00, 0x00,
    0x00, 0x00, 0x00, 0x1C, 0xFF, 0x50, 0x00, 0x00, 0x06, 0xFF, 0xC1, 0x00, 0x00, 0x00, 0x00, 0x00, 0x01, 0xCF, 0xF6, 0x00, 0x00, 0x00, 0x00, 0x6F,
    0xFC, 0x10, 0x00, 0x00, 0x00, 0x00, 0x1C, 0xFF, 0x60, 0x00, 0x00, 0x00, 0x00, 0x06, 0xFF, 0xC1, 0x00, 0x00, 0x00, 0x01, 0xCF, 0xE6, 0x00, 0x00,
    0x00, 0x00, 0x00, 0x00, 0x6F, 0xFC, 0x10, 0x00, 0x00, 0x1C, 0xFF, 0x80, 0x00, 0x00, 0x00, 0x00, 0x00, 0x00, 0x08, 0xFF, 0xC1, 0x00, 0x00, 0x9F,
    0xFF, 0xD1, 0x00, 0x01, 0x44, 0x44, 0x10, 0x00, 0x1D, 0xFF, 0xF9, 0x00, 0x00, 0x5C, 0xDF, 0xE1, 0x00, 0x6E, 0xFF, 0xFF, 0xD5, 0x00, 0x1E, 0xFD,
    0xC5, 0x00, 0x00, 0x00, 0x5F, 0xE1, 0x04, 0xFF, 0xFE, 0xEF, 0xFF, 0x20, 0x1E, 0xF5, 0x00, 0x00, 0x00, 0x00, 0x5F, 0xE1, 0x0A, 0xFC, 0x31, 0x13,
    0xDF, 0x80, 0x1E, 0xF5, 0x00, 0x00, 0x00, 0x00, 0x5F, 0xE1, 0x0B, 0xF9, 0x00, 0x00, 0xBF, 0x90, 0x1E, 0xF5, 0x00, 0x00, 0x00, 0x00, 0x5F, 0xE1,
    0x0B, 0xF9, 0x00, 0x00, 0xBF, 0x90, 0x1E, 0xF5, 0x00, 0x00, 0x00, 0x00, 0x5F, 0xE1, 0x0B, 0xF9, 0x00, 0x00, 0xBF, 0x90, 0x1E, 0xF5, 0x00, 0x00,
    0x00, 0x00, 0x5F, 0xE1, 0x0B, 0xF9, 0x00, 0x00, 0xBF, 0x90, 0x1E, 0xF5, 0x00, 0x00, 0x00, 0x00, 0x5F, 0xE1, 0x0B, 0xF9, 0x00, 0x00, 0xBF, 0x90,
    0x1E, 0xF5, 0x00, 0x00, 0x00, 0x00, 0x4F, 0xF3, 0x0B, 0xF9, 0x00, 0x00, 0xBF, 0x90, 0x4F, 0xF4, 0x00, 0x00, 0x00, 0x00, 0x1E, 0xFE, 0xCE, 0xFE,
    0xCC, 0xCC, 0xEF, 0xEC, 0xEF, 0xE1, 0x00, 0x00, 0x00, 0x00, 0x04, 0xEF, 0xFF, 0xFF, 0xFF, 0xFF, 0xFF, 0xFF, 0xFE, 0x40, 0x00, 0x00, 0x00, 0x00,
    0x00, 0x26, 0x88, 0x88, 0x88, 0x88, 0x88, 0x88, 0x62, 0x00, 0x00, 0x00, 0x00, 0x00, 0x00, 0x00, 0x00, 0x00, 0x00, 0x00, 0x00, 0x00, 0x00, 0x00,
    0x00, 0x00, 0x00, 0x00, 0x00, 0x00, 0x00, 0x00, 0x00, 0x00, 0x00, 0x00, 0x00, 0x00, 0x00, 0x00, 0x00, 0x00, 0x00, 0x00, 0x00, 0x00, 0x00, 0x00,
    0x00, 0x00, 0x00, 0x00, 0x00, 0x00, 0x00, 0x00, 0x00, 0x00, 0x00, 0x00, 0x24, 0x42, 0x00, 0x00, 0x00, 0x00, 0x00, 0x00, 0x00, 0x00, 0x00, 0x00,
    0x00, 0x3A, 0xEF, 0xFE, 0xA3, 0x00, 0x00, 0x00, 0x00, 0x00, 0x00, 0x00, 0x00, 0x00, 0x04, 0xEF, 0xFE, 0xFF, 0xFE, 0x30, 0x00, 0x00, 0x00, 0x00,
    0x00, 0x00, 0x00, 0x00, 0x1D, 0xFE, 0x62, 0x26, 0xEF, 0xD1, 0x00, 0x00, 0x00, 0x00, 0x00, 0x00, 0x00, 0x00, 0x7F, 0xE4, 0x00, 0x00, 0x3E, 0xF7,
    0x00, 0x00, 0x00, 0x00, 0x00, 0x00, 0x00, 0x00, 0xBF, 0xA0, 0x00, 0x00, 0x0A, 0xFB, 0x00, 0x00, 0x00, 0x00, 0x00, 0x00, 0x00, 0x00, 0xCF, 0x70,
    0x00, 0x00, 0x07, 0xFC, 0x00, 0x00, 0x00, 0x00, 0x00, 0x00, 0x00, 0x00, 0xCF, 0x70, 0x00, 0x00, 0x02, 0xA5, 0x00, 0x00, 0x00, 0x00, 0x00, 0x00,
    0x00, 0x00, 0xCF, 0x70, 0x00, 0x00, 0x00, 0x00, 0x00, 0x00, 0x00, 0x00, 0x00, 0x00, 0x00, 0x00, 0xCF, 0x70, 0x00, 0x00, 0x00, 0x00, 0x00, 0x00,
    0x00, 0x00, 0x00, 0x00, 0x00, 0x00, 0xCF, 0x70, 0x00, 0x00, 0x00, 0x00, 0x00, 0x00, 0x00, 0x00, 0x00, 0x00, 0x00, 0x5A, 0xEF, 0xDB, 0xBB, 0xBB,
    0xBB, 0xBB, 0xA5, 0x00, 0x00, 0x00, 0x00, 0x00, 0x08, 0xFF, 0xFF, 0xFF, 0xFF, 0xFF, 0xFF, 0xFF, 0xFF, 0x70, 0x00, 0x00, 0x00, 0x00, 0x2F, 0xFC,
    0x88, 0x88, 0x88, 0x88, 0x88, 0x88, 0xCF, 0xF2, 0x00, 0x00, 0x00, 0x00, 0x5F, 0xE1, 0x00, 0x00, 0x00, 0x00, 0x00, 0x00, 0x1E, 0xF5, 0x00, 0x00,
    0x00, 0x00, 0x5F, 0xE1, 0x00, 0x00, 0x02, 0x20, 0x00, 0x00, 0x1E, 0xF5, 0x00, 0x00, 0x00, 0x00, 0x5F, 0xE1, 0x00, 0x00, 0x7E, 0xE8, 0x00, 0x00,
    0x1E, 0xF5, 0x00, 0x00, 0x00, 0x00, 0x5F, 0xE1, 0x00, 0x03, 0xFF, 0xFF, 0x30, 0x00, 0x1E, 0xF5, 0x00, 0x00, 0x00, 0x00, 0x5F, 0xE1, 0x00, 0x05,
    0xFF, 0xFF, 0x50, 0x00, 0x1E, 0xF5, 0x00, 0x00, 0x00, 0x00, 0x5F, 0xE1, 0x00, 0x01, 0xDF, 0xFC, 0x10, 0x00, 0x1E, 0xF5, 0x00, 0x00, 0x00, 0x00,
    0x5F, 0xE1, 0x00, 0x00, 0x17, 0x71, 0x00, 0x00, 0x1E, 0xF5, 0x00, 0x00, 0x00, 0x00, 0x5F, 0xE0, 0x00, 0x00, 0x00, 0x00, 0x00, 0x00, 0x0E, 0xF5,
    0x00, 0x00, 0x00, 0x00, 0x4F, 0xF6, 0x22, 0x22, 0x22, 0x22, 0x22, 0x22, 0x6F, 0xF4, 0x00, 0x00, 0x00, 0x00, 0x0C, 0xFF, 0xEE, 0xEE, 0xEE, 0xEE,
    0xEE, 0xEE, 0xFF, 0xC0, 0x00, 0x00, 0x00, 0x00, 0x02, 0xBF, 0xFF, 0xFF, 0xFF, 0xFF, 0xFF, 0xFF, 0xFC, 0x20, 0x00, 0x00, 0x00, 0x00, 0x00, 0x03,
    0x44, 0x44, 0x44, 0x44, 0x44, 0x44, 0x30, 0x00, 0x00, 0x00, 0x00, 0x00, 0x00, 0x00, 0x00, 0x00, 0x00, 0x00, 0x00, 0x00, 0x00, 0x00, 0x00, 0x00,
    0x00, 0x00, 0x00, 0x00, 0x00, 0x00, 0x00, 0x00, 0x00, 0x00, 0x00, 0x00, 0x00, 0x00, 0x00, 0x00, 0x00, 0x00, 0x00, 0x00, 0x00, 0x00, 0x00, 0x00,
    0x00, 0x00, 0x00, 0x00, 0x00, 0x00, 0x00, 0x00, 0x00, 0x00, 0x00, 0x00, 0x00, 0x00, 0x00, 0x00, 0x00, 0x00, 0x00, 0x00, 0x06, 0xAB, 0xBA, 0x20,
    0x00, 0x00, 0x03, 0xAB, 0xBA, 0x60, 0x00, 0x00, 0x00, 0x00, 0xAF, 0xFF, 0xFF, 0x60, 0x00, 0x00, 0x08, 0xFF, 0xFF, 0xFA, 0x00, 0x00, 0x00, 0x04,
    0xFF, 0xA8, 0x87, 0x10, 0x00, 0x00, 0x01, 0x78, 0x8A, 0xFF, 0x40, 0x00, 0x00, 0x07, 0xFC, 0x00, 0x00, 0x00, 0x00, 0x00, 0x00, 0x00, 0x00, 0xCF,
    0x80, 0x00, 0x00, 0x08, 0xFB, 0x00, 0x00, 0x00, 0x00, 0x00, 0x00, 0x00, 0x00, 0xBF, 0x80, 0x00, 0x00, 0x08, 0xFC, 0x00, 0x00, 0x00, 0x00, 0x00,
    0x00, 0x00, 0x00, 0xCF, 0x80, 0x00, 0x00, 0x06, 0xFA, 0x00, 0x00, 0x00, 0x1B, 0xA0, 0x00, 0x00, 0x00, 0x9F, 0x50, 0x00, 0x00, 0x00, 0x41, 0x00,
    0x00, 0x00, 0x4F, 0xF2, 0x00, 0x00, 0x00, 0x13, 0x00, 0x00, 0x00, 0x00, 0x00, 0x00, 0x00, 0x00, 0x3F, 0xE1, 0x00, 0x00, 0x00, 0x00, 0x00, 0x00,
    0x00, 0x00, 0x00, 0x00, 0x01, 0x55, 0x8F, 0xF7, 0x55, 0x10, 0x00, 0x00, 0x00, 0x00, 0x00, 0x00, 0x00, 0x00, 0x0A, 0xFF, 0xFF, 0xFF, 0xFF, 0x80,
    0x00, 0x00, 0x00, 0x00, 0x00, 0x00, 0x00, 0x00, 0x07, 0xEE, 0xEF, 0xFE, 0xED, 0x50, 0x00, 0x00, 0x00, 0x00, 0x00, 0x00, 0x00, 0x00, 0x00, 0x11,
    0x5F, 0xF3, 0x11, 0x00, 0x00, 0x00, 0x00, 0x00, 0x00, 0x00, 0x00, 0x00, 0x00, 0x00, 0x4F, 0xF2, 0x00, 0x00, 0x00, 0x00, 0x00, 0x00, 0x00, 0x02,
    0xA4, 0x00, 0x00, 0x00, 0x3F, 0xF2, 0x00, 0x00, 0x00, 0x4A, 0x20, 0x00, 0x00, 0x08, 0xFC, 0x00, 0x00, 0x00, 0x06, 0x50, 0x00, 0x00, 0x00, 0xCF,
    0x80, 0x00, 0x00, 0x08, 0xFB, 0x00, 0x00, 0x00, 0x00, 0x00, 0x00, 0x00, 0x00, 0xBF, 0x80, 0x00, 0x00, 0x08, 0xFB, 0x00, 0x00, 0x00, 0x00, 0x00,
    0x00, 0x00, 0x00, 0xBF, 0x80, 0x00, 0x00, 0x06, 0xFE, 0x41, 0x11, 0x00, 0x00, 0x00, 0x00, 0x11, 0x14, 0xEF, 0x60, 0x00, 0x00, 0x02, 0xEF, 0xFE,
    0xED, 0x40, 0x00, 0x00, 0x04, 0xDE, 0xEF, 0xFE, 0x20, 0x00, 0x00, 0x00, 0x4D, 0xFF, 0xFF, 0x50, 0x00, 0x00, 0x06, 0xFF, 0xFF, 0xD4, 0x00, 0x00,
    0x00, 0x00, 0x01, 0x45, 0x54, 0x00, 0x00, 0x00, 0x00, 0x45, 0x44, 0x10, 0x00, 0x00, 0x00, 0x00, 0x00, 0x00, 0x00, 0x00, 0x00, 0x00, 0x00, 0x00,
    0x00, 0x00, 0x00, 0x00, 0x00, 0x00, 0x00, 0x00, 0x00, 0x00, 0x00, 0x00, 0x00, 0x00, 0x00, 0x00, 0x00, 0x00, 0x00, 0x00, 0x00, 0x00, 0x00, 0x00,
    0x00, 0x00, 0x00, 0x00, 0x00, 0x00, 0x00, 0x00, 0x00, 0x00, 0x00, 0x00, 0x00, 0x00, 0x00, 0x00, 0x00, 0x00, 0x00, 0x00, 0x00, 0x00, 0x00, 0x00,
    0x00, 0x00, 0x00, 0x00, 0x00, 0x00, 0x00, 0x00, 0x00, 0x00, 0x00, 0x00, 0x00, 0x00, 0x00, 0x00, 0x00, 0x00, 0x00, 0x00, 0x00, 0x00, 0x00, 0x00,
    0x00, 0x00, 0x00, 0x00, 0x00, 0x00, 0x00, 0x00, 0x1B, 0xA1, 0x00, 0x00, 0x00, 0x00, 0x00, 0x00, 0x00, 0x00, 0x00, 0x00, 0x00, 0x00, 0x4F, 0xF2,
    0x00, 0x00, 0x00, 0x00, 0x00, 0x00, 0x00, 0x00, 0x00, 0x00, 0x00, 0x00, 0x4F, 0xE2, 0x00, 0x00, 0x00, 0x00, 0x00, 0x00, 0x00, 0x00, 0x00, 0x00,
    0x00, 0x00, 0x4F, 0xF2, 0x00, 0x00, 0x00, 0x00, 0x00, 0x00, 0x00, 0x00, 0x00, 0x00, 0x00, 0x00, 0x4F, 0xF2, 0x00, 0x00, 0x00, 0x00, 0x00, 0x00,
    0x00, 0x00, 0x00, 0x00, 0x00, 0x00, 0x4F, 0xF2, 0x00, 0x00, 0x00, 0x00, 0x00, 0x00, 0x00, 0x00, 0x00, 0x00, 0x00, 0x00, 0x4F, 0xF2, 0x00, 0x10,
    0x00, 0x00, 0x00, 0x00, 0x00, 0x00, 0x00, 0x00, 0x9D, 0x40, 0x4F, 0xF2, 0x06, 0xD7, 0x00, 0x00, 0x00, 0x00, 0x00, 0x00, 0x00, 0x00, 0xCF, 0xF4,
    0x3F, 0xF1, 0x6F, 0xFA, 0x00, 0x00, 0x00, 0x00, 0x00, 0x00, 0x00, 0x00, 0x2D, 0xFE, 0x8F, 0xE8, 0xFF, 0xC1, 0x00, 0x00, 0x00, 0x00, 0x00, 0x00,
    0x00, 0x00, 0x02, 0xDF, 0xFF, 0xFF, 0xFC, 0x10, 0x00, 0x00, 0x00, 0x00, 0x00, 0x00, 0x00, 0x00, 0x00, 0x2D, 0xFF, 0xFF, 0xC1, 0x00, 0x00, 0x00,
    0x00, 0x00, 0x00, 0x00, 0x00, 0x00, 0x00, 0x02, 0xDF, 0xFC, 0x10, 0x00, 0x00, 0x00, 0x00, 0x00, 0x00, 0x00, 0x00, 0x00, 0x00, 0x00, 0x2D, 0xC1,
    0x00, 0x00, 0x00, 0x00, 0x00, 0x00, 0x00, 0x00, 0x00, 0x00, 0x00, 0x00, 0x00, 0x00, 0x00, 0x00, 0x00, 0x00, 0x00, 0x00, 0x00, 0x00, 0x00, 0x00,
    0x00, 0x00, 0x00, 0x00, 0x00, 0x00, 0x00, 0x00, 0x00, 0x00, 0x00, 0x00, 0x00, 0x00, 0x00, 0x00, 0x00, 0x00, 0x00, 0x00, 0x00, 0x00, 0x00, 0x00,
    0x00, 0x00, 0x00, 0x00, 0x00, 0x00, 0x00, 0x00, 0x00, 0x00, 0x00, 0x00, 0x00, 0x00, 0x00, 0x00, 0x44, 0x44, 0x44, 0x44, 0x44, 0x44, 0x44, 0x44,
    0x44, 0x43, 0x00, 0x00, 0x00, 0x07, 0xFF, 0xFF, 0xFF, 0xFF, 0xFF, 0xFF, 0xFF, 0xFF, 0xFF, 0xFF, 0x50, 0x00, 0x00, 0x05, 0xEE, 0xEE, 0xEE, 0xEE,
    0xEE, 0xEE, 0xEE, 0xEE, 0xEE, 0xED, 0x30, 0x00, 0x00, 0x00, 0x12, 0x12, 0x22, 0x22, 0x22, 0x22, 0x22, 0x22, 0x21, 0x21, 0x00, 0x00, 0x00, 0x00,
    0x00, 0x00, 0x00, 0x00, 0x00, 0x00, 0x00, 0x00, 0x00, 0x00, 0x00, 0x00, 0x00, 0x00, 0x00, 0x00, 0x00, 0x00, 0x00, 0x00, 0x00, 0x00, 0x00, 0x00,
    0x00, 0x00, 0x00, 0x00, 0x00, 0x00, 0x00, 0x00, 0x00, 0x00, 0x00, 0x00, 0x00, 0x00, 0x00, 0x00, 0x00, 0x00, 0x00, 0x00, 0x00, 0x00, 0x00, 0x00,
    0x00, 0x00, 0x00, 0x00, 0x00, 0x00, 0x00, 0x00, 0x00, 0x00, 0x00, 0x00, 0x00, 0x00, 0x00, 0x00, 0x00, 0x00, 0x00, 0x00, 0x00, 0x00, 0x00, 0x00,
    0x00, 0x00, 0x00, 0x00, 0x00, 0x00, 0x00, 0x00, 0x00, 0x00, 0x00, 0x00, 0x00, 0x02, 0x44, 0x41, 0x00, 0x00, 0x14, 0x44, 0x30, 0x00, 0x00, 0x00,
    0x00, 0x00, 0x00, 0x7F, 0xFF, 0xFE, 0x40, 0x03, 0xDF, 0xFF, 0xF9, 0x00, 0x00, 0x00, 0x00, 0x00, 0x01, 0xEF, 0xEE, 0xEF, 0xB0, 0x0A, 0xFE, 0xEE,
    0xFF, 0x30, 0x00, 0x00, 0x00, 0x00, 0x02, 0xFF, 0x51, 0x8F, 0xC0, 0x0B, 0xF9, 0x13, 0xEF, 0x40, 0x00, 0x00, 0x00, 0x00, 0x02, 0xFF, 0x40, 0x7F,
    0xC0, 0x0B, 0xF8, 0x02, 0xEF, 0x40, 0x00, 0x00, 0x00, 0x00, 0x02, 0xFF, 0x40, 0x8F, 0xC0, 0x0B, 0xF9, 0x02, 0xEF, 0x40, 0x00, 0x00, 0x00, 0x00,
    0x02, 0xFF, 0x40, 0x8F, 0xC0, 0x0B, 0xF9, 0x02, 0xEF, 0x40, 0x00, 0x00, 0x00, 0x00, 0x02, 0xFF, 0x40, 0x8F, 0xC0, 0x0B, 0xF9, 0x02, 0xEF, 0x40,
    0x00, 0x00, 0x00, 0x00, 0x02, 0xFF, 0x40, 0x8F, 0xC0, 0x0B, 0xF9, 0x02, 0xEF, 0x40, 0x00, 0x00, 0x00, 0x00, 0x02, 0xFF, 0x40, 0x8F, 0xC0, 0x0B,
    0xF9, 0x02, 0xEF, 0x40, 0x00, 0x00, 0x00, 0x00, 0x02, 0xFF, 0x40, 0x8F, 0xC0, 0x0B, 0xF9, 0x02, 0xEF, 0x40, 0x00, 0x00, 0x00, 0x00, 0x02, 0xFF,
    0x40, 0x8F, 0xC0, 0x0B, 0xF9, 0x02, 0xEF, 0x40, 0x00, 0x00, 0x00, 0x00, 0x02, 0xFF, 0x40, 0x8F, 0xC0, 0x0B, 0xF9, 0x02, 0xEF, 0x40, 0x00, 0x00,
    0x00, 0x00, 0x02, 0xFF, 0x40, 0x8F, 0xC0, 0x0B, 0xF9, 0x02, 0xEF, 0x40, 0x00, 0x00, 0x00, 0x00, 0x02, 0xFF, 0x40, 0x8F, 0xC0, 0x0B, 0xF9, 0x02,
    0xEF, 0x40, 0x00, 0x00, 0x00, 0x00, 0x02, 0xFF, 0x40, 0x7F, 0xC0, 0x0B, 0xF8, 0x02, 0xEF, 0x40, 0x00, 0x00, 0x00, 0x00, 0x02, 0xFF, 0x51, 0x8F,
    0xC0, 0x0B, 0xF9, 0x13, 0xEF, 0x40, 0x00, 0x00, 0x00, 0x00, 0x01, 0xEF, 0xEE, 0xEF, 0xB0, 0x0A, 0xFE, 0xEE, 0xFF, 0x30, 0x00, 0x00, 0x00, 0x00,
    0x00, 0x7F, 0xFF, 0xFE, 0x40, 0x03, 0xEF, 0xFF, 0xF9, 0x00, 0x00, 0x00, 0x00, 0x00, 0x00, 0x03, 0x55, 0x52, 0x00, 0x00, 0x25, 0x55, 0x40, 0x00,
    0x00, 0x00, 0x00, 0x00, 0x00, 0x00, 0x00, 0x00, 0x00, 0x00, 0x00, 0x00, 0x00, 0x00, 0x00, 0x00, 0x00, 0x00, 0x00, 0x00, 0x00, 0x00, 0x00, 0x00,
    0x00, 0x00, 0x00, 0x00, 0x00, 0x00, 0x00, 0x00, 0x00, 0x00, 0x00, 0x00, 0x00, 0x00, 0x00, 0x00, 0x00, 0x00, 0x00, 0x00, 0x00, 0x00, 0x00, 0x00,
    0x00, 0x00, 0x00, 0x00, 0x00, 0x00, 0x00, 0x00, 0x00, 0x00, 0x00, 0x00, 0x00, 0x00, 0x00, 0x00, 0x00, 0x00, 0x00, 0x00, 0x00, 0x00, 0x00, 0x00,
    0x00, 0x00, 0x00, 0x00, 0x00, 0x00, 0x00, 0x00, 0x00, 0x00, 0x00, 0x00, 0x00, 0x00, 0x00, 0x00, 0x00, 0x00, 0x00, 0x00, 0x00, 0x00, 0x00, 0x00,
    0x00, 0x00, 0x00, 0x00, 0x00, 0x00, 0x00, 0x00, 0x00, 0x00, 0x00, 0x00, 0x00, 0x00, 0x00, 0x00, 0x00, 0x00, 0x00, 0x00, 0x00, 0x06, 0x92, 0x00,
    0x00, 0x00, 0x00, 0x00, 0x00, 0x00, 0x00, 0x00, 0x00, 0x00, 0x00, 0x1E, 0xFE, 0x70, 0x00, 0x00, 0x00, 0x00, 0x00, 0x00, 0x00, 0x00, 0x00, 0x00,
    0x00, 0x1E, 0xFF, 0xFC, 0x40, 0x00, 0x00, 0x00, 0x00, 0x00, 0x00, 0x00, 0x00, 0x00, 0x00, 0x1E, 0xFC, 0xFF, 0xF9, 0x20, 0x00, 0x00, 0x00, 0x00,
    0x00, 0x00, 0x00, 0x00, 0x00, 0x1E, 0xF4, 0x4C, 0xFF, 0xE6, 0x00, 0x00, 0x00, 0x00, 0x00, 0x00, 0x00, 0x00, 0x00, 0x1E, 0xF5, 0x01, 0x8E, 0xFF,
    0xB3, 0x00, 0x00, 0x00, 0x00, 0x00, 0x00, 0x00, 0x00, 0x1E, 0xF5, 0x00, 0x03, 0xBF, 0xFF, 0x81, 0x00, 0x00, 0x00, 0x00, 0x00, 0x00, 0x00, 0x1E,
    0xF5, 0x00, 0x00, 0x05, 0xDF, 0xFD, 0x50, 0x00, 0x00, 0x00, 0x00, 0x00, 0x00, 0x1E, 0xF5, 0x00, 0x00, 0x00, 0x19, 0xFF, 0xFA, 0x20, 0x00, 0x00,
    0x00, 0x00, 0x00, 0x1E, 0xF5, 0x00, 0x00, 0x00, 0x00, 0x3C, 0xFF, 0xE7, 0x00, 0x00, 0x00, 0x00, 0x00, 0x1E, 0xF5, 0x00, 0x00, 0x00, 0x00, 0x00,
    0x7F, 0xFF, 0x60, 0x00, 0x00, 0x00, 0x00, 0x1E, 0xF5, 0x00, 0x00, 0x00, 0x00, 0x04, 0xBF, 0xFE, 0x40, 0x00, 0x00, 0x00, 0x00, 0x1E, 0xF5, 0x00,
    0x00, 0x00, 0x01, 0x9F, 0xFF, 0xA2, 0x00, 0x00, 0x00, 0x00, 0x00, 0x1E, 0xF5, 0x00, 0x00, 0x00, 0x6D, 0xFF, 0xC5, 0x00, 0x00, 0x00, 0x00, 0x00,
    0x00, 0x1E, 0xF5, 0x00, 0x00, 0x3B, 0xFF, 0xE8, 0x10, 0x00, 0x00, 0x00, 0x00, 0x00, 0x00, 0x1E, 0xF5, 0x00, 0x18, 0xEF, 0xFB, 0x30, 0x00, 0x00,
    0x00, 0x00, 0x00, 0x00, 0x00, 0x1E, 0xF4, 0x05, 0xCF, 0xFD, 0x60, 0x00, 0x00, 0x00, 0x00, 0x00, 0x00, 0x00, 0x00, 0x1E, 0xF7, 0x9F, 0xFF, 0x91,
    0x00, 0x00, 0x00, 0x00, 0x00, 0x00, 0x00, 0x00, 0x00, 0x1E, 0xFF, 0xFF, 0xC4, 0x00, 0x00, 0x00, 0x00, 0x00, 0x00, 0x00, 0x00, 0x00, 0x00, 0x1E,
    0xFF, 0xE7, 0x00, 0x00, 0x00, 0x00, 0x00, 0x00, 0x00, 0x00, 0x00, 0x00, 0x00, 0x0D, 0xFA, 0x20, 0x00, 0x00, 0x00, 0x00, 0x00, 0x00, 0x00, 0x00,
    0x00, 0x00, 0x00, 0x02, 0x40, 0x00, 0x00, 0x00, 0x00, 0x00, 0x00, 0x00, 0x00, 0x00, 0x00, 0x00, 0x00, 0x00, 0x00, 0x00, 0x00, 0x00, 0x00, 0x00,
    0x00, 0x00, 0x00, 0x00, 0x00, 0x00, 0x00, 0x00, 0x00, 0x00, 0x00, 0x00, 0x00, 0x00, 0x00, 0x00, 0x00, 0x00, 0x00, 0x00, 0x00, 0x00, 0x00, 0x00,
    0x00, 0x00, 0x00, 0x00, 0x00, 0x00, 0x00, 0x00, 0x00, 0x00, 0x00, 0x00, 0x00, 0x00, 0x00, 0x00, 0x00, 0x00, 0x00, 0x00, 0x00, 0x00, 0x00, 0x00,
    0x00, 0x00, 0x00, 0x00, 0x32, 0x00, 0x00, 0x00, 0x00, 0x00, 0x00, 0x00, 0x00, 0x00, 0x00, 0x00, 0x00, 0x03, 0xFE, 0x20, 0x00, 0x00, 0x00, 0x00,
    0x00, 0x00, 0x00, 0x00, 0x00, 0x00, 0x00, 0x06, 0xFF, 0xB0, 0x00, 0x00, 0x00, 0x00, 0x00, 0x00, 0x00, 0x00, 0x00, 0x00, 0x00, 0x08, 0xFF, 0xF4,
    0x00, 0x00, 0x00, 0x00, 0x00, 0x00, 0x00, 0x00, 0x00, 0x00, 0x00, 0x0C, 0xFF, 0xFA, 0x00, 0x00, 0x00, 0x00, 0x00, 0x00, 0x00, 0x00, 0x00, 0x00,
    0x00, 0x5F, 0xEB, 0xFE, 0x10, 0x00, 0x00, 0x00, 0x00, 0x00, 0x00, 0x00, 0x00, 0x00, 0x02, 0xDF, 0xB3, 0xFF, 0x30, 0x00, 0x00, 0x00, 0x00, 0x00,
    0x00, 0x00, 0x00, 0x00, 0x1C, 0xFF, 0x30, 0xEF, 0x50, 0x00, 0x00, 0x00, 0x00, 0x00, 0x00, 0x00, 0x00, 0x01, 0xCF, 0xF6, 0x01, 0xDF, 0x60, 0x26,
    0x10, 0x00, 0x00, 0x00, 0x00, 0x00, 0x00, 0x0B, 0xFF, 0x70, 0x02, 0xEF, 0x50, 0xCF, 0xB0, 0x00, 0x00, 0x00, 0x00, 0x00, 0x00, 0x9F, 0xF7, 0x00,
    0x05, 0xFF, 0x17, 0xFF, 0xF7, 0x00, 0x00, 0x00, 0x00, 0x00, 0x03, 0xFF, 0x80, 0x00, 0x1C, 0xFB, 0x6F, 0xFE, 0xFE, 0x10, 0x00, 0x00, 0x00, 0x00,
    0x0A, 0xFD, 0x00, 0x00, 0x2F, 0xFE, 0xFF, 0xC3, 0xEF, 0x70, 0x00, 0x00, 0x00, 0x00, 0x1E, 0xF7, 0x00, 0x00, 0x06, 0xEF, 0xFA, 0x10, 0xAF, 0xC0,
    0x00, 0x00, 0x00, 0x00, 0x3F, 0xF3, 0x00, 0x00, 0x00, 0x14, 0x30, 0x00, 0x4F, 0xF2, 0x00, 0x00, 0x00, 0x00, 0x5F, 0xE1, 0x00, 0x00, 0x00, 0x00,
    0x00, 0x00, 0x2E, 0xF4, 0x00, 0x00, 0x00, 0x00, 0x5F, 0xE1, 0x00, 0x00, 0x00, 0x00, 0x00, 0x00, 0x1E, 0xF5, 0x00, 0x00, 0x00, 0x00, 0x3F, 0xF2,
    0x00, 0x00, 0x00, 0x00, 0x00, 0x00, 0x2F, 0xF4, 0x00, 0x00, 0x00, 0x00, 0x1E, 0xF6, 0x00, 0x00, 0x00, 0x00, 0x00, 0x00, 0x6F, 0xE1, 0x00, 0x00,
    0x00, 0x00, 0x0A, 0xFD, 0x00, 0x00, 0x00, 0x00, 0x00, 0x00, 0xDF, 0xA0, 0x00, 0x00, 0x00, 0x00, 0x03, 0xFF, 0x90, 0x00, 0x00, 0x00, 0x00, 0x09,
    0xFF, 0x30, 0x00, 0x00, 0x00, 0x00, 0x00, 0x8F, 0xFA, 0x10, 0x00, 0x00, 0x01, 0xAF, 0xF8, 0x00, 0x00, 0x00, 0x00, 0x00, 0x00, 0x0A, 0xFF, 0xE8,
    0x42, 0x24, 0x8E, 0xFF, 0xA0, 0x00, 0x00, 0x00, 0x00, 0x00, 0x00, 0x00, 0x7E, 0xFF, 0xFF, 0xFF, 0xFF, 0xE7, 0x00, 0x00, 0x00, 0x00, 0x00, 0x00,
    0x00, 0x00, 0x02, 0x8D, 0xFF, 0xFF, 0xD8, 0x20, 0x00, 0x00, 0x00, 0x00, 0x00, 0x00, 0x00, 0x00, 0x00, 0x00, 0x23, 0x32, 0x00, 0x00, 0x00, 0x00,
    0x00, 0x00, 0x00, 0x00, 0x00, 0x00, 0x00, 0x00, 0x00, 0x00, 0x00, 0x00, 0x00, 0x00, 0x00, 0x00, 0x00, 0x00, 0x00, 0x00, 0x00, 0x00, 0x00, 0x00,
    0x00, 0x00, 0x00, 0x00, 0x00, 0x00, 0x00, 0x00, 0x00, 0x00, 0x00, 0x00, 0x00, 0x00, 0x00, 0x00, 0x00, 0x00, 0x00, 0x00, 0x00, 0x00, 0x00, 0x6B,
    0xBB, 0xBB, 0xBB, 0xBB, 0xB3, 0x00, 0x00, 0x00, 0x00, 0x00, 0x00, 0x00, 0x08, 0xFF, 0xFF, 0xFF, 0xFF, 0xFF, 0xFE, 0x30, 0x00, 0x00, 0x00, 0x00,
    0x00, 0x00, 0x2F, 0xFB, 0x77, 0x77, 0x77, 0x7D, 0xFF, 0xE3, 0x00, 0x00, 0x00, 0x00, 0x00, 0x00, 0x5F, 0xE1, 0x00, 0x00, 0x00, 0x0C, 0xFF, 0xFE,
    0x30, 0x00, 0x00, 0x00, 0x00, 0x00, 0x5F, 0xE1, 0x00, 0x00, 0x00, 0x0C, 0xFA, 0xDF, 0xE3, 0x00, 0x00, 0x00, 0x00, 0x00, 0x5F, 0xE1, 0x00, 0x00,
    0x00, 0x0C, 0xF7, 0x3E, 0xFE, 0x30, 0x00, 0x00, 0x00, 0x00, 0x5F, 0xE1, 0x00, 0x00, 0x00, 0x0B, 0xFE, 0xEE, 0xFF, 0xE2, 0x00, 0x00, 0x00, 0x00,
    0x5F, 0xE1, 0x00, 0x00, 0x00, 0x04, 0xEF, 0xFF, 0xFF, 0xF5, 0x00, 0x00, 0x00, 0x00, 0x5F, 0xE1, 0x00, 0x00, 0x00, 0x00, 0x24, 0x55, 0x5E, 0xF5,
    0x00, 0x00, 0x00, 0x00, 0x5F, 0xE1, 0x00, 0x00, 0x00, 0x00, 0x00, 0x00, 0x0E, 0xF5, 0x00, 0x00, 0x00, 0x00, 0x5F, 0xE1, 0x00, 0x00, 0x00, 0x00,
    0x00, 0x00, 0x1E, 0xF5, 0x00, 0x00, 0x00, 0x00, 0x5F, 0xE1, 0x00, 0x00, 0x00, 0x00, 0x00, 0x00, 0x1E, 0xF5, 0x00, 0x00, 0x00, 0x00, 0x5F, 0xE1,
    0x00, 0x00, 0x00, 0x00, 0x00, 0x00, 0x1E, 0xF5, 0x00, 0x00, 0x00, 0x00, 0x5F, 0xE1, 0x00, 0x00, 0x00, 0x00, 0x00, 0x00, 0x1E, 0xF5, 0x00, 0x00,
    0x00, 0x00, 0x5F, 0xE1, 0x00, 0x00, 0x00, 0x00, 0x00, 0x00, 0x1E, 0xF5, 0x00, 0x00, 0x00, 0x00, 0x5F, 0xE1, 0x00, 0x00, 0x00, 0x00, 0x00, 0x00,
    0x1E, 0xF5, 0x00, 0x00, 0x00, 0x00, 0x5F, 0xE1, 0x00, 0x00, 0x00, 0x00, 0x00, 0x00, 0x1E, 0xF5, 0x00, 0x00, 0x00, 0x00, 0x5F, 0xE1, 0x00, 0x00,
    0x00, 0x00, 0x00, 0x00, 0x1E, 0xF5, 0x00, 0x00, 0x00, 0x00, 0x5F, 0xE1, 0x00, 0x00, 0x00, 0x00, 0x00, 0x00, 0x1E, 0xF5, 0x00, 0x00, 0x00, 0x00,
    0x5F, 0xE1, 0x00, 0x00, 0x00, 0x00, 0x00, 0x00, 0x1E, 0xF5, 0x00, 0x00, 0x00, 0x00, 0x4F, 0xF3, 0x00, 0x00, 0x00, 0x00, 0x00, 0x00, 0x3F, 0xF4,
    0x00, 0x00, 0x00, 0x00, 0x1E, 0xFE, 0xCC, 0xCC, 0xCC, 0xCC, 0xCC, 0xCC, 0xEF, 0xE1, 0x00, 0x00, 0x00, 0x00, 0x05, 0xEF, 0xFF, 0xFF, 0xFF, 0xFF,
    0xFF, 0xFF, 0xFE, 0x40, 0x00, 0x00, 0x00, 0x00, 0x00, 0x27, 0x88, 0x88, 0x88, 0x88, 0x88, 0x88, 0x62, 0x00, 0x00, 0x00, 0x00, 0x00, 0x00, 0x00,
    0x00, 0x00, 0x00, 0x00, 0x00, 0x00, 0x00, 0x00, 0x00, 0x00, 0x00, 0x00, 0x00, 0x00, 0x00, 0x00, 0x00, 0x00, 0x00, 0x00, 0x00, 0x00, 0x00, 0x00,
    0x00, 0x00, 0x00, 0x00, 0x00, 0x00, 0x00, 0x00, 0x00, 0x00, 0x00, 0x00, 0x00, 0x00, 0x00, 0x00, 0x00, 0x00, 0x00, 0x00, 0x00, 0x00, 0x00, 0x00,
    0x00, 0x00, 0x00, 0x00, 0x00, 0x00, 0x00, 0x00, 0x00, 0x36, 0x8A, 0xA9, 0x63, 0x00, 0x00, 0x00, 0x00, 0x00, 0x00, 0x00, 0x00, 0x00, 0x5B, 0xFF,
    0xFF, 0xFF, 0xFF, 0xB5, 0x00, 0x00, 0x00, 0x00, 0x00, 0x00, 0x00, 0x1A, 0xFF, 0xFE, 0xCB, 0xBC, 0xEF, 0xFF, 0xA1, 0x00, 0x00, 0x00, 0x00, 0x00,
    0x02, 0xDF, 0xFD, 0x62, 0x00, 0x00, 0x26, 0xCF, 0xFD, 0x20, 0x00, 0x00, 0x00, 0x00, 0x1D, 0xFF, 0x81, 0x00, 0x00, 0x00, 0x00, 0x07, 0xFF, 0xD1,
    0x00, 0x00, 0x00, 0x00, 0xAF, 0xF6, 0x00, 0x00, 0x00, 0x00, 0x00, 0x00, 0x6F, 0xFA, 0x00, 0x00, 0x00, 0x04, 0xFF, 0x70, 0x00, 0x00, 0x00, 0x00,
    0x00, 0x00, 0x08, 0xFF, 0x40, 0x00, 0x00, 0x0B, 0xFC, 0x00, 0x00, 0x00, 0x00, 0x00, 0x00, 0x00, 0x00, 0xCF, 0xB0, 0x00, 0x00, 0x2F, 0xF5, 0x00,
    0x00, 0x00, 0x00, 0x00, 0x16, 0x10, 0x00, 0x6F, 0xF2, 0x00, 0x00, 0x6F, 0xE1, 0x00, 0x00, 0x00, 0x00, 0x01, 0xCF, 0x90, 0x00, 0x1E, 0xF6, 0x00,
    0x00, 0x8F, 0xB0, 0x00, 0x00, 0x20, 0x00, 0x2C, 0xFF, 0x50, 0x00, 0x0C, 0xF8, 0x00, 0x00, 0x9F, 0xA0, 0x00, 0x07, 0xE8, 0x01, 0xCF, 0xF6, 0x00,
    0x00, 0x0A, 0xF9, 0x00, 0x00, 0x9F, 0xA0, 0x00, 0x08, 0xFF, 0x9C, 0xFF, 0x60, 0x00, 0x00, 0x0A, 0xF9, 0x00, 0x00, 0x8F, 0xB0, 0x00, 0x00, 0xAF,
    0xFF, 0xF6, 0x00, 0x00, 0x00, 0x0B, 0xF8, 0x00, 0x00, 0x6F, 0xE1, 0x00, 0x00, 0x0A, 0xFF, 0x60, 0x00, 0x00, 0x00, 0x1E, 0xF6, 0x00, 0x00, 0x2F,
    0xF5, 0x00, 0x00, 0x00, 0x75, 0x00, 0x00, 0x00, 0x00, 0x5F, 0xE2, 0x00, 0x00, 0x0B, 0xFC, 0x00, 0x00, 0x00, 0x00, 0x00, 0x00, 0x00, 0x00, 0xBF,
    0xB0, 0x00, 0x00, 0x04, 0xFF, 0x70, 0x00, 0x00, 0x00, 0x00, 0x00, 0x00, 0x06, 0xFF, 0x40, 0x00, 0x00, 0x00, 0xAF, 0xF5, 0x00, 0x00, 0x00, 0x00,
    0x00, 0x00, 0x5F, 0xFA, 0x00, 0x00, 0x00, 0x00, 0x1C, 0xFF, 0x60, 0x00, 0x00, 0x00, 0x00, 0x07, 0xFF, 0xC1, 0x00, 0x00, 0x00, 0x00, 0x02, 0xCF,
    0xFB, 0x51, 0x00, 0x00, 0x15, 0xBF, 0xFC, 0x20, 0x00, 0x00, 0x00, 0x00, 0x00, 0x1A, 0xFF, 0xFD, 0xB9, 0x9B, 0xDF, 0xFF, 0xA1, 0x00, 0x00, 0x00,
    0x00, 0x00, 0x00, 0x00, 0x4B, 0xFF, 0xFF, 0xFF, 0xFE, 0xB4, 0x00, 0x00, 0x00, 0x00, 0x00, 0x00, 0x00, 0x00, 0x00, 0x26, 0x89, 0x98, 0x52, 0x00,
    0x00, 0x00, 0x00, 0x00, 0x00, 0x00, 0x00, 0x00, 0x00, 0x00, 0x00, 0x00, 0x00, 0x00, 0x00, 0x00, 0x00, 0x00, 0x00, 0x00, 0x00, 0x00, 0x00, 0x00,
    0x00, 0x00, 0x00, 0x00, 0x00, 0x00, 0x00, 0x00, 0x00, 0x00, 0x00, 0x00, 0x00, 0x00, 0x00, 0x00, 0x00, 0x00, 0x00, 0x00, 0x00, 0x00, 0x00, 0x00,
    0x00, 0x00, 0x00, 0x00, 0x00, 0x00, 0x00, 0x00, 0x00, 0x00, 0x00, 0x00, 0x00, 0x00, 0x00, 0x00, 0x00, 0x00, 0x37, 0x72, 0x00, 0x00, 0x00, 0x00,
    0x00, 0x00, 0x00, 0x00, 0x00, 0x00, 0x00, 0x07, 0xFF, 0xFE, 0x50, 0x00, 0x00, 0x00, 0x00, 0x00, 0x00, 0x00, 0x00, 0x00, 0x00, 0x3F, 0xFD, 0xDF,
    0xE2, 0x00, 0x00, 0x00, 0x00, 0x00, 0x00, 0x00, 0x00, 0x00, 0x00, 0xCF, 0xE2, 0x2E, 0xFA, 0x00, 0x00, 0x00, 0x00, 0x00, 0x00, 0x00, 0x00, 0x00,
    0x06, 0xFF, 0x60, 0x06, 0xFF, 0x40, 0x00, 0x00, 0x00, 0x00, 0x00, 0x00, 0x00, 0x00, 0x1E, 0xFC, 0x00, 0x00, 0xCF, 0xC0, 0x00, 0x00, 0x00, 0x00,
    0x00, 0x00, 0x00, 0x00, 0x9F, 0xF3, 0x00, 0x00, 0x3F, 0xF7, 0x00, 0x00, 0x00, 0x00, 0x00, 0x00, 0x00, 0x03, 0xFF, 0x90, 0x01, 0x10, 0x09, 0xFE,
    0x20, 0x00, 0x00, 0x00, 0x00, 0x00, 0x00, 0x0C, 0xFE, 0x10, 0x2E, 0xC1, 0x01, 0xEF, 0xA0, 0x00, 0x00, 0x00, 0x00, 0x00, 0x00, 0x6F, 0xF6, 0x00,
    0x4F, 0xF2, 0x00, 0x6F, 0xF4, 0x00, 0x00, 0x00, 0x00, 0x00, 0x01, 0xEF, 0xC0, 0x00, 0x4F, 0xF2, 0x00, 0x0C, 0xFC, 0x00, 0x00, 0x00, 0x00, 0x00,
    0x09, 0xFF, 0x30, 0x00, 0x4F, 0xF2, 0x00, 0x03, 0xFF, 0x70, 0x00, 0x00, 0x00, 0x00, 0x3F, 0xF9, 0x00, 0x00, 0x4F, 0xE2, 0x00, 0x00, 0x9F, 0xE2,
    0x00, 0x00, 0x00, 0x00, 0xCF, 0xE1, 0x00, 0x00, 0x4F, 0xF2, 0x00, 0x00, 0x1E, 0xFA, 0x00, 0x00, 0x00, 0x06, 0xFF, 0x60, 0x00, 0x00, 0x1B, 0xA0,
    0x00, 0x00, 0x06, 0xFF, 0x40, 0x00, 0x00, 0x1E, 0xFC, 0x00, 0x00, 0x00, 0x00, 0x00, 0x00, 0x00, 0x00, 0xCF, 0xC0, 0x00, 0x00, 0x9F, 0xF3, 0x00,
    0x00, 0x00, 0x1B, 0xC1, 0x00, 0x00, 0x00, 0x3F, 0xF7, 0x00, 0x03, 0xFF, 0x90, 0x00, 0x00, 0x00, 0x2F, 0xF2, 0x00, 0x00, 0x00, 0x09, 0xFE, 0x20,
    0x0A, 0xFD, 0x20, 0x00, 0x00, 0x00, 0x04, 0x40, 0x00, 0x00, 0x00, 0x02, 0xDF, 0x80, 0x0C, 0xF8, 0x00, 0x00, 0x00, 0x00, 0x00, 0x00, 0x00, 0x00,
    0x00, 0x00, 0x8F, 0xB0, 0x0B, 0xFC, 0x54, 0x55, 0x55, 0x55, 0x55, 0x55, 0x55, 0x55, 0x55, 0x45, 0xCF, 0x90, 0x05, 0xFF, 0xFF, 0xFF, 0xFF, 0xFF,
    0xFF, 0xFF, 0xFF, 0xFF, 0xFF, 0xFF, 0xFF, 0x30, 0x00, 0x6D, 0xEE, 0xEE, 0xEE, 0xEE, 0xEE, 0xEE, 0xEE, 0xEE, 0xEE, 0xEE, 0xC4, 0x00, 0x00, 0x00,
    0x12, 0x22, 0x22, 0x22, 0x22, 0x22, 0x22, 0x22, 0x22, 0x21, 0x00, 0x00, 0x00, 0x00, 0x00, 0x00, 0x00, 0x00, 0x00, 0x00, 0x00, 0x00, 0x00, 0x00,
    0x00, 0x00, 0x00, 0x00, 0x00, 0x00, 0x00, 0x00, 0x00, 0x00, 0x00, 0x00, 0x00, 0x00, 0x00, 0x00, 0x00, 0x00, 0x00, 0x00, 0x00, 0x00, 0x00, 0x00,
    0x00, 0x00, 0x00, 0x00, 0x00, 0x00, 0x00, 0x00, 0x00, 0x00, 0x00, 0x00, 0x00, 0x00, 0x00, 0x00, 0x00, 0x00, 0x00, 0x00, 0x00, 0x00, 0x00, 0x00,
    0x00, 0x00, 0x00, 0x00, 0x00, 0x00, 0x00, 0x00, 0x00, 0x00, 0x00, 0x00, 0x00, 0x03, 0x44, 0x44, 0x44, 0x44, 0x44, 0x44, 0x30, 0x00, 0x00, 0x00,
    0x00, 0x00, 0x02, 0xCF, 0xFF, 0xFF, 0xFF, 0xFF, 0xFF, 0xFF, 0xFC, 0x20, 0x00, 0x00, 0x00, 0x00, 0x1C, 0xFF, 0xEE, 0xEE, 0xEE, 0xEE, 0xEE, 0xEE,
    0xFF, 0xC0, 0x00, 0x00, 0x00, 0x00, 0x4F, 0xF6, 0x12, 0x22, 0x22, 0x22, 0x22, 0x21, 0x6F, 0xF4, 0x00, 0x00, 0x00, 0x00, 0x5F, 0xE0, 0x00, 0x00,
    0x00, 0x00, 0x00, 0x00, 0x0E, 0xF5, 0x00, 0x00, 0x00, 0x00, 0x5F, 0xE1, 0x00, 0x00, 0x00, 0x00, 0x00, 0x00, 0x1E, 0xF5, 0x00, 0x00, 0x00, 0x00,
    0x5F, 0xE1, 0x00, 0x00, 0x00, 0x00, 0x00, 0x00, 0x1E, 0xF5, 0x00, 0x00, 0x00, 0x00, 0x5F, 0xE1, 0x00, 0x00, 0x00, 0x00, 0x00, 0x00, 0x1E, 0xF5,
    0x00, 0x00, 0x00, 0x00, 0x5F, 0xE1, 0x00, 0x00, 0x00, 0x00, 0x00, 0x00, 0x1E, 0xF5, 0x00, 0x00, 0x00, 0x00, 0x5F, 0xE1, 0x00, 0x00, 0x00, 0x00,
    0x00, 0x00, 0x1E, 0xF5, 0x00, 0x00, 0x00, 0x00, 0x5F, 0xE1, 0x00, 0x00, 0x00, 0x00, 0x00, 0x00, 0x1E, 0xF5, 0x00, 0x00, 0x00, 0x00, 0x5F, 0xE1,
    0x00, 0x00, 0x00, 0x00, 0x00, 0x00, 0x1E, 0xF5, 0x00, 0x00, 0x00, 0x00, 0x5F, 0xE1, 0x00, 0x00, 0x00, 0x00, 0x00, 0x00, 0x1E, 0xF5, 0x00, 0x00,
    0x00, 0x00, 0x5F, 0xE1, 0x00, 0x00, 0x00, 0x00, 0x00, 0x00, 0x1E, 0xF5, 0x00, 0x00, 0x00, 0x00, 0x5F, 0xE1, 0x00, 0x00, 0x00, 0x00, 0x00, 0x00,
    0x1E, 0xF5, 0x00, 0x00, 0x00, 0x00, 0x5F, 0xE0, 0x00, 0x00, 0x00, 0x00, 0x00, 0x00, 0x0E, 0xF5, 0x00, 0x00, 0x00, 0x00, 0x4F, 0xF5, 0x11, 0x11,
    0x11, 0x11, 0x11, 0x11, 0x5F, 0xF4, 0x00, 0x00, 0x00, 0x00, 0x1D, 0xFF, 0xEE, 0xEE, 0xEE, 0xEE, 0xEE, 0xEE, 0xFF, 0xD1, 0x00, 0x00, 0x00, 0x00,
    0x03, 0xCF, 0xFF, 0xFF, 0xFF, 0xFF, 0xFF, 0xFF, 0xFC, 0x30, 0x00, 0x00, 0x00, 0x00, 0x00, 0x04, 0x55, 0x55, 0x55, 0x55, 0x55, 0x55, 0x40, 0x00,
    0x00, 0x00, 0x00, 0x00, 0x00, 0x00, 0x00, 0x00, 0x00, 0x00, 0x00, 0x00, 0x00, 0x00, 0x00, 0x00, 0x00, 0x00, 0x00, 0x00, 0x00, 0x00, 0x00, 0x00,
    0x00, 0x00, 0x00, 0x00, 0x00, 0x00, 0x00, 0x00, 0x00, 0x00, 0x00, 0x00, 0x00, 0x00, 0x00, 0x00, 0x00, 0x00, 0x00, 0x00, 0x00, 0x00, 0x00, 0x00,
    0x00, 0x00, 0x00, 0x00, 0x00, 0x00, 0x00, 0x00, 0x00, 0x00, 0x00, 0x00, 0x00, 0x00, 0x00, 0x00, 0x00, 0x00, 0x00, 0x00, 0x00, 0x00, 0x00, 0x00,
    0x00, 0x00, 0x00, 0x00, 0x00, 0x00, 0x00, 0x00, 0x00, 0x00, 0x00, 0x00, 0x00, 0x00, 0x00, 0x00, 0x00, 0x00, 0x00, 0x00, 0x00, 0x00, 0x00, 0x00,
    0x00, 0x00, 0x00, 0x00, 0x00, 0x00, 0x00, 0x00, 0x00, 0x36, 0x9A, 0xA8, 0x62, 0x00, 0x00, 0x00, 0x00, 0x00, 0x00, 0x00, 0x00, 0x00, 0x5B, 0xFF,
    0xFF, 0xFF, 0xFF, 0xB4, 0x00, 0x00, 0x00, 0x00, 0x00, 0x00, 0x00, 0x2B, 0xFF, 0xFE, 0xCB, 0xBC, 0xEF, 0xFF, 0x91, 0x00, 0x00, 0x00, 0x00, 0x00,
    0x03, 0xDF, 0xFD, 0x62, 0x00, 0x00, 0x26, 0xCF, 0xFC, 0x10, 0x00, 0x00, 0x00, 0x00, 0x2D, 0xFF, 0x81, 0x00, 0x01, 0x00, 0x00, 0x07, 0xFF, 0xC1,
    0x00, 0x00, 0x00, 0x00, 0xBF, 0xF6, 0x00, 0x00, 0x1D, 0xB1, 0x00, 0x00, 0x6F, 0xF9, 0x00, 0x00, 0x00, 0x05, 0xFF, 0x70, 0x00, 0x00, 0x4F, 0xF2,
    0x00, 0x00, 0x08, 0xFF, 0x30, 0x00, 0x00, 0x0C, 0xFC, 0x00, 0x00, 0x00, 0x4F, 0xE2, 0x00, 0x00, 0x00, 0xCF, 0xA0, 0x00, 0x00, 0x3F, 0xF5, 0x00,
    0x00, 0x00, 0x4F, 0xF2, 0x00, 0x00, 0x00, 0x5F, 0xE2, 0x00, 0x00, 0x7F, 0xE1, 0x00, 0x00, 0x00, 0x4F, 0xF2, 0x00, 0x00, 0x00, 0x1E, 0xF5, 0x00,
    0x00, 0x9F, 0xB0, 0x00, 0x00, 0x00, 0x4F, 0xF2, 0x00, 0x00, 0x00, 0x0C, 0xF7, 0x00, 0x00, 0xBF, 0xA0, 0x00, 0x00, 0x00, 0x4F, 0xF4, 0x00, 0x00,
    0x00, 0x0A, 0xF8, 0x00, 0x00, 0xBF, 0xA0, 0x00, 0x00, 0x00, 0x2E, 0xFD, 0x30, 0x00, 0x00, 0x0A, 0xF8, 0x00, 0x00, 0x9F, 0xB0, 0x00, 0x00, 0x00,
    0x04, 0xEF, 0xE3, 0x00, 0x00, 0x0B, 0xF7, 0x00, 0x00, 0x7F, 0xE1, 0x00, 0x00, 0x00, 0x00, 0x4E, 0xFD, 0x30, 0x00, 0x1E, 0xF4, 0x00, 0x00, 0x3F,
    0xF5, 0x00, 0x00, 0x00, 0x00, 0x04, 0xEF, 0x90, 0x00, 0x5F, 0xE1, 0x00, 0x00, 0x0C, 0xFC, 0x00, 0x00, 0x00, 0x00, 0x00, 0x39, 0x20, 0x00, 0xBF,
    0xA0, 0x00, 0x00, 0x05, 0xFF, 0x70, 0x00, 0x00, 0x00, 0x00, 0x00, 0x00, 0x06, 0xFF, 0x30, 0x00, 0x00, 0x00, 0xBF, 0xF5, 0x00, 0x00, 0x00, 0x00,
    0x00, 0x00, 0x5F, 0xF9, 0x00, 0x00, 0x00, 0x00, 0x2D, 0xFF, 0x60, 0x00, 0x00, 0x00, 0x00, 0x07, 0xFF, 0xC1, 0x00, 0x00, 0x00, 0x00, 0x02, 0xDF,
    0xFB, 0x51, 0x00, 0x00, 0x15, 0xBF, 0xFC, 0x10, 0x00, 0x00, 0x00, 0x00, 0x00, 0x1A, 0xFF, 0xFD, 0xB9, 0x9B, 0xDF, 0xFF, 0x91, 0x00, 0x00, 0x00,
    0x00, 0x00, 0x00, 0x00, 0x5B, 0xFF, 0xFF, 0xFF, 0xFE, 0xA4, 0x00, 0x00, 0x00, 0x00, 0x00, 0x00, 0x00, 0x00, 0x00, 0x36, 0x89, 0x98, 0x52, 0x00,
    0x00, 0x00, 0x00, 0x00, 0x00, 0x00, 0x00, 0x00, 0x00, 0x00, 0x00, 0x00, 0x00, 0x00, 0x00, 0x00, 0x00, 0x00, 0x00, 0x00, 0x00, 0x00, 0x00, 0x00,
    0x00, 0x00, 0x00, 0x00, 0x00, 0x00, 0x00, 0x00, 0x00, 0x00, 0x00, 0x00, 0x00, 0x00, 0x00, 0x00, 0x00, 0x00, 0x00, 0x00, 0x00, 0x00, 0x00, 0x00,
    0x00, 0x00, 0x00, 0x00, 0x00, 0x00, 0x00, 0x00, 0x00, 0x00, 0x00, 0x00, 0x00, 0x00, 0x00, 0x02, 0x79, 0x99, 0x99, 0x99, 0x99, 0x97, 0x10, 0x00,
    0x00, 0x00, 0x00, 0x00, 0x00, 0x4E, 0xFF, 0xFF, 0xFF, 0xFF, 0xFF, 0xFF, 0xE3, 0x00, 0x00, 0x00, 0x00, 0x00, 0x01, 0xDF, 0xDB, 0xBB, 0xBB, 0xBB,
    0xBB, 0xBE, 0xFC, 0x00, 0x00, 0x00, 0x00, 0x00, 0x03, 0xFF, 0x40, 0x00, 0x00, 0x00, 0x00, 0x06, 0xFE, 0x20, 0x00, 0x00, 0x00, 0x00, 0x04, 0xFF,
    0x20, 0x00, 0x00, 0x00, 0x00, 0x04, 0xFF, 0x20, 0x00, 0x00, 0x00, 0x00, 0x04, 0xFF, 0x20, 0x00, 0x00, 0x00, 0x00, 0x04, 0xFF, 0x20, 0x00, 0x00,
    0x00, 0x00, 0x04, 0xFF, 0x20, 0x00, 0x00, 0x00, 0x00, 0x04, 0xFF, 0x20, 0x00, 0x00, 0x00, 0x00, 0x04, 0xFF, 0x20, 0x00, 0x00, 0x00, 0x00, 0x04,
    0xFF, 0x20, 0x00, 0x00, 0x00, 0x00, 0x04, 0xFF, 0x20, 0x00, 0x00, 0x00, 0x00, 0x04, 0xFF, 0x20, 0x00, 0x00, 0x00, 0x00, 0x04, 0xFF, 0x20, 0x00,
    0x00, 0x00, 0x00, 0x04, 0xFF, 0x20, 0x00, 0x00, 0x00, 0x00, 0x04, 0xFF, 0x20, 0x00, 0x00, 0x00, 0x20, 0x04, 0xFF, 0x20, 0x00, 0x00, 0x00, 0x00,
    0x04, 0xFF, 0x20, 0x00, 0x00, 0x09, 0xE5, 0x04, 0xFF, 0x20, 0x00, 0x00, 0x00, 0x00, 0x04, 0xFF, 0x20, 0x00, 0x00, 0x0A, 0xF5, 0x04, 0xFF, 0x20,
    0x00, 0x00, 0x00, 0x00, 0x04, 0xFF, 0x20, 0x00, 0x00, 0x01, 0x30, 0x04, 0xFF, 0x20, 0x00, 0x00, 0x00, 0x00, 0x04, 0xFF, 0x20, 0x00, 0x00, 0x00,
    0x00, 0x04, 0xFF, 0x20, 0x00, 0x00, 0x00, 0x00, 0x04, 0xFF, 0x20, 0x00, 0x00, 0x00, 0x00, 0x04, 0xFF, 0x20, 0x00, 0x00, 0x00, 0x00, 0x04, 0xFF,
    0x20, 0x00, 0x00, 0x00, 0x00, 0x04, 0xFF, 0x20, 0x00, 0x00, 0x00, 0x00, 0x04, 0xFF, 0x20, 0x00, 0x00, 0x00, 0x00, 0x04, 0xFF, 0x20, 0x00, 0x00,
    0x00, 0x00, 0x04, 0xFF, 0x20, 0x00, 0x00, 0x00, 0x00, 0x04, 0xFF, 0x20, 0x00, 0x00, 0x00, 0x00, 0x04, 0xFF, 0x20, 0x00, 0x00, 0x00, 0x00, 0x04,
    0xFF, 0x20, 0x00, 0x00, 0x00, 0x00, 0x03, 0xFF, 0x10, 0x00, 0x00, 0x00, 0x00, 0x03, 0xFF, 0x10, 0x00, 0x00, 0x00, 0x39, 0x9A, 0xFF, 0xA9, 0x99,
    0x99, 0x99, 0x99, 0x9A, 0xFF, 0xA9, 0x82, 0x00, 0x00, 0xBF, 0xFF, 0xFF, 0xFF, 0xFF, 0xFF, 0xFF, 0xFF, 0xFF, 0xFF, 0xFF, 0xF9, 0x00, 0x00, 0x4B,
    0xBB, 0xBB, 0xBB, 0xBB, 0xBB, 0xBB, 0xBB, 0xBB, 0xBB, 0xBB, 0xA3, 0x00, 0x00, 0x00, 0x00, 0x00, 0x00, 0x00, 0x00, 0x00, 0x00, 0x00, 0x00, 0x00,
    0x00, 0x00, 0x00, 0x00, 0x00, 0x00, 0x00, 0x00, 0x00, 0x00, 0x00, 0x00, 0x00, 0x00, 0x00, 0x00, 0x00, 0x00, 0x00, 0x00, 0x00, 0x00, 0x00, 0x00,
    0x00, 0x00, 0x00, 0x00, 0x00, 0x00, 0x00, 0x00, 0x00, 0x00, 0x00, 0x00, 0x00, 0x00, 0x00, 0x00, 0x00, 0x00, 0x00, 0x00, 0x00, 0x00, 0x00, 0x03,
    0x7A, 0xBA, 0x84, 0x00, 0x00, 0x00, 0x00, 0x00, 0x00, 0x00, 0x00, 0x00, 0x00, 0x6F, 0xFF, 0xFF, 0xFF, 0xB3, 0x00, 0x00, 0x00, 0x00, 0x00, 0x00,
    0x00, 0x00, 0x00, 0x7F, 0xFE, 0x89, 0xDF, 0xFE, 0x40, 0x00, 0x00, 0x00, 0x00, 0x00, 0x00, 0x00, 0x00, 0x09, 0xFF, 0x80, 0x06, 0xEF, 0xE2, 0x00,
    0x00, 0x00, 0x00, 0x00, 0x00, 0x06, 0x70, 0x00, 0x9F, 0xFA, 0x00, 0x3E, 0xFB, 0x00, 0x00, 0x00, 0x00, 0x00, 0x00, 0x3F, 0xF9, 0x00, 0x09, 0xFF,
    0x80, 0x06, 0xFF, 0x30, 0x00, 0x00, 0x00, 0x00, 0x00, 0x7F, 0xFF, 0x90, 0x00, 0xAF, 0xC0, 0x00, 0xDF, 0x80, 0x00, 0x00, 0x00, 0x00, 0x00, 0xAF,
    0xEF, 0xF9, 0x00, 0x6F, 0xC0, 0x00, 0xAF, 0xA0, 0x00, 0x00, 0x00, 0x00, 0x00, 0xBF, 0x88, 0xFF, 0xA7, 0xBF, 0xC0, 0x00, 0x9F, 0xB0, 0x00, 0x00,
    0x00, 0x00, 0x00, 0xAF, 0x90, 0xAF, 0xFF, 0xFF, 0xD0, 0x00, 0xAF, 0xA0, 0x00, 0x00, 0x00, 0x00, 0x00, 0x8F, 0xD0, 0x08, 0xCC, 0xCC, 0x60, 0x01,
    0xDF, 0x60, 0x00, 0x00, 0x00, 0x00, 0x00, 0x4F, 0xF6, 0x00, 0x00, 0x00, 0x00, 0x03, 0xFF, 0x90, 0x00, 0x00, 0x00, 0x00, 0x00, 0x0B, 0xFE, 0x30,
    0x00, 0x00, 0x00, 0x00, 0x9F, 0xF9, 0x00, 0x00, 0x00, 0x00, 0x00, 0x03, 0xEF, 0xE6, 0x10, 0x00, 0x13, 0x00, 0x09, 0xFF, 0x90, 0x00, 0x00, 0x00,
    0x00, 0x00, 0x4E, 0xFF, 0xDA, 0x8A, 0xDF, 0x90, 0x00, 0x9F, 0xF9, 0x00, 0x00, 0x00, 0x00, 0x00, 0x02, 0xBF, 0xFF, 0xFF, 0xFF, 0xF9, 0x00, 0x09,
    0xFF, 0x90, 0x00, 0x00, 0x00, 0x00, 0x00, 0x03, 0x7A, 0xBA, 0x6A, 0xFF, 0x90, 0x00, 0x9F, 0xF9, 0x00, 0x00, 0x00, 0x00, 0x00, 0x00, 0x00, 0x00,
    0x00, 0x9F, 0xF9, 0x00, 0x09, 0xFF, 0x90, 0x00, 0x00, 0x00, 0x00, 0x00, 0x00, 0x00, 0x00, 0x09, 0xFF, 0x90, 0x00, 0x9F, 0xF6, 0x00, 0x00, 0x00,
    0x00, 0x00, 0x00, 0x00, 0x00, 0x00, 0x9F, 0xF9, 0x00, 0x0B, 0xFB, 0x00, 0x00, 0x00, 0x00, 0x00, 0x00, 0x00, 0x00, 0x00, 0x09, 0xFF, 0x90, 0x09,
    0xFB, 0x00, 0x00, 0x00, 0x00, 0x00, 0x00, 0x00, 0x00, 0x00, 0x00, 0x9F, 0xFB, 0x9E, 0xF8, 0x00, 0x00, 0x00, 0x00, 0x00, 0x00, 0x00, 0x00, 0x00,
    0x00, 0x09, 0xFF, 0xFF, 0xC1, 0x00, 0x00, 0x00, 0x00, 0x00, 0x00, 0x00, 0x00, 0x00, 0x00, 0x00, 0x5A, 0xB7, 0x10, 0x00, 0x00, 0x00, 0x00, 0x00,
    0x00, 0x00, 0x00, 0x00, 0x00, 0x00, 0x00, 0x00, 0x00, 0x00, 0x00, 0x00, 0x00, 0x00, 0x00, 0x00, 0x00, 0x00, 0x00, 0x00, 0x00, 0x00, 0x00, 0x00,
    0x00, 0x00, 0x00, 0x00, 0x00, 0x00, 0x00, 0x00, 0x00, 0x00, 0x00, 0x00, 0x00, 0x00, 0x00, 0x00, 0x00, 0x00, 0x00, 0x00, 0x00, 0x00, 0x00, 0x00,
    0x00, 0x00, 0x00, 0x00, 0x00, 0x00, 0x00, 0x00, 0x00, 0x00, 0x00, 0x00, 0x00, 0x00, 0x00, 0x00, 0x00, 0x00, 0x00, 0x00, 0x00, 0x00, 0x00, 0x00,
    0x00, 0x08, 0xBB, 0xBB, 0xBB, 0xBB, 0x40, 0x00, 0x00, 0x00, 0x00, 0x00, 0x00, 0x00, 0x00, 0x0B, 0xFF, 0xFF, 0xFF, 0xFF, 0x70, 0x00, 0x00, 0x00,
    0x00, 0x00, 0x00, 0x00, 0x00, 0x01, 0x55, 0x55, 0x7F, 0xFC, 0x10, 0x00, 0x00, 0x00, 0x00, 0x00, 0x00, 0x00, 0x00, 0x00, 0x00, 0x00, 0xBF, 0xE2,
    0x00, 0x00, 0x00, 0x00, 0x00, 0x00, 0x00, 0x00, 0x00, 0x00, 0x00, 0x09, 0xFF, 0x50, 0x00, 0x00, 0x00, 0x00, 0x00, 0x00, 0x00, 0x00, 0x00, 0x00,
    0x00, 0x6F, 0xF9, 0x00, 0x00, 0x00, 0x00, 0x00, 0x00, 0x00, 0x00, 0x00, 0x00, 0x00, 0x02, 0xEF, 0xC0, 0x00, 0x00, 0x00, 0x00, 0x00, 0x00, 0x00,
    0x00, 0x00, 0x00, 0x00, 0x0C, 0xFE, 0x20, 0x00, 0x00, 0x00, 0x00, 0x00, 0x00, 0x00, 0x00, 0x00, 0x00, 0x00, 0x9F, 0xE4, 0x00, 0x00, 0x00, 0x00,
    0x00, 0x01, 0x89, 0x99, 0x99, 0x99, 0x40, 0x05, 0xFF, 0xE8, 0x99, 0x98, 0x10, 0x00, 0x00, 0x07, 0xFF, 0xFF, 0xFF, 0xFF, 0xC0, 0x0D, 0xFF, 0xFF,
    0xFF, 0xFF, 0x70, 0x00, 0x00, 0x02, 0xAB, 0xBB, 0xBE, 0xFF, 0x60, 0x05, 0xBB, 0xBB, 0xBB, 0xBA, 0x20, 0x00, 0x00, 0x00, 0x00, 0x00, 0x3E, 0xFA,
    0x00, 0x00, 0x00, 0x00, 0x00, 0x00, 0x00, 0x00, 0x00, 0x00, 0x00, 0x02, 0xEF, 0xD1, 0x00, 0x00, 0x00, 0x00, 0x00, 0x00, 0x00, 0x00, 0x00, 0x00,
    0x00, 0x0B, 0xFF, 0x30, 0x00, 0x00, 0x00, 0x00, 0x00, 0x00, 0x00, 0x00, 0x00, 0x00, 0x00, 0x8F, 0xF6, 0x00, 0x00, 0x00, 0x00, 0x00, 0x00, 0x00,
    0x00, 0x00, 0x00, 0x00, 0x04, 0xFF, 0xA0, 0x00, 0x00, 0x00, 0x00, 0x00, 0x00, 0x00, 0x00, 0x00, 0x00, 0x00, 0x2E, 0xFC, 0x00, 0x00, 0x00, 0x00,
    0x00, 0x00, 0x00, 0x00, 0x00, 0x00, 0x00, 0x00, 0xBF, 0xF7, 0x44, 0x44, 0x10, 0x00, 0x00, 0x00, 0x00, 0x00, 0x00, 0x00, 0x00, 0x06, 0xFF, 0xFF,
    0xFF, 0xFF, 0xB0, 0x00, 0x00, 0x00, 0x00, 0x00, 0x00, 0x00, 0x00, 0x04, 0xEE, 0xEE, 0xEE, 0xEE, 0x90, 0x00, 0x00, 0x00, 0x00, 0x00, 0x00, 0x00,
    0x00, 0x00, 0x12, 0x12, 0x21, 0x21, 0x00, 0x00, 0x00, 0x00, 0x00, 0x00, 0x00, 0x00, 0x00, 0x00, 0x00, 0x00, 0x00, 0x00, 0x00, 0x00, 0x00, 0x00,
    0x00, 0x00, 0x00, 0x00, 0x00, 0x00, 0x00, 0x00, 0x00, 0x00, 0x00, 0x00, 0x00, 0x00, 0x00, 0x00, 0x00, 0x00, 0x00, 0x00, 0x00, 0x00, 0x00, 0x00,
    0x00, 0x00, 0x00, 0x00, 0x00, 0x00, 0x00, 0x00, 0x00, 0x00, 0x00, 0x00, 0x00, 0x00, 0x00, 0x00, 0x00, 0x00, 0x00, 0x00, 0x00, 0x00, 0x00, 0x00,
    0x00, 0x00, 0x00, 0x00, 0x00, 0x00, 0x00, 0x00, 0x00, 0x00, 0x00, 0x00, 0x00, 0x00, 0x00, 0x00, 0x25, 0x89, 0x86, 0x30, 0x00, 0x00, 0x00, 0x00,
    0x00, 0x00, 0x00, 0x00, 0x00, 0x29, 0xEF, 0xFF, 0xFF, 0xFB, 0x40, 0x00, 0x00, 0x00, 0x00, 0x00, 0x00, 0x00, 0x05, 0xEF, 0xFE, 0xCB, 0xBD, 0xFF,
    0xF8, 0x00, 0x00, 0x00, 0x00, 0x00, 0x00, 0x00, 0x5F, 0xFE, 0x72, 0x00, 0x01, 0x5C, 0xFF, 0x90, 0x00, 0x00, 0x00, 0x00, 0x00, 0x02, 0xEF, 0xD3,
    0x00, 0x00, 0x00, 0x01, 0xAF, 0xF6, 0x00, 0x00, 0x00, 0x00, 0x00, 0x0A, 0xFE, 0x20, 0x00, 0x00, 0x00, 0x00, 0x0B, 0xFE, 0x10, 0x00, 0x00, 0x00,
    0x00, 0x2E, 0xF7, 0x00, 0x00, 0x00, 0x00, 0x00, 0x03, 0xEF, 0x60, 0x00, 0x00, 0x00, 0x00, 0x6F, 0xE1, 0x00, 0x00, 0x00, 0x00, 0x00, 0x00, 0xAF,
    0xA0, 0x00, 0x00, 0x00, 0x00, 0x9F, 0xB0, 0x00, 0x00, 0x00, 0x00, 0x00, 0x00, 0x7F, 0xD0, 0x00, 0x00, 0x00, 0x00, 0xAF, 0xA0, 0x00, 0x00, 0x00,
    0x00, 0x00, 0x00, 0x5F, 0xE1, 0x00, 0x00, 0x00, 0x00, 0x9F, 0xA0, 0x00, 0x00, 0x00, 0x00, 0x00, 0x00, 0x6F, 0xD1, 0x00, 0x00, 0x00, 0x00, 0x7F,
    0xD0, 0x00, 0x00, 0x00, 0x00, 0x00, 0x00, 0x8F, 0xC0, 0x00, 0x00, 0x00, 0x00, 0x4F, 0xF4, 0x00, 0x00, 0x00, 0x00, 0x00, 0x00, 0xDF, 0x80, 0x00,
    0x00, 0x00, 0x00, 0x0C, 0xFC, 0x00, 0x00, 0x00, 0x00, 0x00, 0x07, 0xFF, 0x30, 0x00, 0x00, 0x00, 0x00, 0x05, 0xFF, 0x90, 0x00, 0x00, 0x00, 0x00,
    0x5F, 0xF9, 0x00, 0x00, 0x00, 0x00, 0x00, 0x00, 0x9F, 0xFA, 0x20, 0x00, 0x00, 0x17, 0xFF, 0xF4, 0x00, 0x00, 0x00, 0x00, 0x00, 0x00, 0x0A, 0xFF,
    0xEA, 0x64, 0x58, 0xDF, 0xFF, 0xFD, 0x30, 0x00, 0x00, 0x00, 0x00, 0x00, 0x00, 0x7E, 0xFF, 0xFF, 0xFF, 0xFF, 0xA5, 0xEF, 0xE3, 0x00, 0x00, 0x00,
    0x00, 0x00, 0x00, 0x02, 0x7B, 0xDE, 0xEC, 0x94, 0x00, 0x4E, 0xFE, 0x30, 0x00, 0x00, 0x00, 0x00, 0x00, 0x00, 0x00, 0x11, 0x10, 0x00, 0x00, 0x04,
    0xEF, 0xE3, 0x00, 0x00, 0x00, 0x00, 0x00, 0x00, 0x00, 0x00, 0x00, 0x00, 0x00, 0x00, 0x4E, 0xFE, 0x30, 0x00, 0x00, 0x00, 0x00, 0x00, 0x00, 0x00,
    0x00, 0x00, 0x00, 0x00, 0x04, 0xEF, 0xD3, 0x00, 0x00, 0x00, 0x00, 0x00, 0x00, 0x00, 0x00, 0x00, 0x00, 0x00, 0x00, 0x4E, 0xFA, 0x00, 0x00, 0x00,
    0x00, 0x00, 0x00, 0x00, 0x00, 0x00, 0x00, 0x00, 0x00, 0x03, 0xA4, 0x00, 0x00, 0x00, 0x00, 0x00, 0x00, 0x00, 0x00, 0x00, 0x00, 0x00, 0x00, 0x00,
    0x00, 0x00, 0x00, 0x00, 0x00, 0x00, 0x00, 0x00, 0x00, 0x00, 0x00, 0x00, 0x00, 0x00, 0x00, 0x00, 0x00, 0x00, 0x00, 0x00, 0x00, 0x00, 0x00, 0x00,
    0x00, 0x00, 0x00, 0x00, 0x00, 0x00, 0x00, 0x00, 0x00, 0x00, 0x00, 0x00, 0x00, 0x00, 0x00, 0x00, 0x00, 0x00, 0x00, 0x00, 0x00, 0x00, 0x00, 0x00,
    0x00, 0x00, 0x00, 0x00, 0x00, 0x00, 0x00, 0x00, 0x00, 0x00, 0x00, 0x00, 0x00, 0x00, 0x00, 0x00, 0x00, 0x00, 0x00, 0x00, 0x00, 0x00, 0x00, 0x00,
    0x00, 0x00, 0x00, 0x00, 0x00, 0x00, 0x75, 0x00, 0x00, 0x00, 0x00, 0x00, 0x00, 0x00, 0x00, 0x00, 0x00, 0x00, 0x00, 0x0A, 0xFE, 0x10, 0x00, 0x00,
    0x00, 0x00, 0x00, 0x00, 0x00, 0x00, 0x00, 0x00, 0x00, 0xAF, 0xF8, 0x00, 0x00, 0x00, 0x00, 0x00, 0x00, 0x00, 0x00, 0x00, 0x00, 0x00, 0x0A, 0xFF,
    0x80, 0x00, 0x00, 0x00, 0x00, 0x00, 0x00, 0x00, 0x00, 0x00, 0x00, 0x00, 0xAF, 0xF8, 0x00, 0x00, 0x00, 0x00, 0x00, 0x00, 0x00, 0x00, 0x00, 0x00,
    0x00, 0x0A, 0xFF, 0x80, 0x00, 0x00, 0x00, 0x00, 0x00, 0x00, 0x00, 0x00, 0x00, 0x00, 0x00, 0xAF, 0xF7, 0x00, 0x00, 0x00, 0x00, 0x00, 0x00, 0x00,
    0x00, 0x00, 0x00, 0x00, 0x1A, 0xFF, 0xE8, 0x99, 0x99, 0x99, 0x99, 0x99, 0x99, 0x71, 0x00, 0x00, 0x00, 0x00, 0x4F, 0xFF, 0xFF, 0xFF, 0xFF, 0xFF,
    0xFF, 0xFF, 0xFF, 0xF4, 0x00, 0x00, 0x00, 0x00, 0x1C, 0xFF, 0xEA, 0xBB, 0xBB, 0xBB, 0xBB, 0xBB, 0xBB, 0x91, 0x00, 0x00, 0x00, 0x00, 0x01, 0xCF,
    0xE6, 0x00, 0x00, 0x00, 0x00, 0x00, 0x00, 0x00, 0x00, 0x00, 0x00, 0x00, 0x00, 0x1C, 0xFF, 0x60, 0x00, 0x00, 0x00, 0x00, 0x00, 0x00, 0x00, 0x00,
    0x00, 0x00, 0x00, 0x01, 0xCF, 0xF6, 0x00, 0x00, 0x00, 0x00, 0x00, 0x00, 0x00, 0x00, 0x00, 0x00, 0x00, 0x00, 0x1C, 0xFF, 0x60, 0x00, 0x00, 0x00,
    0x00, 0x00, 0x00, 0x00, 0x00, 0x00, 0x00, 0x00, 0x01, 0xCF, 0xF6, 0x00, 0x00, 0x00, 0x00, 0x00, 0x00, 0x00, 0x00, 0x00, 0x00, 0x00, 0x00, 0x1C,
    0xFE, 0x00, 0x00, 0x00, 0x00, 0x00, 0x00, 0x00, 0x00, 0x00, 0x00, 0x00, 0x00, 0x01, 0x97, 0x00, 0x00, 0x00, 0x00, 0x00, 0x00, 0x00, 0x00, 0x00,
    0x00, 0x00, 0x00, 0x00, 0x00, 0x00, 0x00, 0x00, 0x00, 0x00, 0x00, 0x00, 0x00, 0x00, 0x00, 0x00, 0x00, 0x00, 0x00, 0x00, 0x00, 0x00, 0x00, 0x00,
    0x00, 0x00, 0x00, 0x00, 0x00, 0x00, 0x00, 0x00, 0x00, 0x00, 0x00, 0x00, 0x00, 0x00, 0x00, 0x00, 0x00, 0x00, 0x00, 0x00, 0x00, 0x00, 0x00, 0x00,
    0x00, 0x00, 0x00, 0x00, 0x00, 0x00, 0x00, 0x00, 0x00, 0x00, 0x00, 0x00, 0x00, 0x00, 0x00, 0x00, 0x00, 0x00, 0x00, 0x00, 0x00, 0x00, 0x00, 0x00,
    0x00, 0x00, 0x00, 0x00, 0x00, 0x00, 0x00, 0x00, 0x00, 0x00, 0x00, 0x00, 0x00, 0x00, 0x00, 0x00, 0x00, 0x00, 0x00, 0x00, 0x00, 0x00, 0x00, 0x00,
    0x00, 0x00, 0x00, 0x00, 0x00, 0x00, 0x00, 0x00, 0x00, 0x00, 0x00, 0x00, 0x00, 0x00, 0x00, 0x00, 0x00, 0x00, 0x00, 0x00, 0x00, 0x00, 0x00, 0x00,
    0x00, 0x00, 0x00, 0x00, 0x00, 0x00, 0x00, 0x00, 0x00, 0x00, 0x00, 0x00, 0x00, 0x00, 0x00, 0x00, 0x00, 0x00, 0x00, 0x00, 0x31, 0x00, 0x00, 0x00,
    0x00, 0x00, 0x00, 0x00, 0x00, 0x00, 0x00, 0x00, 0x00, 0x06, 0xFB, 0x00, 0x00, 0x00, 0x00, 0x00, 0x00, 0x00, 0x00, 0x00, 0x00, 0x00, 0x00, 0x05,
    0xE9, 0x00, 0x00, 0x00, 0x00, 0x00, 0x00, 0x00, 0x00, 0x00, 0x00, 0x00, 0x00, 0x00, 0x10, 0x00, 0x00, 0x00, 0x00, 0x00, 0x00, 0x00, 0x00, 0x00,
    0x00, 0x00, 0x00, 0x00, 0x00, 0x00, 0x00, 0x00, 0x00, 0x00, 0x00, 0x00, 0x00, 0x00, 0x00, 0x00, 0x00, 0x01, 0x84, 0x00, 0x00, 0x00, 0x00, 0x00,
    0x00, 0x00, 0x00, 0x00, 0x00, 0x00, 0x00, 0x07, 0xFC, 0x00, 0x00, 0x00, 0x00, 0x00, 0x00, 0x00, 0x00, 0x00, 0x00, 0x00, 0x00, 0x02, 0xA5, 0x00,
    0x00, 0x00, 0x00, 0x00, 0x00, 0x00, 0x00, 0x00, 0x00, 0x00, 0x00, 0x00, 0x00, 0x00, 0x00, 0x00, 0x00, 0x00, 0x00, 0x00, 0x00, 0x00, 0x00, 0x00,
    0x00, 0x00, 0x00, 0x00, 0x00, 0x00, 0x00, 0x00, 0x00, 0x00, 0x00, 0x00, 0x00, 0x00, 0x00, 0x03, 0xD8, 0x00, 0x00, 0x00, 0x00, 0x00, 0x00, 0x00,
    0x00, 0x00, 0x00, 0x00, 0x00, 0x06, 0xFB, 0x00, 0x00, 0x00, 0x00, 0x00, 0x00, 0x1A, 0x80, 0x00, 0x00, 0x00, 0x00, 0x00, 0x52, 0x00, 0x00, 0x00,
    0x00, 0x00, 0x00, 0x5F, 0xF9, 0x00, 0x00, 0x00, 0x00, 0x00, 0x00, 0x00, 0x00, 0x00, 0x00, 0x00, 0x00, 0x09, 0xFF, 0x90, 0x00, 0x00, 0x00, 0x00,
    0x44, 0x44, 0x44, 0x44, 0x44, 0x44, 0x44, 0x44, 0xDF, 0xF9, 0x00, 0x00, 0x00, 0x06, 0xFF, 0xFF, 0xFF, 0xFF, 0xFF, 0xFF, 0xFF, 0xFF, 0xFF, 0xFF,
    0x60, 0x00, 0x00, 0x05, 0xEE, 0xEE, 0xEE, 0xEE, 0xEE, 0xEE, 0xEE, 0xEE, 0xEF, 0xFF, 0x50, 0x00, 0x00, 0x00, 0x12, 0x12, 0x22, 0x22, 0x22, 0x22,
    0x12, 0x13, 0xDF, 0xF6, 0x00, 0x00, 0x00, 0x00, 0x00, 0x00, 0x00, 0x00, 0x00, 0x00, 0x00, 0x1C, 0xFF, 0x60, 0x00, 0x00, 0x00, 0x00, 0x00, 0x00,
    0x00, 0x00, 0x00, 0x00, 0x00, 0x4F, 0xF6, 0x00, 0x00, 0x00, 0x00, 0x00, 0x00, 0x00, 0x00, 0x00, 0x00, 0x00, 0x00, 0x07, 0x50, 0x00, 0x00, 0x00,
    0x00, 0x00, 0x00, 0x00, 0x00, 0x00, 0x00, 0x00, 0x00, 0x00, 0x00, 0x00, 0x00, 0x00, 0x00, 0x00, 0x00, 0x00, 0x00, 0x00, 0x00, 0x00, 0x00, 0x00,
    0x00, 0x00, 0x00, 0x00, 0x00, 0x00, 0x00, 0x00, 0x00, 0x00, 0x00, 0x00, 0x00, 0x00, 0x00, 0x00, 0x00, 0x00, 0x00, 0x00, 0x00, 0x00, 0x00, 0x00,
    0x00, 0x00, 0x00, 0x00, 0x00, 0x00, 0x00, 0x00, 0x00, 0x00, 0x00, 0x00, 0x00, 0x00, 0x00, 0x00, 0x00, 0x00, 0x00, 0x00, 0x00, 0x00, 0x00, 0x00,
    0x00, 0x00, 0x00, 0x00, 0x00, 0x00, 0x00, 0x00, 0x00, 0x00, 0x00, 0x00, 0x00, 0x00, 0x00, 0x00, 0x00, 0x00, 0x00, 0x00, 0x00, 0x00, 0x00, 0x00,
    0x00, 0x00, 0x00, 0x00, 0x00, 0x1A, 0xB3, 0x00, 0x00, 0x00, 0x00, 0x00, 0x00, 0x00, 0x00, 0x00, 0x00, 0x00, 0x01, 0xBF, 0xFE, 0x30, 0x00, 0x00,
    0x00, 0x00, 0x00, 0x00, 0x00, 0x00, 0x00, 0x00, 0x1B, 0xFF, 0xFF, 0xE3, 0x00, 0x00, 0x00, 0x00, 0x00, 0x00, 0x00, 0x00, 0x00, 0x01, 0xBF, 0xFF,
    0xFF, 0xFE, 0x30, 0x00, 0x00, 0x00, 0x00, 0x00, 0x00, 0x00, 0x00, 0x07, 0xFF, 0x8D, 0xF8, 0xDF, 0xC0, 0x00, 0x00, 0x00, 0x00, 0x00, 0x00, 0x00,
    0x00, 0x03, 0xB6, 0x0E, 0xF4, 0x3B, 0x60, 0x00, 0x00, 0x00, 0x00, 0x00, 0x00, 0x00, 0x00, 0x00, 0x00, 0x1E, 0xF5, 0x00, 0x00, 0x00, 0x00, 0x00,
    0x00, 0x00, 0x00, 0x00, 0x00, 0x00, 0x00, 0x1E, 0xF5, 0x00, 0x00, 0x00, 0x00, 0x00, 0x00, 0x00, 0x00, 0x00, 0x00, 0x00, 0x00, 0x1E, 0xF5, 0x00,
    0x00, 0x00, 0x00, 0x00, 0x00, 0x00, 0x00, 0x00, 0x00, 0x00, 0x00, 0x1E, 0xF5, 0x00, 0x00, 0x00, 0x00, 0x00, 0x00, 0x00, 0x00, 0x00, 0x00, 0x00,
    0x00, 0x1E, 0xF5, 0x00, 0x00, 0x00, 0x00, 0x00, 0x00, 0x00, 0x00, 0x00, 0x00, 0x00, 0x00, 0x1E, 0xF5, 0x00, 0x00, 0x00, 0x00, 0x00, 0x00, 0x00,
    0x00, 0x00, 0x00, 0x00, 0x00, 0x1E, 0xF5, 0x00, 0x00, 0x00, 0x00, 0x00, 0x00, 0x00, 0x00, 0x00, 0x00, 0x00, 0x00, 0x1E, 0xF5, 0x00, 0x00, 0x00,
    0x00, 0x00, 0x00, 0x00, 0x00, 0x00, 0x00, 0x00, 0x00, 0x1E, 0xF5, 0x00, 0x00, 0x00, 0x00, 0x00, 0x00, 0x00, 0x00, 0x00, 0x00, 0x00, 0x00, 0x1E,
    0xF5, 0x00, 0x00, 0x00, 0x00, 0x00, 0x00, 0x00, 0x00, 0x00, 0x00, 0x00, 0x00, 0x1E, 0xF5, 0x00, 0x00, 0x00, 0x00, 0x00, 0x00, 0x00, 0x00, 0x00,
    0x00, 0x00, 0x00, 0x1E, 0xF5, 0x00, 0x00, 0x00, 0x00, 0x00, 0x00, 0x00, 0x00, 0x00, 0x00, 0x00, 0x00, 0x1E, 0xF5, 0x00, 0x32, 0x00, 0x04, 0x00,
    0x02, 0x30, 0x00, 0x00, 0x00, 0x00, 0x00, 0x1E, 0xF5, 0x04, 0xFD, 0x10, 0x8F, 0x80, 0x1D, 0xF4, 0x00, 0x00, 0x00, 0x00, 0x00, 0x0A, 0xD2, 0x03,
    0xEA, 0x00, 0x7E, 0x60, 0x1B, 0xD3, 0x00, 0x00, 0x00, 0x00, 0x00, 0x00, 0x00, 0x00, 0x10, 0x00, 0x01, 0x00, 0x00, 0x10, 0x00, 0x00, 0x00, 0x00,
    0x00, 0x00, 0x00, 0x00, 0x00, 0x00, 0x00, 0x00, 0x00, 0x00, 0x00, 0x00, 0x00, 0x00, 0x00, 0x00, 0x00, 0x00, 0x00, 0x00, 0x00, 0x00, 0x00, 0x00,
    0x00, 0x00, 0x00, 0x00, 0x00, 0x00, 0x00, 0x00, 0x00, 0x00, 0x00, 0x00, 0x00, 0x00, 0x00, 0x00, 0x00, 0x00, 0x00, 0x00, 0x00, 0x00, 0x00, 0x00,
    0x00, 0x00, 0x00, 0x00, 0x00, 0x00, 0x00, 0x00, 0x00, 0x00, 0x00, 0x00, 0x00, 0x00, 0x00, 0x00, 0x00, 0x00, 0x00, 0x00, 0x00, 0x00, 0x00, 0x00,
    0x00, 0x00, 0x00, 0x00, 0x00, 0x00, 0x00, 0x00, 0x00, 0x00, 0x00, 0x00, 0x06, 0xAB, 0xBA, 0x20, 0x00, 0x00, 0x02, 0xAB, 0xBA, 0x60, 0x00, 0x00,
    0x00, 0x00, 0xAF, 0xFF, 0xFF, 0x70, 0x00, 0x00, 0x07, 0xFF, 0xFF, 0xFA, 0x00, 0x00, 0x00, 0x04, 0xFF, 0xA8, 0x87, 0x10, 0x00, 0x00, 0x01, 0x78,
    0x8A, 0xFF, 0x40, 0x00, 0x00, 0x07, 0xFC, 0x00, 0x00, 0x00, 0x00, 0x00, 0x00, 0x00, 0x00, 0xCF, 0x80, 0x00, 0x00, 0x08, 0xFB, 0x00, 0x00, 0x00,
    0x00, 0x00, 0x00, 0x00, 0x00, 0xBF, 0x80, 0x00, 0x00, 0x08, 0xFC, 0x00, 0x00, 0x00, 0x00, 0x00, 0x00, 0x00, 0x00, 0xCF, 0x80, 0x00, 0x00, 0x06,
    0xF9, 0x00, 0x00, 0x00, 0x00, 0x00, 0x00, 0x00, 0x00, 0x9F, 0x50, 0x00, 0x00, 0x00, 0x31, 0x00, 0x00, 0x00, 0x00, 0x00, 0x00, 0x00, 0x00, 0x13,
    0x00, 0x00, 0x00, 0x00, 0x00, 0x00, 0x00, 0x00, 0x17, 0x71, 0x00, 0x00, 0x00, 0x00, 0x00, 0x00, 0x00, 0x00, 0x00, 0x00, 0x00, 0x01, 0xCF, 0xFD,
    0x10, 0x00, 0x00, 0x00, 0x00, 0x00, 0x00, 0x00, 0x00, 0x00, 0x00, 0x05, 0xFF, 0xFF, 0x50, 0x00, 0x00, 0x00, 0x00, 0x00, 0x00, 0x00, 0x00, 0x00,
    0x00, 0x03, 0xFF, 0xFF, 0x30, 0x00, 0x00, 0x00, 0x00, 0x00, 0x00, 0x00, 0x00, 0x00, 0x00, 0x00, 0x8E, 0xE8, 0x00, 0x00, 0x00, 0x00, 0x00, 0x00,
    0x00, 0x00, 0x00, 0x00, 0x00, 0x00, 0x02, 0x20, 0x00, 0x00, 0x00, 0x00, 0x00, 0x00, 0x00, 0x02, 0xA4, 0x00, 0x00, 0x00, 0x00, 0x00, 0x00, 0x00,
    0x00, 0x4A, 0x20, 0x00, 0x00, 0x08, 0xFC, 0x00, 0x00, 0x00, 0x00, 0x00, 0x00, 0x00, 0x00, 0xCF, 0x80, 0x00, 0x00, 0x08, 0xFB, 0x00, 0x00, 0x00,
    0x00, 0x00, 0x00, 0x00, 0x00, 0xBF, 0x80, 0x00, 0x00, 0x08, 0xFB, 0x00, 0x00, 0x00, 0x00, 0x00, 0x00, 0x00, 0x00, 0xBF, 0x80, 0x00, 0x00, 0x06,
    0xFE, 0x41, 0x11, 0x00, 0x00, 0x00, 0x00, 0x11, 0x14, 0xEF, 0x60, 0x00, 0x00, 0x02, 0xEF, 0xFE, 0xEE, 0x40, 0x00, 0x00, 0x04, 0xDE, 0xEF, 0xFE,
    0x20, 0x00, 0x00, 0x00, 0x4D, 0xFF, 0xFF, 0x60, 0x00, 0x00, 0x06, 0xFF, 0xFF, 0xD4, 0x00, 0x00, 0x00, 0x00, 0x01, 0x44, 0x54, 0x00, 0x00, 0x00,
    0x00, 0x45, 0x44, 0x10, 0x00, 0x00, 0x00, 0x00, 0x00, 0x00, 0x00, 0x00, 0x00, 0x00, 0x00, 0x00, 0x00, 0x00, 0x00, 0x00, 0x00, 0x00, 0x00, 0x00,
    0x00, 0x00, 0x00, 0x00, 0x00, 0x00, 0x00, 0x00, 0x00, 0x00, 0x00, 0x00, 0x00, 0x00, 0x00, 0x00, 0x00, 0x00, 0x00, 0x00, 0x00, 0x00, 0x00, 0x00,
    0x00, 0x00, 0x00, 0x00, 0x00, 0x00, 0x00, 0x00, 0x00, 0x00, 0x00, 0x00, 0x00, 0x00, 0x00, 0x00, 0x00, 0x00, 0x00, 0x00, 0x00, 0x00, 0x00, 0x00,
    0x00, 0x00, 0x00, 0x00, 0x00, 0x00, 0x00, 0x00, 0x00, 0x00, 0x6B, 0xB7, 0x00, 0x00, 0x00, 0x00, 0x00, 0x00, 0x00, 0x00, 0x00, 0x00, 0x00, 0x07,
    0xFF, 0xFF, 0x90, 0x00, 0x00, 0x00, 0x00, 0x00, 0x00, 0x00, 0x00, 0x15, 0x51, 0x1E, 0xFB, 0xAF, 0xF3, 0x15, 0x51, 0x00, 0x00, 0x00, 0x00, 0x00,
    0x03, 0xDF, 0xFD, 0xDF, 0xF2, 0x0E, 0xFD, 0xDF, 0xFD, 0x40, 0x00, 0x00, 0x00, 0x00, 0x0C, 0xFF, 0xEF, 0xFF, 0x70, 0x06, 0xFF, 0xFF, 0xEF, 0xD1,
    0x00, 0x00, 0x00, 0x00, 0x2F, 0xF6, 0x27, 0x84, 0x00, 0x00, 0x38, 0x83, 0x4F, 0xF4, 0x00, 0x00, 0x00, 0x00, 0x2E, 0xF6, 0x00, 0x00, 0x00, 0x00,
    0x00, 0x00, 0x5F, 0xF3, 0x00, 0x00, 0x00, 0x00, 0x09, 0xFB, 0x00, 0x03, 0x9C, 0xC9, 0x30, 0x10, 0xAF, 0xB0, 0x00, 0x00, 0x00, 0x00, 0x3B, 0xFB,
    0x00, 0x4E, 0xFF, 0xFF, 0xE4, 0x00, 0x9F, 0xC4, 0x00, 0x00, 0x00, 0x08, 0xFF, 0xF5, 0x02, 0xEF, 0xE8, 0x8E, 0xFE, 0x20, 0x4F, 0xFF, 0xA0, 0x00,
    0x00, 0x5F, 0xFE, 0x70, 0x07, 0xFE, 0x20, 0x03, 0xEF, 0x70, 0x06, 0xDF, 0xF6, 0x00, 0x00, 0x9F, 0xC0, 0x00, 0x09, 0xFA, 0x00, 0x00, 0xAF, 0xA0,
    0x00, 0x0A, 0xFB, 0x00, 0x00, 0x8F, 0xD5, 0x00, 0x09, 0xFC, 0x00, 0x00, 0xBF, 0x90, 0x00, 0x4C, 0xFA, 0x00, 0x00, 0x2E, 0xFF, 0xB1, 0x05, 0xFF,
    0x71, 0x17, 0xFF, 0x50, 0x0A, 0xFF, 0xF4, 0x00, 0x00, 0x04, 0xBF, 0xF8, 0x00, 0xBF, 0xFD, 0xDF, 0xFB, 0x00, 0x6F, 0xFC, 0x50, 0x00, 0x00, 0x00,
    0x09, 0xFC, 0x00, 0x1A, 0xFF, 0xFF, 0xB1, 0x00, 0xAF, 0xB0, 0x00, 0x00, 0x00, 0x00, 0x0B, 0xFA, 0x00, 0x00, 0x36, 0x64, 0x00, 0x00, 0x8F, 0xD1,
    0x00, 0x00, 0x00, 0x00, 0x2F, 0xF4, 0x00, 0x00, 0x00, 0x00, 0x00, 0x00, 0x2F, 0xF4, 0x00, 0x00, 0x00, 0x00, 0x1E, 0xF9, 0x7C, 0xC9, 0x10, 0x01,
    0x8C, 0xC7, 0x8F, 0xF3, 0x00, 0x00, 0x00, 0x00, 0x09, 0xFF, 0xFF, 0xFF, 0xB0, 0x09, 0xFF, 0xFF, 0xFF, 0xB0, 0x00, 0x00, 0x00, 0x00, 0x00, 0x8D,
    0xE9, 0x9F, 0xF4, 0x2F, 0xFA, 0x8D, 0xD9, 0x10, 0x00, 0x00, 0x00, 0x00, 0x00, 0x01, 0x10, 0x0D, 0xFE, 0xDF, 0xE1, 0x01, 0x10, 0x00, 0x00, 0x00,
    0x00, 0x00, 0x00, 0x00, 0x00, 0x04, 0xEF, 0xFF, 0x60, 0x00, 0x00, 0x00, 0x00, 0x00, 0x00, 0x00, 0x00, 0x00, 0x00, 0x00, 0x26, 0x73, 0x00, 0x00,
    0x00, 0x00, 0x00, 0x00, 0x00, 0x00, 0x00, 0x00, 0x00, 0x00, 0x00, 0x00, 0x00, 0x00, 0x00, 0x00, 0x00, 0x00, 0x00, 0x00, 0x00, 0x00, 0x00, 0x00,
    0x00, 0x00, 0x00, 0x00, 0x00, 0x00, 0x00, 0x00, 0x00, 0x00, 0x00, 0x00, 0x00, 0x00, 0x00, 0x00, 0x00, 0x00, 0x00, 0x00, 0x00, 0x00, 0x00, 0x00,
    0x00, 0x00, 0x00, 0x00, 0x00, 0x00, 0x00, 0x00, 0x00, 0x00, 0x00, 0x00, 0x00, 0x00, 0x00, 0x00, 0x00, 0x06, 0x89, 0x99, 0x99, 0x99, 0x73, 0x00,
    0x00, 0x00, 0x00, 0x00, 0x00, 0x00, 0x01, 0xCF, 0xFF, 0xFF, 0xFF, 0xFF, 0xFF, 0x50, 0x00, 0x00, 0x00, 0x00, 0x00, 0x00, 0x1C, 0xFF, 0xCB, 0xBB,
    0xBB, 0xBB, 0xDF, 0xE1, 0x00, 0x00, 0x00, 0x00, 0x00, 0x01, 0xCF, 0xF6, 0x00, 0x01, 0x00, 0x10, 0x3E, 0xF4, 0x00, 0x00, 0x00, 0x00, 0x00, 0x1C,
    0xFF, 0x60, 0x00, 0xBE, 0x24, 0xE8, 0x0E, 0xF5, 0x00, 0x00, 0x00, 0x00, 0x01, 0xCF, 0xF6, 0x2D, 0x70, 0xEF, 0x47, 0xFC, 0x1E, 0xF5, 0x00, 0x00,
    0x00, 0x00, 0x0B, 0xFF, 0x60, 0x8F, 0xC1, 0xEF, 0x46, 0xFB, 0x1E, 0xF5, 0x00, 0x00, 0x00, 0x00, 0x3F, 0xF6, 0x00, 0x7F, 0xB0, 0xEF, 0x36, 0xFB,
    0x0E, 0xF5, 0x00, 0x00, 0x00, 0x00, 0x5F, 0xE1, 0x00, 0x17, 0x30, 0x57, 0x01, 0x83, 0x0E, 0xF5, 0x00, 0x00, 0x00, 0x00, 0x5F, 0xE1, 0x00, 0x00,
    0x00, 0x00, 0x00, 0x00, 0x1E, 0xF5, 0x00, 0x00, 0x00, 0x00, 0x5F, 0xE1, 0x00, 0x00, 0x00, 0x00, 0x00, 0x00, 0x1E, 0xF5, 0x00, 0x00, 0x00, 0x00,
    0x5F, 0xE1, 0x00, 0x00, 0x00, 0x00, 0x00, 0x00, 0x1E, 0xF5, 0x00, 0x00, 0x00, 0x00, 0x5F, 0xE1, 0x00, 0x00, 0x00, 0x00, 0x00, 0x00, 0x1E, 0xF5,
    0x00, 0x00, 0x00, 0x00, 0x5F, 0xE1, 0x00, 0x00, 0x00, 0x00, 0x00, 0x00, 0x1E, 0xF5, 0x00, 0x00, 0x00, 0x00, 0x5F, 0xE1, 0x00, 0x00, 0x00, 0x00,
    0x00, 0x00, 0x1E, 0xF5, 0x00, 0x00, 0x00, 0x00, 0x5F, 0xE1, 0x00, 0x00, 0x00, 0x00, 0x00, 0x00, 0x1E, 0xF5, 0x00, 0x00, 0x00, 0x00, 0x5F, 0xE1,
    0x00, 0x00, 0x00, 0x00, 0x00, 0x00, 0x1E, 0xF5, 0x00, 0x00, 0x00, 0x00, 0x5F, 0xE1, 0x00, 0x00, 0x00, 0x00, 0x00, 0x00, 0x1E, 0xF5, 0x00, 0x00,
    0x00, 0x00, 0x5F, 0xE1, 0x00, 0x00, 0x00, 0x00, 0x00, 0x00, 0x1E, 0xF5, 0x00, 0x00, 0x00, 0x00, 0x5F, 0xE1, 0x00, 0x00, 0x00, 0x00, 0x00, 0x00,
    0x1E, 0xF5, 0x00, 0x00, 0x00, 0x00, 0x5F, 0xE2, 0x00, 0x00, 0x00, 0x00, 0x00, 0x00, 0x2E, 0xF5, 0x00, 0x00, 0x00, 0x00, 0x2F, 0xFC, 0x99, 0x99,
    0x99, 0x99, 0x99, 0x99, 0xCF, 0xF2, 0x00, 0x00, 0x00, 0x00, 0x07, 0xFF, 0xFF, 0xFF, 0xFF, 0xFF, 0xFF, 0xFF, 0xFF, 0x70, 0x00, 0x00, 0x00, 0x00,
    0x00, 0x5A, 0xBB, 0xBB, 0xBB, 0xBB, 0xBB, 0xBB, 0xA5, 0x00, 0x00, 0x00, 0x00, 0x00, 0x00, 0x00, 0x00, 0x00, 0x00, 0x00, 0x00, 0x00, 0x00, 0x00,
    0x00, 0x00, 0x00, 0x00, 0x00, 0x00, 0x00, 0x00, 0x00, 0x00, 0x00, 0x00, 0x00, 0x00, 0x00, 0x00, 0x00, 0x00, 0x00, 0x00, 0x00, 0x00, 0x00, 0x00,
    0x00, 0x00, 0x00, 0x00, 0x00, 0x00, 0x00, 0x00, 0x00, 0x00, 0x00, 0x22, 0x00, 0x00, 0x00, 0x00, 0x00, 0x00, 0x00, 0x00, 0x00, 0x00, 0x00, 0x00,
    0x1A, 0xFF, 0xB2, 0x00, 0x00, 0x00, 0x00, 0x00, 0x00, 0x00, 0x00, 0x00, 0x00, 0x00, 0x8F, 0xFF, 0xFB, 0x00, 0x00, 0x00, 0x00, 0x00, 0x00, 0x00,
    0x00, 0x00, 0x00, 0x00, 0xCF, 0x97, 0xFE, 0x10, 0x00, 0x00, 0x00, 0x00, 0x00, 0x00, 0x00, 0x00, 0x00, 0x00, 0xCF, 0x63, 0xFE, 0x20, 0x00, 0x00,
    0x00, 0x00, 0x00, 0x00, 0x00, 0x00, 0x00, 0x00, 0xCF, 0x73, 0xFE, 0x00, 0x00, 0x00, 0x00, 0x00, 0x00, 0x00, 0x00, 0x00, 0x00, 0x00, 0xCF, 0x63,
    0xFE, 0x63, 0x00, 0x00, 0x00, 0x00, 0x00, 0x00, 0x00, 0x00, 0x00, 0x00, 0xCF, 0x63, 0xFF, 0xFF, 0x92, 0x30, 0x00, 0x00, 0x00, 0x00, 0x00, 0x00,
    0x00, 0x00, 0xCF, 0x63, 0xFF, 0xEF, 0xFF, 0xFB, 0x21, 0x00, 0x00, 0x00, 0x00, 0x00, 0x00, 0x00, 0xCF, 0x63, 0xFE, 0x3C, 0xFF, 0xFF, 0xEE, 0xC5,
    0x00, 0x00, 0x00, 0x00, 0x7C, 0xC8, 0xCF, 0x73, 0xFE, 0x1B, 0xF9, 0x7F, 0xFF, 0xFF, 0x30, 0x00, 0x00, 0x08, 0xFF, 0xFF, 0xFF, 0x73, 0xFE, 0x1B,
    0xF6, 0x3F, 0xE7, 0xDF, 0x70, 0x00, 0x00, 0x1E, 0xFA, 0x9F, 0xFF, 0x73, 0xFF, 0x1B, 0xF7, 0x3F, 0xE0, 0xBF, 0x80, 0x00, 0x00, 0x1E, 0xF6, 0x07,
    0xFF, 0x80, 0x86, 0x04, 0x91, 0x08, 0x60, 0xCF, 0x80, 0x00, 0x00, 0x0A, 0xFE, 0x10, 0x6B, 0x30, 0x00, 0x00, 0x00, 0x00, 0x00, 0xBF, 0x80, 0x00,
    0x00, 0x02, 0xEF, 0x80, 0x00, 0x00, 0x00, 0x00, 0x00, 0x00, 0x00, 0xBF, 0x80, 0x00, 0x00, 0x00, 0x8F, 0xE2, 0x00, 0x00, 0x00, 0x00, 0x00, 0x00,
    0x00, 0xBF, 0x80, 0x00, 0x00, 0x00, 0x1E, 0xFA, 0x00, 0x00, 0x00, 0x00, 0x00, 0x00, 0x00, 0xCF, 0x70, 0x00, 0x00, 0x00, 0x06, 0xFF, 0x40, 0x00,
    0x00, 0x00, 0x00, 0x00, 0x01, 0xEF, 0x60, 0x00, 0x00, 0x00, 0x00, 0xCF, 0xC0, 0x00, 0x00, 0x00, 0x00, 0x00, 0x05, 0xFF, 0x30, 0x00, 0x00, 0x00,
    0x00, 0x4F, 0xF7, 0x00, 0x00, 0x00, 0x00, 0x00, 0x1D, 0xFB, 0x00, 0x00, 0x00, 0x00, 0x00, 0x0A, 0xFF, 0x60, 0x00, 0x00, 0x00, 0x01, 0xBF, 0xF4,
    0x00, 0x00, 0x00, 0x00, 0x00, 0x01, 0xCF, 0xFB, 0x52, 0x11, 0x13, 0x7D, 0xFF, 0x70, 0x00, 0x00, 0x00, 0x00, 0x00, 0x00, 0x1B, 0xFF, 0xFE, 0xEE,
    0xEF, 0xFF, 0xF7, 0x00, 0x00, 0x00, 0x00, 0x00, 0x00, 0x00, 0x00, 0x6C, 0xFF, 0xFF, 0xFF, 0xEA, 0x30, 0x00, 0x00, 0x00, 0x00, 0x00, 0x00, 0x00,
    0x00, 0x00, 0x24, 0x55, 0x43, 0x10, 0x00, 0x00, 0x00, 0x00, 0x00, 0x00, 0x00, 0x00, 0x00, 0x00, 0x00, 0x00, 0x00, 0x00, 0x00, 0x00, 0x00, 0x00,
    0x00, 0x00, 0x00, 0x00, 0x00, 0x00, 0x00, 0x00, 0x00, 0x00, 0x00, 0x00, 0x00, 0x00, 0x00, 0x00, 0x00, 0x00, 0x00, 0x00, 0x00, 0x00, 0x00, 0x00,
    0x00, 0x00, 0x00, 0x00, 0x00, 0x00, 0x00, 0x00, 0x00, 0x00, 0x00, 0x00, 0x02, 0x95, 0x00, 0x00, 0x00, 0x00, 0x00, 0x00, 0x00, 0x00, 0x00, 0x00,
    0x00, 0x00, 0x07, 0xFF, 0x50, 0x00, 0x00, 0x00, 0x00, 0x00, 0x00, 0x00, 0x00, 0x00, 0x00, 0x00, 0x02, 0xCF, 0xF6, 0x00, 0x00, 0x00, 0x00, 0x00,
    0x00, 0x00, 0x00, 0x00, 0x00, 0x00, 0x00, 0x1C, 0xFF, 0x60, 0x00, 0x00, 0x00, 0x00, 0x00, 0x00, 0x00, 0x01, 0x11, 0x11, 0x11, 0x13, 0xDF, 0xF6,
    0x00, 0x00, 0x00, 0x00, 0x00, 0x00, 0x00, 0x4D, 0xEE, 0xEE, 0xEE, 0xEE, 0xEF, 0xFF, 0x40, 0x00, 0x00, 0x00, 0x00, 0x00, 0x00, 0x6F, 0xFF, 0xFF,
    0xFF, 0xFF, 0xFF, 0xFF, 0x60, 0x00, 0x00, 0x00, 0x00, 0x00, 0x00, 0x04, 0x54, 0x44, 0x45, 0x54, 0xDF, 0xF9, 0x00, 0x00, 0x00, 0x00, 0x00, 0x00,
    0x00, 0x00, 0x00, 0x00, 0x00, 0x09, 0xFF, 0x90, 0x00, 0x00, 0x00, 0x00, 0x00, 0x00, 0x00, 0x00, 0x00, 0x00, 0x01, 0xAF, 0xF9, 0x00, 0x00, 0x00,
    0x00, 0x00, 0x00, 0x00, 0x00, 0x00, 0x00, 0x00, 0x06, 0xFF, 0x90, 0x00, 0x00, 0x00, 0x00, 0x00, 0x00, 0x00, 0x00, 0x00, 0x00, 0x00, 0x04, 0xD9,
    0x00, 0x00, 0x00, 0x00, 0x00, 0x00, 0x00, 0x00, 0x8D, 0x40, 0x00, 0x00, 0x00, 0x00, 0x00, 0x00, 0x00, 0x00, 0x00, 0x00, 0x00, 0x09, 0xFF, 0x60,
    0x00, 0x00, 0x00, 0x00, 0x00, 0x00, 0x00, 0x00, 0x00, 0x00, 0x00, 0x9F, 0xFA, 0x10, 0x00, 0x00, 0x00, 0x00, 0x00, 0x00, 0x00, 0x00, 0x00, 0x00,
    0x09, 0xFF, 0x90, 0x00, 0x00, 0x00, 0x00, 0x00, 0x00, 0x00, 0x00, 0x00, 0x00, 0x00, 0x9F, 0xFD, 0x44, 0x44, 0x44, 0x43, 0x00, 0x00, 0x00, 0x00,
    0x00, 0x00, 0x00, 0x06, 0xFF, 0xFF, 0xFF, 0xFF, 0xFF, 0xFF, 0x40, 0x00, 0x00, 0x00, 0x00, 0x00, 0x00, 0x05, 0xFF, 0xFE, 0xEE, 0xEE, 0xEE, 0xED,
    0x30, 0x00, 0x00, 0x00, 0x00, 0x00, 0x00, 0x00, 0x6F, 0xFD, 0x31, 0x21, 0x21, 0x21, 0x00, 0x00, 0x00, 0x00, 0x00, 0x00, 0x00, 0x00, 0x06, 0xFF,
    0xC1, 0x00, 0x00, 0x00, 0x00, 0x00, 0x00, 0x00, 0x00, 0x00, 0x00, 0x00, 0x00, 0x6F, 0xFC, 0x20, 0x00, 0x00, 0x00, 0x00, 0x00, 0x00, 0x00, 0x00,
    0x00, 0x00, 0x00, 0x06, 0xFF, 0x70, 0x00, 0x00, 0x00, 0x00, 0x00, 0x00, 0x00, 0x00, 0x00, 0x00, 0x00, 0x00, 0x5A, 0x20, 0x00, 0x00, 0x00, 0x00,
    0x00, 0x00, 0x00, 0x00, 0x00, 0x00, 0x00, 0x00, 0x00, 0x00, 0x00, 0x00, 0x00, 0x00, 0x00, 0x00, 0x00, 0x00, 0x00, 0x00, 0x00, 0x00, 0x00, 0x00,
    0x00, 0x00, 0x00, 0x00, 0x00, 0x00, 0x00, 0x00,
};

static const aa_glyph_t aa_icon_l_glyphs[] = {
    { 28, 0 }, // 'm'
    { 28, 392 }, // 'h'
    { 28, 784 }, // 'u'
    { 28, 1176 }, // 'x'
    { 28, 1568 }, // 'z'
    { 28, 1960 }, // 'p'
    { 28, 2352 }, // 'r'
    { 28, 2744 }, // 'f'
    { 28, 3136 }, // 'd'
    { 28, 3528 }, // 'c'
    { 28, 3920 }, // 'a'
    { 28, 4312 }, // 's'
    { 28, 4704 }, // 'w'
    { 28, 5096 }, // 'o'
    { 28, 5488 }, // 't'
    { 28, 5880 }, // 'q'
    { 28, 6272 }, // 'k'
    { 28, 6664 }, // 'b'
    { 28, 7056 }, // 'i'
    { 28, 7448 }, // 'j'
    { 28, 7840 }, // 'l'
    { 28, 8232 }, // 'g'
    { 28, 8624 }, // 'e'
    { 28, 9016 }, // 'n'
    { 28, 9408 }, // 'v'
};

static const aa_font_t aa_icon_l = { 28, 28, "mhuxzprfdcaswotqkbijlgenv", aa_icon_l_glyphs, aa_icon_l_data };

